name,alias,part,age,infection,insurance,department,checklist,symptom,complication,treatment,drug,period,rate,money
阳痿,"勃起功能障碍,勃起机能障碍,勃起无力,阳萎,勃起不足",阴茎,成年男性,无传染性,非医保疾病,男科 生殖健康,外生殖器检查 前列腺B超 阴茎超声检查 泌乳素分泌抑制试验 泌乳素兴奋试验 [详细],心理性性功能障碍 男子性功能障碍 雄激素过少 精冷不育 脉涩或结 [详细],,药物治疗、心理治疗 [详细],枸橼酸西地那非... 枸橼酸西地那非... 他达拉非片 [详细],1-2个月,85%(一般经过有效治疗后可以缓解症状),
乙肝,乙型肝炎,肝,所有人群，主要见于青少年，绝大多数为10~30岁,有传染性,非医保疾病,传染科 肝病,乙肝病毒学指标 凝血酶原时间 乙肝两对半 血清白蛋白与球蛋白比值 血清HBsAg免疫复合物 血清前S1蛋白 血清前S2蛋白 血清抗前S2蛋白 血清免疫球蛋白M 血清乙肝表面抗体 [详细],转氨酶增高 肝肿大 乙肝表面抗原（HBsAg）阳性 乙肝e抗原（HBeAg）阳性 肝功能异常 [详细],肝性脑病 肝硬化 腹膜炎 消化道出血 肺炎 [详细],药物治疗、饮食疗法 [详细],恩替卡韦分散片 碧云砂乙肝颗粒 注射用盐酸精氨... [详细],3-6月,0.00%,市三甲医院约（3000 —— 8000元）;
癫痫,羊癫疯，羊角风,颅脑,所有人群,无传染性,医保疾病,神经内科,贝美格诱发试验 头颅平片 MRI 脑电图 脑血流灌注断层显像 [详细],四肢抽搐 反复高热 惊厥 昏睡 一过性昏厥 [详细],肾衰 急性早幼粒细胞白血病 抑郁症 [详细],药物治疗 [详细],普瑞巴林胶囊 奥卡西平片 左乙拉西坦片 [详细],>120天(需要终身治疗),暂无相关资料,市三甲医院约（3000 —— 8000元）
月经不调,月经失调,卵巢 子宫,女性，压力过大型，怕冷型，虚弱型，贫血型,无传染性,非医保疾病,妇科,盆腔和阴道B超 宫颈癌筛查 妇科B超 宫腔镜 宫颈活检 [详细],月经量多 月经稀少 月经失调 子宫出血 小腹冷痛 [详细],痛经 经前期综合征 多囊卵巢综合征 黄褐斑 粉刺 [详细],药物治疗 [详细],定坤丹 加味益母草膏 艾附暖宫丸 [详细],1-2个月,69%,市三甲医院约（2000 —— 5000元）
颈椎病,颈椎退行性变，颈椎骨质增生,脊柱,"中、老年人 ,40岁以上",无传染性,医保疾病,骨科 神经内科,颈部活动度 椎间孔挤压试验 颈项强直 臂丛牵拉试验 [详细],上肢麻痹 肩背痛 颈椎痛 头颈部活动受限 颈部僵硬 [详细],食管压迫型颈椎病 椎动脉型颈椎病 脊髓型颈椎病 神经根型颈椎病 颈型颈椎病 [详细],药物治疗、理疗、手术治疗、中医针灸治疗 [详细],消痛贴膏 颈腰康胶囊 颈复康颗粒 [详细],3-6个月,50%,
腰肌劳损,,腰部,长期保持坐姿者，中老年人,无传染性,医保疾病,外伤科 骨科,腰背部检查 脊柱压痛与叩击痛 拾物试验 腰背痛体格检查 [详细],腰酸 弯腰时腰痛 劳累时腰部酸痛或胀痛 腰酸背痛 产育过多后腰痛 [详细],筋膜炎 椎管狭窄症 [详细],药物治疗、物理治疗、手术治疗 [详细],腰痛宁胶囊 腰息痛胶囊 消痛贴膏 [详细],4周,80%,市三甲医院约（1000 —— 3000元）
尿路感染,"尿感,泌尿道感染",阴茎 尿道,"育龄女性及绝经后妇女,糖尿病及高龄，免疫缺陷",无传染性,医保疾病,泌尿外科,肾脏B超 放射性核素肾图 逆行肾盂造影 泌尿系统CT 尿路平片 [详细],复杂性尿路感染 肾脓肿 反复不愈的尿道感染 尿液混浊 真性菌尿 [详细],肾盂肾炎 肾炎 肾周围炎 尿路梗阻 血尿 [详细],药物治疗 [详细],盐酸左氧氟沙星... 盐酸头孢他美酯... 注射用盐酸左氧... [详细],2周,90%,市三甲医院约（500-1000元）
股骨头坏死,骨蚀、股骨头无菌性坏死、股骨头缺血性坏死,大腿 下肢骨,中老年人,无传染性,医保疾病,骨科 中西医结合科,四肢的骨和关节平片 骨与关节MRI 4字试验 骨关节及软组织CT [详细],髋关节痛 间歇性跛行 大腿刺痛 大腿肌肉萎缩 [详细],骨关节炎 瘫痪 [详细],西医治疗、中医治疗、手术治疗 [详细],通络生骨胶囊 硫酸氨基葡萄糖... 活血健骨片 [详细],30-100天,20%,据不同医院，收费标准不一致，市三甲医院约（5000 —— 8000元）
精神分裂症,,心理,青壮年，自卑者，工作压力大，抑郁的人大部分都会,无传染性,医保疾病,精神病科,正电子发射计算机断层扫描 颅脑MRI SPECT显像 脑代谢显像 脑蛋白质代谢显像 [详细],幻觉 思维破裂 思维紊乱 精神运动性兴奋 色情行为 [详细],心脏病 心力衰竭 [详细],药物治疗 [详细],盐酸三氟拉嗪 盐酸氟奋乃静片 卡马西平片 [详细],30天,10%,市三甲医院约（10000-50000元）
早孕反应,"妊娠剧吐,妊娠反应， 惡阻",全身,妊娠早期孕妇,无传染性,非医保疾病,产科,尿酮体试验 尿酮体 产科B超 尿HCG 早孕试纸 [详细],恶心与呕吐 尿频 食欲异常 尿妊娠试验阳性 早孕反应重 [详细],食管穿孔 [详细],药物治疗 [详细],叶酸片 嗣育保胎丸 胎宝胶囊 [详细],7-14天,95%,
食道癌,"食管癌,膈症,噎膈",食管,中老年人群,无传染性,医保疾病,肿瘤科 消化内科,胃部检查 上消化道功能测定和显像 色素内镜检查 血清肿瘤特异性生长因子 多药耐药基因 [详细],梗噎 进食困难 吞咽困难 吞咽障碍 消瘦 [详细],黄疸 吸入性肺炎 肥大性骨关节病 食管穿孔 [详细],手术治疗、放化疗 [详细],云芝糖肽胶囊 复方天仙胶囊 去甲斑蝥素片 [详细],1-3个月,3%,
麦粒肿,"针眼,眼睑炎，睑腺炎",眼,青年人,无传染性,医保疾病,眼科 中医科,,眼屎多 眼睑脓肿 睑结膜充血露出黄色脓块 眼睛发红 眼痛 [详细],,药物治疗、手术治疗 [详细],复方磺胺甲噁唑... 头孢克洛干混悬... 熊胆黄芩滴眼液 [详细],3-7天,98%,
鼻咽癌,石上疽,鼻,中年人群,无传染性,医保疾病,肿瘤科 耳鼻喉科,颅底片 全身显像 鼻咽部MRI 正电子发射计算机断层扫描 血清EB病毒抗体 [详细],耳内闭塞感 鼻内似有擤不出的鼻涕 张口呼吸 咽部异物感 鼻咽腔狭窄 [详细],,放射治疗、手术治疗 [详细],平消胶囊 鼻咽灵片 转移因子口服溶... [详细],1-3个月,10%,
急性胰腺炎,胰腺炎，胰瘅,胰腺,"所有人群，发生于妊娠的任何时期,以妊娠晚期及产褥期较多。",无传染性,医保疾病,消化内科 肝胆外科,血清淀粉酶同工酶 血清脂肪酶 血清抗胰腺腺泡抗体 血清胰癌胚抗原 血清胰腺特异性抗原 [详细],胰源性腹痛 突发性右上腹绞痛 恶心与呕吐 急腹症 上腹部压痛 [详细],,药物治疗、手术治疗 [详细],清胰利胆颗粒 醋酸奥曲肽注射... 醋酸奥曲肽注射... [详细],,80%,
胆囊炎,,胆,肥胖且多次妊娠的妇女,无传染性,医保疾病,肝胆外科 消化内科,胆道镜 胆囊胆道B超 肝脏及胆囊叩诊 肝、胆、脾CT 血清异枸橼酸脱氢酶 [详细],右上腹压痛 恶心 发烧 腹肌紧张 右上腹痛 [详细],老年人胆囊炎 妊娠合并急性胆囊炎 急性胆囊炎 小儿急性胆囊炎 慢性胆囊炎 [详细],药物治疗、手术治疗 [详细],盐酸左氧氟沙星... 盐酸米诺环素胶... 盐酸左氧氟沙星... [详细],14--30天,90%,
地中海贫血,"地贫,海洋性贫血,珠蛋白生成障碍性贫血",血液血管,所有人群，婴幼儿,无传染性,医保疾病,血液科 儿科,Hb-F碱变性试验 骨髓象分析 异常红细胞形态 红细胞检查 红细胞渗透脆性试验 [详细],气血不足 脾肿大 头晕 皮肤呈浅黄或深金黄色 重度贫血 [详细],肝硬化 贫血 肝炎 积聚 溶血 [详细],药物治疗 [详细],鱼鳞病片 参一胶囊 康逆胶囊 [详细],1---3个月,30--60%,
子宫内膜癌,"子宫体癌,子宫癌",子宫,围绝经期和绝经后女性,无传染性,医保疾病,肿瘤科 妇科,生殖系统肿瘤检查项目 子宫颈涂片测试 子宫内膜活检 子宫输卵管造影 p53基因 [详细],阴道出血 阴道分泌物增多 下腹疼痛 下腹胀痛 下腹部包块 [详细],子宫肌瘤 多囊卵巢综合征 功血 [详细],药物治疗、手术治疗 [详细],金鸡颗粒 金鸡片 金鸡胶囊 [详细],1-3个月,40%,
动脉硬化,动脉粥样硬化,血液血管,青少年时期发生，中老年时期加重、发病,无传染性,医保疾病,心血管内科 心胸外科,大生化检查 血流变学检查 动脉听诊 动脉血气分析 PaO2 [详细],头痛 心音异常 胸痛 头晕 动脉呈多处伸长扭曲状 [详细],高血压 心绞痛 猝死 神经衰弱 [详细],药物治疗 [详细],活血通脉片 复方氨基丁酸维... 长春胺缓释胶囊 [详细],3个月,70%,市三甲医院约（3000 —— 5000元）
扁平疣,瘊子,皮肤,儿童青少年，亦常见于成人。,有传染性,医保疾病,皮肤科 中医科,,皮肤瘙痒 丘疹 [详细],,药物治疗、手术治疗 [详细],转移因子胶囊 十三味菥蓂丸 五妙水仙膏 [详细],28--42天,98%,市三甲医院约（300 —— 500元）;
神经衰弱,神经衰弱症，神劳,全身,16到40岁，脑力劳动者多见,无传染性,医保疾病,神经内科 心理咨询,心电图 脑电图 肌电图 脑多普勒超声 [详细],易激惹 易疲乏 保持睡眠障碍性失眠 头痛 神经官能症 [详细],月经不调 便秘 植物神经紊乱 阳痿 拉肚子 [详细],药物治疗、情绪疗法 [详细],天麻素胶囊 泻肝安神丸 益脑胶囊 [详细],120天,20%(一般在正规综合三甲医院的典型病例治愈,市三甲医院约（1000 —— 3000元）
尿道炎,尿道炎症,尿道,所有人群，多见于女性,无传染性,医保疾病,肾内科 泌尿外科,阴道毛滴虫检查 眼标本的细菌学检查 尿道口检查 尿道分泌物检查 尿常规 [详细],尿道烧灼感 尿道痒感 白色黏液状尿 尿道刺痒 尿道口有白膜形成 [详细],盆腔炎 前列腺炎 附睾炎 膀胱炎 尿道狭窄 [详细],药物治疗 [详细],复方石韦颗粒 磷霉素氨丁三醇... 解毒通淋丸 [详细],15-30天,95%,市三甲医院约200--500元
性欲亢进,"性欲过盛,性欲过旺",全身,中年，青年较多发,无传染性,非医保疾病,生殖健康 心理咨询,颅脑CT 性激素六项 [详细],迷走神经兴奋 阴茎异常勃起 性上瘾 [详细],前列腺炎 [详细],心理治疗、药物治疗 [详细],抑亢丸 甲亢灵胶囊 甲亢灵颗粒 [详细],1-2个月,70-80%,
哮喘,支气管哮喘,肺,所有人群,无传染性,医保疾病,呼吸内科 中医科,动脉血气分析 肺功能 PaO2 皮肤划痕试验 皮内试验 [详细],鼻煽 喉鸣声 干咳 呼吸困难 喘息 [详细],肺气肿 气胸 猝死 肺水肿 消化道出血 [详细],药物治疗 [详细],盐酸氨溴索片 胆茶碱片 曲尼司特胶囊 [详细],15天(国内最认可的有效治疗手段的该病治疗,80%(当今的治疗手段可使接近80%的哮喘患者,市三甲医院约（5000-10000元）
尿毒症,,肾,中老年人群,无传染性,医保疾病,肾内科,氨基酸 阴离子隙 尿常规 血液生化六项 放射性核素肾图 [详细],少尿 肾衰竭 食欲下降 双肾弥漫性病变 双下肢可凹陷性水肿 [详细],肺水肿 贫血 高血压 糖尿病 高钾血症 [详细],保守疗法、血液透析、腹膜透析、肾移植 [详细],复方α-酮酸片 吗替麦考酚酯胶... 他克莫司胶囊 [详细],6个月,10%(治疗后80%可以好转),市三甲医院约（50000-100000元）
流产,小产,子宫,孕龄女性，怀孕准妈妈,无传染性,医保疾病,产科,阴道细胞学检查 盆腔和阴道B超 阴道镜 阴道分泌物涂片 缩宫素激惹试验 [详细],先兆流产 妊娠时伴有腹痛的阴道流血 自发性流产 难免流产或不可避免流产 习惯性流产 [详细],失血性休克 休克 腹膜炎 败血症 盆腔结缔组织炎 [详细],手术治疗 [详细],孕康颗粒 注射用绒促性素 维生素E软胶囊 [详细],7-30天,80%,
低血压,血压过低,血液血管,所有人群，经常从事较大运动量的人群如体育运动员、重体力劳动者，而体型瘦长的年轻妇,无传染性,医保疾病,心血管内科,动态血压监测(ABPM) 血压测量 心电图 动态心电图 心脏血管超声检查 [详细],头晕 无力 疲乏 心前区隐痛 蹲下起来后眼前发黑 [详细],眩晕 心绞痛 尿道癌 人流后妇科病 女性尿道癌 [详细],西医药物治疗、中医治疗治疗 [详细],注射用左卡尼汀 注射用左卡尼汀 注射用左卡尼汀 [详细],5-20天,90%,市三甲医院约（1000 —— 2000元
不孕症,"不孕不育,不孕,女性不孕",女性生殖,成年人群，孕龄女性,无传染性,医保疾病,生殖健康 妇科,促黄体生成素 自身免疫抗体检测 不孕不育的免疫学检查 不孕不育检查 宫颈粘液相合试验 [详细],月经失调 阴道不规则出血 阴道分泌物增多 月经量多 月经稀少 [详细],子宫肌瘤 阴道横隔 急性子宫内膜炎 乳腺增生 早泄 [详细],对症治疗、中医中药治疗、试管培养 [详细],地屈孕酮片 天紫红女金胶囊 散结镇痛胶囊 [详细],2-3月,一般经过特殊治疗后，95%能够治愈,
肾虚,,肾,中老年人群尤其是40岁以上的人群，性生活多的男性,无传染性,非医保疾病,肾内科 中医科,肾功能 尿常规 [详细],尿频 性欲减退 腰酸背痛 腰酸 月经失调 [详细],肾虚眩晕 肾虚腰痛 肾虚耳鸣 肾精亏虚 [详细],药物治疗 [详细],肾宝片 四子填精胶囊 蓉蛾益肾口服液 [详细],10-30天,80%,市三甲医院约（1000 —— 3000元）
婴幼儿腹泻,初生儿腹泻,胃 胃,婴幼儿,无传染性,非医保疾病,儿科 消化内科,便常规 胰腺外分泌功能试验 纤维结肠镜 呼气试验 粪便淀粉颗粒 [详细],粪便量多 发烧 失水 黄绿稀溏 电解质紊乱 [详细],急性心力衰竭 心肌炎 肾衰 贫血 鹅口疮 [详细],营养不良、多种维生素缺乏、鹅口疮 [详细],肠炎宁片 止痢宁片 复方小檗碱鞣酸... [详细],,100%,
青光眼,绿风内障,眼,所有人群,无传染性,医保疾病,眼科,瞳孔检查 前房的一般检查 眼压计测量法 视野检查 眼球突出度 [详细],高眼压 眼压突然迅速升高 眼胀 眼痛 视力障碍 [详细],慢性闭角型青光眼 便秘 急性闭角型青光眼 拉肚子 呕吐 [详细],西医药物治疗、西医手术治疗、中医治疗 [详细],硝酸毛果芸香碱... 拉坦前列素滴眼... 马来酸噻吗洛尔... [详细],1-3年,60%,市三甲医院约500--5000元
肠梗阻,,肠,所有人群,无传染性,医保疾病,消化内科 胃肠外科,胃肠道疾病的超声检查 腹部透视 腹部平片 粪便性状 一般摄片检查 [详细],肚子疼 恶心与呕吐 排便障碍 停止排气 胃肠气胀 [详细],呕吐 [详细],药物治疗、手术治疗 [详细],甘油 麻仁软胶囊 麻仁润肠丸 [详细],7-10天,85%,
肺气肿,"阻塞性肺气肿,终末细支气管远端部分慢性支气管炎,慢阻肺",肺,中老年人,无传染性,医保疾病,呼吸内科 心胸外科,支气管镜 胸廓检查 肺通气量 胸部疾病体征检查 胸部平片 [详细],咳嗽 肺源性呼吸困难 呼气时两颊鼓起和缩唇 肺过度充气 紫绀 [详细],慢性肺源性心脏病 阻塞性肺气肿 胃溃疡 肺动脉高压 自发性气胸 [详细],西医治疗、中医治疗 [详细],祛痰止咳颗粒 十五味龙胆花丸 补金片 [详细],>120天,0.50%,
睾丸炎,附睾-睾丸炎,睾丸,男性，青壮年男性具多,无传染性,医保疾病,男科,雌酮 阴囊超声检查 男性生殖系X线检查 解脲脲原体 [详细],睾丸胀痛 阴茎和阴囊水肿 睾丸疼痛 提睾反射减弱或消失 睾丸触痛 [详细],血尿 [详细],药物治疗 [详细],卡铂注射液 头孢泊肟酯片 盐酸米诺环素胶... [详细],7天,99.40%,
强直性脊柱炎,类风湿性脊柱炎，畸形性脊柱炎，类风湿中心型，龟背,脊柱 免疫系统,10～40岁，平均发病年龄为25岁，男性较女性多见,无传染性,非医保疾病,风湿科 中医科,脊柱检查 骨关节及软组织CT 血清类风湿因子 血液生化六项 腰背部检查 [详细],晨僵 持续性疼痛 骶髂关节疼痛 关节疼痛 腰脊椎疼痛 [详细],房室传导阻滞 心肌炎 主动脉瓣关闭不全 前列腺炎 脊髓压迫症 [详细],药物治疗 [详细],萘普生片 萘普生片 萘普生片 [详细],>120天(大部分需要终身治疗),20%(控制症状治疗为主，手术为辅。),市三甲医院约（3000 —— 8000元）
龟头炎,"龟头黏膜炎,阴茎头炎",阴茎,青壮年,无传染性,医保疾病,男科 泌尿外科,浆细胞 真菌检查 皮损 [详细],尿道口有红斑和水肿 龟头瘙痒 阴茎表浅性溃疡 阴茎和阴囊水肿 阴茎龟头橡皮肿 [详细],前列腺炎 老年男性性功能障碍 睾丸炎 [详细],药物治疗（请阅读龟头炎的药物治疗） [详细],磷霉素氨丁三醇... 醋酸氟轻松搽剂 一次性载液抗菌... [详细],10天,90%,
结肠癌,,肠,多见于中老年人，30～69岁占绝大多数，男性多于女性。,无传染性,医保疾病,肿瘤科 胃肠外科,血清CA199 肿瘤筛查 细菌的鉴定 血清组织多肽抗原 胃肠道CT [详细],便秘伴剧烈腹痛 癌细胞逆行播散 便血 排便感 便血且血与粪便混合 [详细],直肠癌 贫血 肠梗阻 肠癌 [详细],手术治疗、放化疗 [详细],复方氟尿嘧啶口... 去氧氟尿苷胶囊 氯氧喹 [详细],1-3个月,30-50%,
性冷淡,性欲减退,女性生殖 男性生殖,成年人、女性多见,无传染性,非医保疾病,生殖健康,性激素六项 [详细],性欲减退 抑郁 易性别癖 快感缺乏 阴道干涩 [详细],,心理治疗 药物治疗 [详细],龟鹿补肾丸 补肾斑龙片 生力雄丸 [详细],2-4周,85%,
阴道炎,,阴道,育龄期女性,无传染性,医保疾病,妇科,阴道妇科常规检查 阴道分泌物涂片 阴道触诊 阴道清洁度 药敏试验 [详细],排尿时外阴灼热、瘙痒或疼痛 白带增多 尿急 尿痛 性交疼痛 [详细],,局部用药、全身用药、男女双方同时治疗 [详细],保妇康栓 消糜栓 制霉素阴道栓 [详细],7-10天,90%,
流感,流行性感冒,鼻 咽喉,所有人群，儿童,有传染性,医保疾病,传染科 呼吸内科,血凝抑制试验 [详细],怕冷 头痛 浑身酸痛 咽喉疼痛 发烧 [详细],便秘 黄疸 鼻窦炎 细菌性肺炎 胸腔积液 [详细],药物治疗 [详细],金感胶囊 复方感冒灵颗粒 玉叶解毒颗粒 [详细],治疗周期14天,治愈率96%,市三甲医院约（500-1000元）;
肝囊肿,单纯性肝囊肿,肝,中年女性,无传染性,医保疾病,肝病 肝胆外科,肝脏超声检查 磁共振血管造影 肝、胆、脾CT 血清白蛋白与球蛋白比值 肝、胆、胰、脾MRI [详细],腹部肿块 囊肿样改变 肚子疼 肝肿大 脉氧合不足 [详细],暂无相关资料,手术治疗 [详细],甘草甜素片 拉米夫定片 硒酵母片 [详细],1-3个月,80%(外科手术治疗),市三甲医院约（3000-5000元）
鹅口疮,念白菌病，雪口病，新生儿鹅口疮,口,婴幼儿 ，刚出生的小宝宝,无传染性,医保疾病,儿科 口腔科,口腔内窥镜 吞噬白色念珠菌功能试验 扫描电子显微镜 皮肤涂片显微镜检查 涂片 [详细],口腔难愈的白色片状物 口腔粘膜上白色较硬的隆起斑块 口腔念珠菌感染 口角生疮 口腔痛 [详细],脱水 脑膜炎 [详细],药物治疗 [详细],度米芬含片 氟康唑片 一清胶囊 [详细],7天,99%,
大肠癌,大肠恶性肿瘤,肠,中老年人群,无传染性,非医保疾病,肿瘤科 胃肠外科,蛋白质类肿瘤标志物 血清癌胚抗原 p53基因 血红蛋白浓度 MRI [详细],腹部肿块 肚子疼 便血 大便变细形似铅笔 排便障碍 [详细],贫血 坐骨神经痛 [详细],药物治疗、手术治疗 [详细],消癌平片 消癌平糖浆 注射用唑来膦酸 [详细],3-6个月,20%,
非淋菌性尿道炎,非淋,尿道,成年人,有传染性,非医保疾病,妇科 泌尿外科,外生殖器检查 淋球菌免疫学检测 尿道口检查 尿道分泌物检查 白带常规 [详细],尿急 尿痛 尿道刺痒 小便淋漓 尿道口疼 [详细],盆腔炎 前列腺炎 睾丸炎 输卵管炎 宫外孕 [详细],药物治疗 [详细],复方石韦颗粒 解毒通淋丸 甲苯磺酸妥舒沙... [详细],2-4周,95%,
淋巴癌,恶性淋巴瘤,淋巴,所有人群,无传染性,非医保疾病,肿瘤科 血液科,血液生化六项 皮肤试验 尿常规 肿瘤前哨淋巴结显像 细胞免疫检查 [详细],淋巴结肿大 体重减轻 发烧 肝肿大 淋巴道转移 [详细],吸收不良综合征 淋巴瘤 瘙痒症 痒疹 拉肚子 [详细],药物治疗、手术治疗、放化疗 [详细],注射用盐酸吡柔... 注射用环磷酰胺 卡莫司汀注射液 [详细],1-3年,10%(系统治疗后患者5年生存率达到80%),
甲沟炎,,手部 足部,除了儿童，其他的人群，男性多于女性,无传染性,医保疾病,皮肤科 中医科,,脓肿 手指尖痛或触痛 发烧 脓疱 指（趾）甲颜色改变 [详细],,药物治疗、手术治疗 [详细],曲安奈德益康唑... 达克宁乳膏 20m... 复方硝酸咪康唑... [详细],20天,80%,
乳房纤维瘤,"乳房瘤,纤维瘤",乳房,乳房肿块、经前乳房胀痛不适，.常见于20～25岁青年妇女,无传染性,医保疾病,乳腺外科 妇科,乳腺B超 钼靶X线检查 乳腺导管造影 乳房穿刺针活检 [详细],乳房内光滑质韧的球形肿块 巨乳 乳头肥大 女性乳房表浅质硬状如象皮者的皮下结节 囊肿 [详细],乳房纤维腺瘤 [详细],手术治疗 [详细],乳核散结片 散结乳癖膏 乳安片 [详细],3-6周,99%,
乳头内陷,乳头凹陷,乳房,少女，初产妇，哺乳期女性。,无传染性,医保疾病,乳腺外科 妇科,乳房检查 乳房视诊 乳房触诊 [详细],乳晕深部可扪及肿块 乳腺内无痛单发的硬肿块 [详细],急性乳腺炎 [详细],手法牵拉、吸允、药物治疗 [详细],枸橼酸他莫昔芬... 盐酸左氧氟沙星... [详细],5--7天,60%,
红眼病,"急性卡他性结膜炎,火眼,红眼",眼,所有人群,有传染性,医保疾病,眼科 传染科,眼及眶区CT [详细],眼睛发红 睫状充血 泪溢 红眼 目痛 [详细],结膜炎 卡他性结膜炎 [详细],中药治疗、西药治疗 [详细],炎可宁片 盐酸羟苄唑 明目蒺藜丸 [详细],7--10天,90%,市三甲医院约（300—— 600元）;
胰腺癌,胰癌,胰腺,成年女性，哺乳期女性更易得,无传染性,医保疾病,肿瘤科 肝胆外科,抑癌基因Rb 糖脂类肿瘤标志物 肿瘤标志物 血清CA199 肿瘤受体显像 [详细],上腹部疼痛 上腹部肿块及腹胀 横结肠移位 乏力 消瘦 [详细],,手术治疗、放射治疗 [详细],注射用核糖核酸... 注射用核糖核酸... 注射用核糖核酸... [详细],3--6个月,0.30%,
萎缩性胃炎,慢性萎缩性胃炎，胃痞,胃,所有人群,无传染性,医保疾病,消化内科,胃镜 电子胃镜 纤维胃镜 无痛胃镜 五肽胃泌素胃液分析 [详细],上腹不适 上腹部疼痛 食欲不振 腹胀 胃粘膜呈萎缩性改变 [详细],暂无相关资料,药物治疗 [详细],摩罗丹(浓缩丸) 胃灵颗粒 消食十味丸 [详细],1-3个月,60%,市三甲医院约（5000 —— 10000元）
绝经,经闭,卵巢 子宫,女性45－55岁,无传染性,非医保疾病,妇科,雌二醇 血清卵泡刺激素 血清促甲状腺激素 促黄体生成素 血清鳞状上皮细胞癌抗原 [详细],乏力 绝经 尿急 尿频 潮红潮热 [详细],骨折 冠心病 尿道癌 人流后妇科病 女性尿道癌 [详细],手术治疗 [详细],坤宝丸 更年宁 更年安片 [详细],20天,10%,
肛裂,肛门裂,肛门,青壮年，男性比女性多见,无传染性,医保疾病,肛肠外科,肛门指检 大便血液 [详细],排粪时肛门灼痛 便血 肛裂溃疡 肛门剧痛 肛裂三联征 [详细],肛窦炎 葡萄痔 [详细],药物治疗、手术治疗 [详细],马应龙麝香痔疮... 美沙拉秦肠溶片 痔炎消颗粒 [详细],3-6周,98%,
小儿急性支气管炎,小儿外感咳嗽，急性气管支气管炎,肺,儿童人群,无传染性,非医保疾病,儿科 呼吸内科,胸部平片 [详细],支气管分泌物增加 胸痛 疲劳 湿啰音 干咳 [详细],肺炎 喉炎 副鼻窦炎 [详细],药物治疗、支持疗法 [详细],小儿化痰止咳颗... 小儿清热灵 止咳枇杷颗粒 [详细],治疗周期7天,治愈率98.9%,
十二指肠溃疡,,肠,男性发病率明显高于女性，多见于青壮年,无传染性,医保疾病,消化内科 胃肠外科,幽门螺杆菌检测 内镜检查 14C呼气试验 尿素酶试验 碳13尿素呼气试验 [详细],上腹部疼痛 反酸 烧心 溃疡疼痛 嗳气 [详细],消化道出血 肺炎 消化性溃疡 上消化道出血 脱水 [详细],药物治疗、手术治疗 [详细],盐酸雷尼替丁胶... 复方石菖蒲碱式... 盐酸雷尼替丁胶... [详细],10-30天,80-90%,市三甲医院约（3000 —— 5000元）
膀胱炎,,膀胱,中年女性，新婚女性,有传染性,医保疾病,泌尿外科 中医科,尿常规 泌尿系统CT 尿细菌培养 膀胱B超 膀胱造影 [详细],尿频 尿急 尿痛 白细胞尿 脓尿 [详细],肾积水 膀胱输尿管反流 [详细],药物治疗（请阅读膀胱炎的药物治疗） [详细],泌淋清胶囊 复方石韦颗粒 磷霉素氨丁三醇... [详细],7-10天,90%,市三甲医院约（500 —— 1000元）
狂犬病,恐水症,全身,所有人群，大多是儿童,有传染性,医保疾病,传染科,脑脊液检查-化学检查-蛋白质检查 [详细],低烧 三怕(水声、光、风)现象 恐水症 躁狂与昏睡交替 喉头痉挛 [详细],急性心力衰竭 尿崩症 高血压 呼吸性碱中毒 低血压 [详细],药物治疗、对症治疗 [详细],人用狂犬病疫苗... 冻干人用狂犬病... 冻干人用狂犬病... [详细],2-8周,0.01%,市三甲医院约（3000-5000元）;
植物神经紊乱,"植物神经功能失调,植物神经功能紊乱，植物神经功能障碍",周围神经系统,压力较大、生活没有规律的人群多见,无传染性,医保疾病,神经内科 中医科,神经系统检查 脑电图 闭目直立试验 [详细],注意力不集中 梗噎 反应迟钝 极速型心率 焦虑 [详细],神经衰弱 [详细],神经营养药治疗、生活习惯调整 [详细],谷维素片 谷维素片 维生素B1片 [详细],1年,79%,
半月板损伤,,膝部 下肢骨,青壮年运动员,无传染性,医保疾病,骨科 中医科,四肢的骨和关节平片 骨与关节MRI 关节镜 站立位研磨试验 凯洛格-斯皮德试验 [详细],关节响痛 关节疼痛 打软腿 伸膝障碍 关节肿胀 [详细],腘动脉损伤 [详细],药物治疗，关节镜手术 [详细],跌打丸 三七伤药片 活血止痛胶囊 [详细],4-6个月,60%(外科手术治疗),
肾囊肿,"单纯性肾囊肿,孤立性肾囊肿",肾,成年人,无传染性,医保疾病,肾内科 泌尿外科,泌尿系统CT 肾脏CT 肾脏B超 肾脏MRI 尿管型 [详细],腰部包块 腹部不适 上腹部疼痛 腰部钝痛 血尿伴蛋白尿 [详细],高血压 [详细],手术疗法 [详细],应该如何用药？用什么药？ [详细],3个月,70%,
血管瘤,,皮肤 全身,少年，青年，儿童,无传染性,医保疾病,血管外科 肿瘤科,胸部CT 肝、胆、胰、脾MRI [详细],血管痣 血管畸形 红斑样皮疹 红斑结节 腹部肿块 [详细],软骨发育异常 心力衰竭 [详细],西医药物治疗、手术治疗、中医药物治疗、物理治疗 [详细],碘海醇注射液 注射用纤溶酶 五妙水仙膏 [详细],3-6周,95%,市三甲医院约（3000 —— 8000元）
缺铁性贫血,痿黄,血液血管,所有人，妇女多数,无传染性,医保疾病,血液科 中医科,红细胞检查 异常红细胞形态 血清铁蛋白 血清铁 血清转铁蛋白 [详细],面色苍白 食欲减退 红细胞偏低 红细胞分布宽度偏低 剧烈运动后头晕 [详细],暂无相关资料,药物治疗 [详细],驴胶补血颗粒 健脾生血颗粒 重组人红细胞生... [详细],30-60天,95%,市三甲医院约（500-1000元）
牙周病,牙周疾病,口,所有人群,无传染性,医保疾病,口腔科,牙髓电活力 牙髓冷热诊 [详细],牙龈出血 牙龈痛 齿龈炎 牙周袋形成 牙龈溢脓 [详细],口臭 [详细],药物治疗、手术治疗 [详细],丁硼乳膏 维生素C泡腾片 西瓜霜清咽含片 [详细],1-2个月,85%,
风湿性关节炎,关节炎,关节,除了儿童。其他人群的都有可能,无传染性,医保疾病,风湿科 骨科,血清C反应蛋白 血沉方程K值 关节腔液检查 血清补体C1q 红斑狼疮细胞 [详细],关节疼痛 关节肿胀 弯曲不利 腰骶疼痛 臀部酸痛 [详细],暂无相关资料,药物治疗、物理治疗、推拿治疗、手术治疗 [详细],雪山金罗汉止痛... 风湿定胶囊 奥沙普秦分散片 [详细],3-6月,85%,市三甲医院约3000--8000
心脏病,,心脏,所有人群,无传染性,医保疾病,心血管内科 心胸外科,多普勒超声心动图 心脏血管超声检查 心血管MRI 心电图 平衡法放射性核素心血管造影 [详细],心动过速 胸痛 发绀 窒息 心悸 [详细],暂无相关资料,药物治疗 [详细],氧 香丹注射液 盐酸多巴酚丁胺... [详细],1-3个月,30%,市三甲医院约（15000 —— 18000元）
鼻炎,,鼻,所有人群,无传染性,医保疾病,耳鼻喉科,前鼻镜 鼻部检查 鼻腔检查 鼻内激发试验 健康体检 [详细],流鼻涕 鼻塞 嗅觉丧失 头痛 鼻痒 [详细],小儿过敏性鼻炎 慢性鼻炎 常年性鼻炎 血管运动性鼻炎 嗜酸细胞增多性非变态反应性鼻炎 [详细],药物治疗 [详细],鼻炎康片 康乐鼻炎片 千柏鼻炎片 [详细],1--2周(急性鼻炎1-2周，慢性需1-2年),90%(急性鼻炎治愈率90%，慢性鼻炎治愈率20-,市三甲医院约（1000 —— 3000元）
慢性宫颈炎,慢性子宫颈炎,子宫,女性,无传染性,非医保疾病,妇科,阴道活检 白带常规 盆腔和阴道B超 妇科的保健体检 妇科炎症检查 [详细],白带增多 下腹痛 腰骶疼痛 月经失调 女性不孕 [详细],不孕症 阴道炎 [详细],中医药物治疗、物理治疗 [详细],抗宫炎片 妇科千金片 抗妇炎胶囊 [详细],7-10天,>80%,市三甲医院约500-1000元
毛囊炎,疖,皮肤,所有人群，多见于成人,无传染性,医保疾病,皮肤科 中西医结合科,,毛囊性呈鳞片状角化 丘疹 脓疱 毛囊角栓 上半身热刺激性多汗 [详细],,药物治疗 [详细],莫匹罗星软膏 克林霉素甲硝唑... 乙酰麦迪霉素干... [详细],7-10天,63%,
小儿发烧,"小儿高热,小儿发热",全身,婴幼儿,无传染性,非医保疾病,儿科 呼吸内科,肥达氏反应 体温 白细胞数 淋巴细胞数 回归热螺旋体 [详细],低烧 高热 小儿发热 [详细],营养不良 低钠血症 脱水 脑病 心力衰竭 [详细],药物治疗、物理治疗 [详细],感冒清热颗粒 小儿热速清糖浆 小儿肺热平胶囊 [详细],10-15天,85%,
附睾炎,,睾丸,青年及中年男性,无传染性,医保疾病,男科 泌尿外科,阴囊超声检查 血支原体抗体 提睾反射 [详细],睾丸疼痛 附睾肿大发硬 发烧 输精管变粗 男性小腹痛 [详细],,药物治疗 [详细],茴香橘核丸 二十八味槟榔丸 甲苯磺酸妥舒沙... [详细],3-6个月,60%,
慢性胆囊炎,胆囊炎，胆胀,胆,老年人,无传染性,医保疾病,消化内科 肝胆外科,静脉胆道造影 胆道造影 胆囊胆道B超 血清化学检查 胆囊触诊 [详细],恶心与呕吐 上腹不适 胆囊触痛征 胆囊积水 胆囊扣痛 [详细],黄疸 胆囊炎 胆囊癌 发作性睡病 肝胆湿热 [详细],药物治疗、支持疗法 [详细],复方金钱草颗粒 鸡骨草胶囊 熊去氧胆酸片 [详细],5-15天,80%,市三甲医院约（5000 —— 8000元）
口臭,"口气,口腔异味",口,所有人群,无传染性,医保疾病,口腔科,口腔内窥镜 [详细],热痰口臭 胃火口臭 虚热口臭 食积口臭 嗳气时有腐败鸡蛋的气味 [详细],,中医药物治疗 [详细],丁硼乳膏 维生素C泡腾片 西瓜霜清咽含片 [详细],3-6个月,80%,
霉菌性外阴炎,念珠菌外阴炎,外阴,妊娠期妇女、女性糖尿病患者,有传染性,非医保疾病,妇科,子宫颈涂片测试 阴道分泌物涂片 直接涂片检查 外阴部妇科常规检查 阴道病原体 [详细],外阴烧灼刺激感 性交疼痛 外阴皮肤肿胀 尿痛 会阴溃疡 [详细],尿道炎 宫颈炎 [详细],西医药物治疗 [详细],妇科千金片 洁尔阴泡腾片 消糜栓 [详细],2-4周,100%，但可能会反复感染,
猪流感,"甲型H1N1流感,甲流",全身,所有人群,有传染性,医保疾病,传染科 呼吸内科,胸透 血清流感病毒抗体 [详细],发烧 周身不适 咳嗽 咽痛 食欲异常 [详细],肺炎 胸膜炎 支气管炎 气管炎 [详细],药物治疗 [详细],四季抗病毒合剂 甲型H1N1流感病... 甲型H1N1流感病... [详细],1-3周,70%,市三甲医院约（10000 —— 20000元）;
麻疹,小儿麻疹,全身,儿童，少年，成人,有传染性,医保疾病,传染科 儿科,腹部皮肤检查 脱落细胞 血清抗麻疹病毒抗体 植物血凝素试验 淋巴细胞计数 T细胞花环形成试验 淋巴细胞转换试验 FBC玫瑰花试验 结核菌素皮内试验 血凝抑制试验 [详细],发烧 上呼吸道卡他症状 红斑样皮疹 斑丘疹 麻疹面容 [详细],癫痫 百日咳 心肌炎 白喉 肺脓肿 [详细],药物治疗 [详细],盐酸西替利嗪胶... 盐酸赛庚啶片 炉甘石洗剂 [详细],3-6月,80%,市三甲医院约（5000-10000元）;
前列腺癌,,前列腺,中老年男性,无传染性,医保疾病,肿瘤科 泌尿外科,内生殖器检查 泌尿系统CT 前列腺、精囊腺的超声检查 血清肿瘤基因P53抗体 MRI [详细],尿流中断 前列腺硬结 急性尿潴留 血尿伴排尿不畅 尿后滴沥 [详细],,治愈性治疗、姑息性治疗 [详细],氟他胺片 氟他胺胶囊 醋酸甲地孕酮分... [详细],20--30天(一般手术治疗周期一般在20-30天左,50%(这个通过手术治疗，5年生存率在50%左右,
原发性肝癌,肝癌,肝,中老年人群,无传染性,医保疾病,肿瘤科 肝病,血清异常凝血酶原 血清胎儿碱性蛋白 肝显像 蛋白质类肿瘤标志物 脏器声学造影 [详细],肝区痛 乏力 纳差 食欲下降 腹水 [详细],肝性脑病 肝硬化 贫血 胃病 消化道出血 [详细],手术治疗 [详细],消癌平糖浆 注射用核糖核酸... 固元片 [详细],2-4年,5年生存率30%,
焦虑症,焦虑性神经症，焦虑障碍,心理,35岁以前的女性,无传染性,非医保疾病,精神病科 神经内科,暂无相关资料,焦虑 坐立不安 失眠 严重情绪障碍 抑郁 [详细],抑郁症 神经衰弱 睡眠障碍 [详细],药物治疗、心理疗法 [详细],普瑞巴林胶囊 盐酸度洛西汀肠... 阿米替林片 [详细],1个月,70%,市三甲医院约（500-1000元）
肾积水,,肾,所有人群,无传染性,医保疾病,肾内科 泌尿外科,全身骨骼疾病排查 肾功能 尿常规 尿路平片 肾图 [详细],肾盂积水 腹部肿块 少尿 恶心与呕吐 肾部积水现象 [详细],高血压 肾积脓 肾结石 [详细],西医药物治疗、中医药物治疗 [详细],八正合剂 谷丙甘氨酸胶囊 盐酸坦洛新缓释... [详细],7--21天,80%,
神经性皮炎,慢性单纯苔藓,皮肤,所有人群，老人、儿童少见。,无传染性,医保疾病,皮肤科 中医科,皮肤试验 [详细],丘疹 瘙痒 肛周皮肤有湿疹 鳞屑 四肢苔藓样变 [详细],毛囊炎 [详细],药物治疗 [详细],冰黄肤乐软膏 复方醋酸氟轻松... 醋酸曲安奈德乳... [详细],>120天(终身间歇性治疗),暂无相关资料,
脱发,掉头发，秃头，鬼剃头,头部 皮肤,所有人群，大多是中老年人，男性多于女性,无传染性,医保疾病,皮肤科 内分泌科,毛发 毛发矿物质 [详细],永久性秃发 毛发脱落 病理性脱发 肿瘤性脱发 梳头或洗头时头发脱落增加 [详细],,药物治疗 [详细],养血生发胶囊 固肾生发丸 胱氨酸片 [详细],10-30天,60%,
胰腺炎,胰瘅,胰腺,所有人群,无传染性,医保疾病,消化内科 肝胆外科,二氧化碳结合力 腹部MRI 腹部CT 纤维肠镜 胰脏触诊 [详细],肚子疼 上腹部疼痛 上腹及腰背部有“束带感” 右上腹持续性剧痛并向右肩部放射 恶心与呕吐 [详细],暂无相关资料,药物治疗、手术治疗 [详细],清胰利胆颗粒 胰酶肠溶胶囊 盐酸屈他维林注... [详细],,95%,市三甲医院约（3000-5000元）
低血糖,,血液血管 胰腺,糖尿病患者，中老年人,无传染性,非医保疾病,内分泌科,血清胰岛素原 胰高糖素激发试验 胰高血糖素 自我血糖监测 胰岛素低血糖兴奋GH、ACTH试验 [详细],神经质性格 颤抖 眩晕欲扑 心悸 视力障碍 [详细],痴呆 [详细],药物治疗、支持疗法 [详细],黄芪颗粒 当归补血口服液 七叶神安片 [详细],,95%,
小儿肺炎,"小儿急性肺炎,小儿急性支气管肺炎",肺,3岁以内的婴幼儿,无传染性,医保疾病,儿科 呼吸内科,儿童体检 波顿格征 支原体检查 胸部平片 痰液病原体 [详细],小儿发热 小儿咳嗽 痰鸣音 小支气管粘膜水肿 流鼻涕 [详细],气胸 肺气肿 便秘 咯血 金黄色葡萄球菌肺炎 [详细],药物治疗 [详细],蛇胆川贝胶囊 贝羚胶囊 咳喘静糖浆 [详细],2-4周,80%,
急性肠胃炎,急性胃肠炎,胃 肠,所有人群,无传染性,医保疾病,消化内科,便常规 粪细菌培养 胃钡餐造影 胃总酸度 [详细],肠道吸收水分增加 恶心与呕吐 小儿前囟凹陷 发烧 腹泻为水样带黏液恶臭无脓血 [详细],脱水 [详细],药物治疗、支持疗法 [详细],腹可安片 枫蓼肠胃康分散... 枫蓼肠胃康合剂 [详细],治疗周期7天,治愈率99%,
脑出血,脑溢血,颅脑 血液血管,老年人 ，常发生于50～70岁，男性略多,无传染性,医保疾病,脑外科 血管外科,脑血流测定 头颅平片 颅内压监测 颅脑超声检查 脑电图 [详细],言语功能的部分丧失 血压高 桥脑出血 脑干出血 中度昏迷 [详细],褥疮 高血压 抑郁症 情感障碍 应激性溃疡 [详细],内科保守治疗、外科手术治疗 [详细],果糖二磷酸钠口... 安宫牛黄丸 长春西汀片 [详细],21天,81%,
阴虱病,虱病,皮肤,所有人群,有传染性,医保疾病,传染科 皮肤科,虱检查 [详细],瘙痒 细菌感染 丘疹 斑疹 血痂 [详细],毛囊炎 [详细],药物治疗 [详细],林旦乳膏 林旦乳膏 林旦乳膏 [详细],7天,90%,不同医院收费标准不一致，市三甲医院约（500-1000元）;
慢性肾炎,"慢性肾小球肾炎,肾炎",肾,青、中年男性,无传染性,医保疾病,肾内科,血清化学检查 血清阴离子 尿酚红排泄试验 尿常规 尿液细胞学检查 [详细],蛋白尿 水肿 血压高 慢性肾功能不全 [详细],尿路感染 肾功能不全 营养不良 慢性肾炎 贫血 [详细],药物治疗 [详细],黄葵胶囊 复方α-酮酸片 吗替麦考酚酯胶... [详细],2-6月,95%,市三甲医院约（3000 —— 5000元）
白内障,"老年性白内障,年龄相关性白内障",眼,儿童、老年人,无传染性,医保疾病,眼科 老年科,常规小瞳孔检查 瞳孔检查 视力筛查仪 晶状体检查 Farnsworth15色标试验 [详细],视力障碍 瞳孔变白 眼球调节功能减退或消失 玻璃体经瞳孔向前房凸出 眼压升高 [详细],青光眼 黄斑囊样水肿 玻璃体积血 脉络膜脱离 葡萄膜炎 [详细],药物治疗、手术治疗 [详细],苄达赖氨酸滴眼... 拨云退翳丸 杞菊地黄丸(浓... [详细],1-2个月,90%(外科手术治疗),
甲状腺癌,恶性甲状腺肿，石瘿,甲状腺,中老年人群,无传染性,医保疾病,肿瘤科 外科,外科检查 血清甲状腺球蛋白 血清降钙素 MRI 甲状腺放射性核素显像 [详细],甲状腺结节 无痛性硬实结节 颌下淋巴结肿大压痛 肺部转移 骨转移 [详细],,药物治疗、手术治疗 [详细],博尔宁胶囊 平消片 安替可胶囊 [详细],1-3个月,10%,
肝硬化,,肝,20～50岁的男性,无传染性,医保疾病,肝病 消化内科,肝脏及胆囊叩诊 肝压痛 胸腹水常规检查 大生化检查 血浆凝血因子Ⅱ活性 [详细],疲乏 食欲不振 门脉高压 呕血 大便黑色 [详细],肝性脑病 腹膜炎 黄疸 肺炎 原发性肝癌 [详细],药物治疗、饮食疗法、手术治疗 [详细],肝喜乐胶囊 复方木鸡颗粒 水飞蓟宾胶囊 [详细],3个月,60%,市三甲医院约（3000 —— 8000元
多囊卵巢综合征,硬化性囊性卵巢综合征，Rokitansky瘤,卵巢 全身,女性，肥胖女性,无传染性,医保疾病,妇科,HCG 地塞米松抑制试验 卵巢肿瘤标记 雌激素 睾酮 [详细],月经稀少 女性不孕 肥胖 卵巢性多毛 卵巢性闭经 [详细],外阴肿瘤 卵巢肿瘤 心血管和血栓栓塞综合征 [详细],药物治疗 [详细],调经促孕丸 益母草颗粒 加味益母草膏 [详细],国内最认可的有效治疗手段的该病治疗周期（,一般在正规综合三甲医院的典型病例治愈率（,
过敏性紫癜,"亨诺-许兰综合征,葡萄疫,血风疮",皮肤 全身,儿童及青少年,无传染性,医保疾病,血液科 中医科,腹部皮肤检查 束臂试验 便常规 尿常规 血常规 [详细],紫癜 关节肿胀 关节疼痛 皮肤出血点 全身性血管损害 [详细],哮喘 血尿 肾病综合征 高血压 消化道出血 [详细],药物治疗 [详细],转移因子胶囊 肾上腺色腙片 复方维生素C钠... [详细],7-10天,90%,市三甲医院约（3000-5000元）
拉肚子,"腹泻,泻肚子",肠,所有人群，经常乱吃东西的人，肠胃敏感的人,无传染性,医保疾病,消化内科,蛋白质、氨基酸分解产物试验 伦代试验 胶囊内视镜 平均红细胞血红蛋白浓度 血清铜 [详细],水样便 脂肪泻 乳糜泻 爆发性水泻 稀便 [详细],心肌炎 猝死 病毒性心肌炎 胃病 心绞痛 [详细],药物治疗、饮食治疗 [详细],参倍固肠胶囊 止泻灵片 绿梅止泻颗粒 [详细],3-7天,98%,
新生儿黄疸,新生儿生理性黄疸，胎黄,全身,刚出生的婴儿,无传染性,医保疾病,儿科 产科,儿童五官科检查 尿二胆 婴幼儿健康检查 肝功能 血清总胆红素 [详细],生理性黄疸 巩膜黄染 婴儿脸色发黄 胎黄 新生儿母乳喂养后出现黄疸 [详细],黄疸 新生儿黄疸 胎毒 [详细],药物治疗、蓝光照射 [详细],当飞利肝宁胶囊 九味獐牙菜丸 复方大青叶合剂 [详细],14天,99%,市三甲医院约（5000 —— 10000元）
心肌炎,,心脏,青壮年人群,无传染性,医保疾病,心血管内科 心胸外科,涂片 心电图 胸部平片 血清抗心肌抗体 二维超声心动图 [详细],恶心与呕吐 疲劳 不典型胸痛 胸闷 心悸 [详细],急性心力衰竭 心肌病 休克 心源性休克 心力衰竭 [详细],药物治疗 [详细],辅酶Q10胶囊 果糖二磷酸钠口... 甲泼尼龙片 [详细],6个月,95%,市三甲医院约（3000-5000元）
中风,脑卒中，卒中,颅脑 血液血管,中老年人、男性多见,无传染性,非医保疾病,脑外科 血管外科,CT造影扫描 脑电图 脑脊液的化学检查 脑脊液动力学试验 [详细],偏瘫 感觉障碍 偏盲 恶心与呕吐 头痛 [详细],脑出血 脑疝 褥疮 意识障碍 营养不良 [详细],西药治疗、中药治疗、针灸治疗 [详细],血塞通泡腾片 血塞通分散片 灯盏花素片 [详细],,50%,
胆囊息肉,"胆囊息肉样病变,胆囊隆起性病变",胆,23-55周岁，男性多于女性,无传染性,医保疾病,肝胆外科,胆囊胆道B超 胆囊B超 胆固醇酯 口服胆囊造影 静脉胆囊、胆道造影 [详细],右上腹痛 胆绞痛 恶心与呕吐 食欲下降 息肉样损害 [详细],胆囊癌 [详细],手术治疗 [详细],乌军治胆胶囊 结扎血管夹 胆道镜 [详细],2-4周,95%,
骨质疏松,骨质疏松症,骨,所有人群 ，老年人最多,无传染性,医保疾病,骨科 中医科,亚健康人群体检 维生素U 血清骨钙素 尿羟脯氨酸 骨密度 [详细],广泛性骨质疏松 驼背 骨骼变形缩短 胸椎畸形 全身骨骼肌收缩 [详细],骨折 [详细],中医治疗、西医治疗 [详细],氯膦酸二钠片 骨松宝颗粒 乳酸钙颗粒 [详细],1-2个月,10%,市三甲医院约（1000 —— 3000元）
偏头痛,偏头风,颅脑,女性占2/3以上， 10岁前、20岁前、40岁前发病分别为25%， 55%， 90%。,无传染性,医保疾病,神经内科,脑电图 脑血流图 脑脊液检查-化学检查-蛋白质检查 脑脊液神经降压肽 [详细],单侧头痛 电击样痛或刺痛的头痛 头痛为搏动性 儿童偏头痛 神经官能症状 [详细],意识障碍 眩晕 高血压 低血压 呕吐 [详细],药物治疗、物理疗法 [详细],苯甲酸利扎曲普... 普瑞巴林胶囊 布洛芬缓释胶囊 [详细],10--21天,70--90%,市三甲医院约（30--50）
心绞痛,"冠心病,缺血性心脏病",心脏,中老年人群，多见于男性，多数病人在40岁以上,无传染性,医保疾病,心血管内科 血管外科,体位 瑞斯托霉素诱导血小板聚集测定 血浆组织纤溶酶原活化物活性 饱餐试验 动态血压监测(ABPM) [详细],心率增快 胸骨后疼痛 皮肤苍白 出冷汗 心音异常 [详细],急性心力衰竭 急性心肌梗死 心肌梗塞 心力衰竭 [详细],西医治疗、中医治疗 [详细],血塞通泡腾片 血塞通分散片 盐酸曲美他嗪片 [详细],1-7天,60%,市三甲医院约（3000 —— 5000元）
外阴炎,细菌性外阴炎,外阴,各年龄段女性，大多是十岁以上女性,无传染性,医保疾病,妇科,外阴部妇科常规检查 宫颈妇科常规检查 妇科常规检查 阴道妇科常规检查 妇科炎症检查 [详细],性交疼痛 排尿时外阴灼热、瘙痒或疼痛 会阴溃疡 外阴皮肤肿胀 外阴烧灼刺激感 [详细],外阴溃疡 环状外阴炎 霉菌性外阴炎 外阴炎 [详细],药物治疗 [详细],复方黄松洗液 甲硝唑氯化钠注... 复方岗松止痒洗... [详细],7天,100%,
支原体感染,,全身,孕妇、性生活活跃的年轻人、STD 患者,有传染性,非医保疾病,传染科 儿科,支原体检查 胸透 直接涂片检查 血支原体抗体 [详细],白带增多 充血 尿痛 尿道刺痒 尿道口有白膜形成 [详细],盆腔炎 心肌炎 贫血 溶血性贫血 脑膜炎 [详细],药物治疗 [详细],盐酸左氧氟沙星... 盐酸左氧氟沙星... 盐酸左氧氟沙星... [详细],2周,95%(经过消炎治疗一般95%以上都能有效治疗,市三甲医院约（1000-5000元）;
近视眼,"近视,屈光不正",眼,儿童和青少年，尤其是常看电视电脑的。,无传染性,非医保疾病,眼科,眼功能 视力 检影镜 前房轴深检查法 近视力检查法 [详细],病理性近视 视物模糊 视力障碍 晶状体突出 眼球调节功能减退或消失 [详细],视网膜病变 弱视 视网膜脱落 开角型青光眼 白内障 [详细],验光配镜 [详细],夏天无滴眼液 萘敏维滴眼液 苄达赖氨酸滴眼... [详细],6个月,90%,
银屑病,"牛皮癣,白疕,松皮癣",皮肤,男性多于女性,无传染性,医保疾病,皮肤科 中医科,皮肤试验 血清白介素6 血清人白细胞抗原B27 [详细],鳞屑 全身弥漫性潮红 脓疱 丘疹 关节疼痛 [详细],感冒 贫血 类风湿性关节炎 银屑病 营养不良 [详细],药物治疗 [详细],卡泊三醇软膏 皮敏消胶囊 疗癣卡西甫丸 [详细],6-12周,40%-60%,市三甲医院约（10000-50000元）
幽门螺杆菌感染,幽门螺旋杆菌感染,胃,所有人群,有传染性,非医保疾病,消化内科,幽门螺旋杆菌的直接检查 幽门螺旋杆菌血清学测试 幽门螺旋杆菌的免疫学检测 血清抗幽门杆菌IgG抗体 幽门螺杆菌检测 [详细],肚子疼 腹胀 恶心 反酸 胃疼 [详细],慢性胃炎 [详细],药物治疗 [详细],复方雷尼替丁胶... 枸橼酸铋雷尼替... 枸橼酸铋钾颗粒... [详细],治疗周期30天,治愈率81%,市三甲医院约（2000 —— 5000元）;
贫血,血虚,全身,所有人群，主要是女性，老年人,无传染性,医保疾病,血液科 营养科,血清内因子阻断抗体测试 异常红细胞形态 不稳定性血红蛋白试验 必需微量元素 必需氨基酸 [详细],乏力 皮肤苍白 食欲减退 结膜变浅或变苍白 口唇苍白 [详细],脑出血 痛风 神经炎 心力衰竭 [详细],药物治疗、饮食疗法 [详细],富马酸亚铁咀嚼... 富马酸亚铁胶囊 维生素B12片 [详细],1--6个月,60--80%,市三甲医院约（2000 —— 5000元）
子宫内膜异位症,"子宫腺肌病,内在性子宫内膜异位症",子宫,30～40岁女性,无传染性,医保疾病,妇科 生殖健康,子宫输卵管造影 直肠镜 解脲脲原体 血清抗子宫内膜抗体 生育镜 [详细],女性不孕 月经量多 性交疼痛 肚子疼 尿频 [详细],痛经 性交疼痛 月经量多 不孕症 [详细],手术治疗、药物治疗 [详细],妇炎净胶囊 痛经宝颗粒 通淋胶囊 [详细],1-2个月,70%,
反流性食管炎,胃食管反流病，食管瘅，消化性食管炎,胃 食管,中老年人，肥胖人群，吸烟者，精神压力大者，等,无传染性,医保疾病,消化内科,食管造影 食管压力 食管24小时pH监测 胃生理盐水排空试验 电子胃镜 [详细],胸骨后烧灼样痛 吐酸 反酸 吞咽时胸痛 吞咽困难 [详细],哮喘 气管炎 慢性咽炎 心绞痛 肺炎 [详细],药物治疗、手术治疗 [详细],盐酸雷尼替丁胶... 盐酸雷尼替丁胶... 注射用奥美拉唑... [详细],1-3个月,60%,
白血病,血癌,血液血管,儿童和青年,无传染性,医保疾病,血液科 肿瘤科,涂片 血浆凝血酶调节蛋白活性 血浆因子XIII缺乏筛选试验 血栓与止血检测 酶学检查 [详细],柏油便 肝脾肿大 牙龈出血 骨压痛 继发感染 [详细],肺炎 高尿酸血症 肠炎 水痘 带状疱疹 [详细],药物治疗 [详细],维A酸胶囊 氨基己酸片 盐酸多柔比星 [详细],3-5年,10%,
小儿感冒,"小儿急性上呼吸道感染,小儿上感,急性鼻咽炎,急性扁桃体炎",咽喉,小儿,无传染性,非医保疾病,儿科 呼吸内科,细胞免疫检查 [详细],打喷嚏 流鼻涕 新生儿鼻塞 发烧 流清涕 [详细],脑脓肿 扁桃体周围脓肿 感冒 心肌炎 鼻窦炎 [详细],药物治疗 [详细],感冒清热颗粒 银黄滴丸 小儿热速清糖浆 [详细],7--14天,90%以上,
红斑狼疮,"SLE, 系统性红斑狼疮",免疫系统 全身,所有人群,无传染性,医保疾病,风湿科 皮肤科,血流变学检查 抗核抗体 狼疮带试验 皮肤试验 红斑狼疮细胞 [详细],红斑结节 盘状红斑 肌痛 脾大 多形红斑样皮疹 [详细],ARDS 肠套叠 [详细],药物治疗 [详细],吗替麦考酚酯胶... 他克莫司胶囊 甲泼尼龙片 [详细],3-6月,60%,市三甲医院约（5000 —— 8000元
男性不育,,男性生殖,育龄男性,无传染性,非医保疾病,生殖健康 男科,性别观察 不孕不育的免疫学检查 不孕不育检查 精囊检查 阴囊超声检查 [详细],精血不足 精子凝集 精子稀少 精子大头畸形 输精管变粗 [详细],,药物治疗、手术治疗 [详细],壮阳春胶囊 云芝糖肽胶囊 益身灵丸 [详细],1-3年,80%,
梅毒,霉疮;广疮;棉花疮;杨梅疮,全身 女性生殖,成年人，性活跃人群,有传染性,医保疾病,性病科 传染科,梅毒螺旋体血球凝集试验 梅毒血清试验 梅毒螺旋体抗原血清试验 性传播疾病免疫检测 血清免疫球蛋白M 血清梅毒螺旋体抗体 梅毒定性试验 梅毒确诊试验 聚合酶链式反应 浆膜腔积液细胞计数 [详细],会阴溃疡 硬下疳 肉芽肿 斑疹 小阴唇及前庭也有散在的白色圆形及环形丘疹 [详细],老年人神经梅毒 老年人梅毒性心脏病 梅毒性骨软骨炎 非性病性梅毒 梅毒性关节炎 [详细],药物治疗 [详细],十三味菥蓂丸 盐酸米诺环素片 红霉素肠溶胶囊 [详细],>120天,40%,市三甲医院约（10000-30000元）;
带状疱疹,"缠腰火丹,缠腰龙,蛇盘疮，蛇串疮",口 皮肤,成年人,有传染性,医保疾病,皮肤科,单纯疱疹病毒 [详细],神经痛 带状疱疹样外观 皮肤闪电疼痛 泡样水肿 淋巴结肿大 [详细],,药物治疗 [详细],普瑞巴林胶囊 盐酸伐昔洛韦片 盐酸伐昔洛韦片 [详细],＞３０天,50%,市三甲医院约（1000 —— 2000元）;
慢性咽炎,梅核气,咽喉,成年人,无传染性,医保疾病,耳鼻喉科,耳、鼻、咽拭子细菌培养 血清EB病毒壳抗原IgA抗体 [详细],咽部充血 咽痛 咽部异物感 咽部慢性充血 吞咽障碍 [详细],急性喉炎 鼻窦炎 肺炎 支气管炎 气管炎 [详细],药物治疗 [详细],一清颗粒 穿心莲软胶囊 利咽灵片 [详细],10-30天,98%,市三甲医院约（500-1000元）
痛风,"关节石病,尿酸盐贮积病,足痛风,历节风",全身,３０岁以上男性,无传染性,医保疾病,风湿科 中医科,血钼 血尿酸 尿酸 血清尿酸 骨与关节MRI [详细],第1跖趾关节疼痛和肿大 关节疼痛 关节肿胀 关节畸形 尿酸盐在关节内沉积增多 [详细],肾衰 类风湿性关节炎 高血压 糖尿病 高尿酸血症 [详细],药物治疗 [详细],丙磺舒片 苯溴马隆胶囊 别嘌醇片 [详细],30天,60%,市三甲医院约（1000 —— 2000元）
痛经,经期疼痛,子宫 全身,月经初潮后女性，未婚女青年及月经初期少女,无传染性,医保疾病,妇科 中医科,盆腔和阴道B超 子宫输卵管造影 白带常规 [详细],下腹痛 下腹坠胀 恶心与呕吐 经期前乳房痛 经期小腹坠痛 [详细],不孕症 [详细],药物治疗 [详细],痛经宝颗粒 妇女痛经丸 田七痛经胶囊 [详细],1-3个月,98%(一般经过有效治疗后98%可以治愈),市三甲医院约（500 —— 800元）
皮肤过敏,皮炎,皮肤,所有人群，特别是皮肤很敏感的女性,无传染性,非医保疾病,皮肤科,免疫病理检查 皮肤试验 [详细],瘙痒 日光照射引起皮肤过敏 风团 光过敏 全身过敏反应 [详细],皮炎 [详细],药物治疗 [详细],富马酸氯马斯汀... 马来酸氯苯那敏... 马来酸氯苯那敏... [详细],1-2周,90%,市三甲医院约（1000-5000元）
肾结石,"肾石病,肾石，肾石症",肾,所有人群,无传染性,医保疾病,泌尿外科 肾内科,泌尿系统CT 枸橼酸盐利用试验 肾脏叩诊 尿隐血 肾脏B超 [详细],腰部钝痛 肾盏结石 肾区叩击痛 排出结石 腰部包块 [详细],尿路梗阻 膀胱结石 贫血 尿路感染 肾盂肾炎 [详细],保守治疗、药物治疗、手术治疗 [详细],尿石通丸 肾石通颗粒 净石灵胶囊 [详细],30天,70%,根据不同医院，结石大小不同，收费标准不一致，市三甲医院约（1000 - 6000元）
慢性胃炎,"慢性肠胃炎,慢性胃黏膜炎，胃络痛",胃,男性多于女性,无传染性,医保疾病,消化内科,上消化道功能测定和显像 幽门螺杆菌检测 胃总酸度 胃游离盐酸 胃钡餐造影 [详细],胃酸过多 食欲较差 腹胀嗳腐 胃胀 胃气上逆 [详细],贫血 缺铁性贫血 胃癌 休克 胃溃疡 [详细],药物治疗 [详细],摩罗丹(浓缩丸) 胃康灵胶囊 复方氢氧化铝片 [详细],3-5月,85%,市三甲医院约（1000-5000元）
感冒,"急性鼻咽炎,急性上呼吸道感染,上感,卡他性鼻炎,普通感冒,伤风",鼻 咽喉,"所有人群,一般体弱的人经常发病",有传染性,非医保疾病,呼吸内科,细菌学检验 痰液细菌培养 药敏试验 血清卵泡刺激素 血清鳞状上皮细胞癌抗原 [详细],打喷嚏 发烧 咳嗽 怕冷 流鼻涕 [详细],中耳炎 心肌炎 鼻窦炎 支气管炎 气管炎 [详细],药物治疗 [详细],盐酸氨溴索片 感冒清热颗粒 复方感冒灵颗粒 [详细],7-14天,97%,
口腔溃疡,"口疮,飞滋,口炎疮,复发性口疮，复发性阿弗他溃疡",口,所有人群,无传染性,医保疾病,口腔科,口腔内窥镜 维生素 [详细],口腔粘膜弥漫充血 口舌生疮 口腔痛 溃疡 容易上火 [详细],慢性咽炎 便秘 口臭 咽炎 [详细],药物治疗 [详细],康复新液 丁硼乳膏 维生素C泡腾片 [详细],10-15天,100%(属于症状性疾病，一般均可治愈),
细菌性阴道炎,"阴道炎,细菌性阴道病,非特异性阴道炎",阴道,女性，成年女性,无传染性,医保疾病,妇科 生殖健康,胺试验 白带检查 白带pH值 阴道分泌物涂片 阴道清洁度 [详细],阴道分泌物增多 排尿时外阴灼热、瘙痒或疼痛 性交疼痛 阴部灼热 白带增多 [详细],滴虫性阴道炎 盆腔炎 早产 阴道炎 宫颈炎 [详细],药物治疗 [详细],保妇康栓 舒安卫生栓 克霉唑阴道泡腾... [详细],7-14天,90%,市三甲医院约（500-1000元）
胃病,疣状胃炎伴米烂,胃,40～50岁之间。没按时吃饭的男女性，一般男性多于女性,无传染性,非医保疾病,消化内科,胃肠道CT 便常规 胃充盈及排空功能 胃电图 胃食管反流测定和显像 [详细],腹部不适 肚子疼 恶心与呕吐 胃部隐痛 间歇性胃痛 [详细],幽门梗阻 消化性溃疡 上消化道出血 [详细],药物治疗 [详细],康复新液 胃炎宁颗粒 复方猴头颗粒 [详细],10-15天,75%,
荨麻疹,风团，瘾疹,皮肤,所有人群,无传染性,医保疾病,皮肤科 中医科,皮肤病的物理检查 皮肤试验 血清免疫球蛋白A 激发试验 FLA-ABS试验 [详细],剧痒 风团 皮肤有压痕 斑丘疹 丘疹 [详细],麻疹 拉肚子 呕吐 血管炎 荨麻疹 [详细],药物治疗 [详细],皮敏消胶囊 乌蛇止痒丸 防风通圣丸 [详细],2-6周,98%,
艾滋病,获得性免疫缺陷综合征,全身,所有人群,有传染性,非医保疾病,传染科 性病科,血清抗艾滋病抗体 脑脊液β2微球蛋白 血清可溶性白介素-2受体 产检 3.8sα2-糖蛋白 血清人类免疫缺陷病毒抗体 尿β2微球蛋白 血清抗心磷脂抗体 [详细],不明原因发热 免疫力降低 HIV感染 反复感染 关节疼痛 [详细],毛状白斑 鹅口疮 细菌性肺炎 弓形体病 卡氏肺囊虫肺炎 [详细],中医药物治疗、西医药物治疗 [详细],齐多夫定注射液 更昔洛韦注射液 注射用胸腺肽 [详细],3个月(常需终身治疗),0.001%(只能维持治疗，现在治愈率极低。),市三甲医院约（50000 —— 100000元）;
冠心病,冠状动脉粥样硬化性心脏病,心脏 血液血管,中老年人群,无传染性,医保疾病,心血管内科 心胸外科,心电图 动态心电图 心肌灌注显像 冠状动脉造影 心脏血管超声检查 [详细],劳动耐力下降 胸骨后疼痛 胸闷 劳累后心悸 阵发性夜间呼吸困难 [详细],乳头肌功能不全 动脉栓塞 心肌梗塞 肺水肿 休克 [详细],药物治疗、手术治疗、介入治疗 [详细],血塞通泡腾片 血塞通分散片 肠多糖片 [详细],3-6周,80%,市三甲医院约（5000--30000元）
盆腔炎,盆腔脓肿,盆腔 卵巢,女性,无传染性,医保疾病,妇科,妇科B超 妇科炎症检查 盆腔充气造影 白带常规 双合诊 [详细],下腹疼痛 腰骶部酸痛 发烧 白带增多 月经失调 [详细],月经不调 痛经 腹膜炎 休克 盆腔脓肿 [详细],药物治疗 [详细],金鸡胶囊 康妇消炎栓 妇乐颗粒 [详细],10-30天,85%,市三甲医院约（1000 —— 3000元）
湿疹,"过敏性炎症性皮肤病,湿疮",皮肤,所有人群,无传染性,医保疾病,皮肤科,免疫病理检查 血清免疫球蛋白A 激发试验 皮肤试验 鼻前庭 [详细],慢性湿疹样变 瘙痒 干燥型湿疹 渗出型湿疹 肛门湿疹瘙痒 [详细],疣 湿疹 皮肤病 外阴湿疹 [详细],药物治疗 [详细],莫匹罗星软膏 皮敏消胶囊 哈西奈德溶液 [详细],>120天,20%,市三甲医院约（500-1000元）
宫颈癌,子宫颈癌，五色带,子宫,40～60岁女性 ，处于性活跃期的妇女,无传染性,非医保疾病,肿瘤科 妇科,妇科的保健体检 宫颈妇科常规检查 阴道活检 子宫颈涂片测试 阴道镜 [详细],脓血性白带 消瘦 乳头样增生变化 阴道持续流血不停 阴道转移 [详细],流产 [详细],放射治疗、手术治疗、化学治疗 [详细],平消胶囊 盐酸伊立替康 甘磷酰芥片 [详细],2-4月,20%,
前列腺增生,前列腺肥大症,前列腺,老年男性,无传染性,医保疾病,泌尿外科 男科,外科检查 男科检查 膀胱残余尿量 前列腺指检 前列腺B超 [详细],前列腺肥大 尿流变细或中断 尿后滴沥 膀胱排空不全 尿流中断 [详细],尿路感染 膀胱炎 肾积水 膀胱结石 血尿 [详细],药物治疗 [详细],前列通片 尿塞通片 前列闭尔通栓 [详细],7天(手术治疗周期7天),87%,市三甲医院约（3000 —— 5000元
失眠症,"不眠症,入睡和保持睡眠障碍,失眠症，不寐，多寐，健忘",心理,所有人群，精神不怎么好的，或太过于压抑,无传染性,非医保疾病,精神病科 神经内科,脑电图 睡眠试验 多导睡眠图 [详细],入睡困难 清晨早醒且不能再度入睡 难入睡或易惊醒 浅眠 紧张性失眠 [详细],高血压 [详细],药物治疗 [详细],清脑复神液 更年安胶囊 复方阿胶颗粒 [详细],,95%,市三甲医院约（300 —— 500元）
外阴瘙痒,"外阴瘙痒症,外阴瘙痒病",外阴,女性群体，大部分为绝经期前后的妇女,无传染性,非医保疾病,妇科,白带常规 [详细],瘙痒 排尿时外阴灼热、瘙痒或疼痛 日轻夜重的瘙痒 剧痒 阵发性瘙痒 [详细],真菌性尿路感染 [详细],药物治疗 [详细],肤痒颗粒 聚甲酚磺醛栓 克罗米通乳膏 [详细],7-10天,80%,
便秘,"大便秘结,大便难",肠,女性多于男性，老年多于青、壮年,无传染性,医保疾病,消化内科 中医科,便常规 直肠镜 纤维结肠镜 乙状结肠镜检查 腹部平片 [详细],排便困难 粪便硬结如羊粪状 便血 排便时间过长 排便障碍 [详细],肝性脑病 肛裂 心肌梗塞 心绞痛 肠梗阻 [详细],生活治疗、药物治疗、生物反馈训练、手术治疗 [详细],四磨汤口服液 乳果糖口服溶液 一清颗粒 [详细],30--60天,75%,
滴虫性阴道炎,阴道毛滴虫病，滴虫病,阴道,成年女性,有传染性,医保疾病,妇科,白带检查 寄生虫排泄物和分泌物检查 阴道毛滴虫检查 改良加藤法 肛门拭子检查法 [详细],白带增多 阴道脓性分泌物 外阴烧灼刺激感 性交疼痛 阴部灼热 [详细],不孕症 阴道炎 细菌性阴道炎 [详细],药物治疗 [详细],保妇康栓 消糜阴道泡腾片 洁尔阴泡腾片 [详细],30天,93%,
卵巢囊肿,,卵巢,20—50岁的女性,无传染性,医保疾病,妇科,腹腔镜 盆腔CT 腹部平片 盆腔和阴道B超 卵巢检查 [详细],下腹坠胀 下腹部包块 下腹疼痛 月经失调 腹水 [详细],卵巢癌 肝硬化 腹膜炎 贫血 溶血性贫血 [详细],手术治疗 [详细],桂枝茯苓胶囊 止痛化癥胶囊 金鸡胶囊 [详细],10-30天,98%,
过敏性鼻炎,"变态反应性鼻炎,变应性鼻炎",鼻,青壮年,无传染性,医保疾病,耳鼻喉科,气道过敏试验 鼻腔内镜 组胺吸入试验 [详细],鼻粘膜肿胀 打喷嚏 鼻塞 流清涕 鼻粘膜苍白水肿 [详细],哮喘 鼻窦炎 鼻炎 中耳炎 喉炎 [详细],药物治疗、免疫治疗、外科治疗 [详细],康乐鼻炎片 氯雷他定片 富马酸酮替芬滴... [详细],>30天,>30%,市三甲医院约（500-1000元）
脂肪肝,脂肝，肝癖，肝痞,肝,所有人群，肥胖人群，体质超重肥胖者占64%。,无传染性,医保疾病,肝病 消化内科,谷氨酸脱氢酶 血清谷草转氨酶 肝脏及胆囊叩诊 凝血酶原时间 肝、胆、胰、脾MRI [详细],肝肿大 肝区痛 疲劳 血脂异常 肝脏轻度脂肪变性 [详细],冠心病 肝硬化 贫血 弥散性血管内凝血 高血压 [详细],药物治疗、饮食疗法 [详细],多烯磷脂酰胆碱... 果糖二磷酸钠口... 注射用盐酸精氨... [详细],2-4个月,90%,市三甲医院约（3000 —— 8000元）
肺炎,下呼吸道感染，肺部感染性疾病,肺,所有人群,无传染性,医保疾病,呼吸内科,感染免疫检测 肺和胸膜叩诊 波顿格征 痰液的一般性状 痰液细菌培养 [详细],发烧 咳嗽 咳痰 湿啰音 小儿发热 [详细],心力衰竭 [详细],药物治疗 [详细],盐酸氨溴索片 头孢氨苄甲氧苄... 了哥王片 [详细],7-10天。,95%,市三甲医院约（1000-3000元）
阴囊湿疹,"绣球风,胞漏疮",阴囊 皮肤,成年男性，长期居住在潮湿的地区或房间的人,无传染性,医保疾病,男科 皮肤科,阴囊检查 [详细],丘疹 阴囊瘙痒 疱疹 皮肤干燥 阴囊上有白色小疙瘩 [详细],,药物治疗 [详细],地榆槐角丸 二妙丸 烧伤肤康液 [详细],2-4周,60%--70%(多伴有维生素b2的缺乏，故治疗中,
直肠癌,,肠,40岁以上男性,无传染性,医保疾病,肿瘤科 消化内科,肿瘤标志物 血清CA199 血清癌胚抗原 多药耐药基因 粪便吞噬细胞 [详细],大便变细形似铅笔 直肠疼痛 下消化道少量出血 排便不尽感 便血 [详细],腹膜炎 肠梗阻 休克 肠癌 [详细],手术治疗、放射治疗、化学治疗 [详细],卡培他滨片 去氧氟尿苷胶囊 抗癌平丸 [详细],2-4月,75%,
慢性鼻炎,,鼻,所有人群,无传染性,医保疾病,耳鼻喉科,鼻腔内镜 鼻中隔 [详细],鼻塞及反射性头痛 鼻内发痒 鼻塞 鼻屎多 鼻粘膜肿胀 [详细],暂无相关资料,药物治疗、针灸疗法 [详细],鼻炎康片 呋麻滴鼻液 鼻窦炎口服液 [详细],10-30天,50%,市三甲医院约（1000 —— 3000元
肺结核,肺结核病，结核病，结核，肺痨,肺,所有人群，中老年为主,有传染性,医保疾病,传染科 呼吸内科,胸腔积液微生物学检查 肺部检查 威廉征 比塞征 鲁塞尔征 胸廓检查 肺和胸膜叩诊 结核菌素皮内试验 痰液的一般性状 痰液免疫学检查 [详细],低烧 食欲减退 乏力 咳嗽 颜面潮红 [详细],气胸 肺气肿 慢性肺源性心脏病 肺曲菌病 结核性脓胸 [详细],化学治疗 [详细],盐酸氨溴索胶囊 盐酸氨溴索片 盐酸依普拉酮片 [详细],3-6个月,79%,该病属于乙类多发传染病，一经确诊国家医院免费治疗;
甲亢,甲状腺功能亢进，瘿气,甲状腺,所有人群，大多数年龄在20～40岁，一般女性比男性发病率高,无传染性,非医保疾病,内分泌科,基础代谢 基础胃液分泌量 甲状腺吸碘试验 血清甲状腺球蛋白 甲状腺显像 [详细],高代谢征群 突眼症 甲状腺肿大 消瘦 热结节 [详细],房室传导阻滞 窦性心动过速 冠心病 心肌炎 肺水肿 [详细],一般治疗、药物治疗、手术治疗、放射性碘治疗、甲状腺介入栓塞治疗、中医治疗 [详细],抑亢丸 甲亢灵片 维生素B1片 [详细],3-12月,>70%,市三甲医院约（5000—8000元）
坐骨神经痛,偏痹,周围神经系统 臀部,孕妇，中老年人,无传染性,医保疾病,神经内科 骨科,深反射检查 MRI 血清类风湿因子 踝反射 直腿抬高加强试验 [详细],背部酸痛 腰背的持续隐痛 小腿酸痛 腰部僵直感 臀部闪电疼痛 [详细],腰椎间盘突出 [详细],药物疗法、物理治疗 [详细],普瑞巴林胶囊 布洛芬乳膏 维生素B1片 [详细],1个月,60%,
骨质增生,"增生性骨关节炎,退变性关节病,老年性关节炎,肥大性关节炎",骨,中老年人群,无传染性,医保疾病,骨科 中医科,外科检查 脊柱活动度 骨关节及软组织CT 骨显像 [详细],膝盖长骨刺 关节肿痛 脚后跟长骨刺 骨增粗 颈背疼痛 [详细],暂无相关资料,药物治疗、物理疗法 [详细],腰痛宁胶囊 单氯芬那酸片 壮腰消痛液 [详细],14天(手术治疗周期14天),84%,市三甲医院约（1000 —— 3000元）
宫外孕,异位妊娠,输卵管 卵巢,孕龄女性,无传染性,医保疾病,产科 妇科,盆腔和阴道B超 盆腔CT 盆腔充气造影 产科B超 尿HCG [详细],孕早期腹痛 妊娠时伴有腹痛的阴道流血 异位妊娠 急性腹痛 阴道出血 [详细],休克 盆腔炎 宫外孕 慢性盆腔炎 人流后妇科病 [详细],药物治疗、手术治疗 [详细],米索前列醇片 产复康颗粒 桂枝茯苓胶囊 [详细],10-30天,82%,
附件炎,"输卵管炎,卵巢炎，输卵管卵巢炎",卵巢 输卵管,女性,无传染性,医保疾病,妇科 中医科,子宫及附件检查 阴道清洁度 白带常规 子宫与附件肿块 子宫输卵管造影 [详细],白带增多 下腹疼痛 性交疼痛 下腹坠胀 腰骶部酸痛 [详细],不孕症 [详细],西医治疗、中医治疗 [详细],金刚藤糖浆 花红颗粒 康妇消炎栓 [详细],10天,80%,
粉刺,"痤疮,青春痘,暗疮,暗疮,米疮,青春籽",皮肤,青年 ，青春期的男女性朋友为多,无传染性,医保疾病,皮肤科 中医科,皮肤与组织寄生虫的病原检查 [详细],角栓 囊肿 丘疹 脓疱 皮肤油脂过多 [详细],色素斑 [详细],药物治疗、物理治疗 [详细],维胺酯维E乳膏 过氧苯甲酰凝胶 过氧苯甲酰乳膏 [详细],1-2个月,85%,
灰指甲,甲真菌病,手部 足部,糖尿病、免疫低下、营养不良、年迈等群体,有传染性,非医保疾病,皮肤科 中医科,真菌培养 皮肤真菌镜检 [详细],指(趾)甲增厚 黄指甲 指甲有红色或黑色斑点 指甲类似云母 指甲易碎 [详细],甲沟炎 [详细],药物治疗 [详细],足光散 环吡酮胺乳膏 盐酸特比萘芬片 [详细],3-6个月,60%-80%,市三甲医院约（500-1000元）;
精索静脉曲张,静脉曲张,睾丸,青壮年，大多数左侧发病，肾肿瘤压迫或静脉瘤栓阻塞压迫,无传染性,医保疾病,男科 泌尿外科,精液检查 睾丸活检 阴囊超声检查 [详细],阴囊坠胀痛 阴囊肿大 阴囊下坠 精索增粗肿胀 输精管变粗 [详细],暂无相关资料,药物治疗、手术治疗 [详细],曲克芦丁颗粒 七叶皂苷钠片 黄精赞育胶囊 [详细],2-4月,85%,市三甲医院约（3000 —— 5000元
心肌梗塞,"心肌梗死,心梗",心脏,中老年人,无传染性,医保疾病,心血管内科 心胸外科,侧卧位肺灌注显像 心电图 多普勒超声心动图 二维超声心动图 血清肌酸激酶同工酶 [详细],胸骨后疼痛 左心衰竭 右心衰竭 心慌气短 心音异常 [详细],猝死 二尖瓣关闭不全 肩-手综合征 肺炎 胸膜炎 [详细],药物治疗 [详细],福辛普利钠片（... 华法林钠片 阿西美辛胶囊 [详细],7-10天,30%,
高脂血症,高脂血，血脂过多,血液血管,肥胖者,无传染性,医保疾病,内科 内分泌科,血流变学检查 红细胞流变特性 血液黏度 血清载脂蛋白CⅢ 血清载脂蛋白CⅠ [详细],血管硬化 黄色结节 血压高 不稳定性心绞痛 糖尿 [详细],心肌梗塞 颈动脉狭窄 冠心病 肝硬化 脂肪肝 [详细],饮食治疗、药物治疗 [详细],奥利司他片 瑞舒伐他汀钙片 烟酸片 [详细],1-3个月,25%,
包皮过长,包皮包茎阴茎,阴茎,男性，主要是成年男性为多,无传染性,医保疾病,男科,阴茎检查 包皮包茎检查 [详细],性交困难 龟头瘙痒 包皮粘连 器质性早泄 痛性阴茎勃起 [详细],前列腺炎 男性不育 [详细],手术治疗 [详细],一次性使用包皮... 一次性包皮环切... 一次性使用包皮... [详细],10-15天,99%(手术治疗),
水痘,水花，水疱,皮肤,所有人，大多是儿童,有传染性,医保疾病,传染科 皮肤科,补体结合试验 皮肤涂片显微镜检查 病毒感染免疫检测 淋巴细胞计数 [详细],发烧 水泡 水痘结痂 疱疹 斑疹 [详细],癫痫 视神经炎 心肌炎 丹毒 蜂窝织炎 [详细],一般治疗、抗病毒治疗、免疫制剂、并发症治疗 [详细],盐酸伐昔洛韦片 阿昔洛韦乳膏 盐酸伐昔洛韦颗... [详细],7-14天,95%,市三甲医院约（100-500元）;
胃溃疡,慢性溃疡,胃,男性发病率明显高于女性,无传染性,医保疾病,胃肠外科 消化内科,幽门螺旋杆菌的免疫学检测 C－14呼气检测仪＋呼气检测口袋 免疫印迹技术 尿素酶试验 幽门螺旋杆菌血清学测试 [详细],食欲下降 胃热疼痛 上腹不适 消化不良 胃酸过多 [详细],幽门梗阻 胃溃疡性穿孔 胃溃疡出血 胃癌 [详细],中医治疗、西医治疗、手术治疗 [详细],康复新液 盐酸雷尼替丁胶... 枸橼酸铋钾颗粒 [详细],8-12周,60-70%,市三甲医院约（3000 —— 5000元
类风湿性关节炎,"类风湿关节炎,类风湿,类风湿病,尪痹",关节 免疫系统,女性高于男性，女性是男性的2～3倍，一般是20-50岁女性。,无传染性,医保疾病,风湿科 骨科,血浆因子XIII缺乏筛选试验 关节检查 风湿病化验检查项目 病毒感染免疫检测 血清类风湿因子 [详细],晨僵 关节疼痛 关节肿胀 小腿寒冷痠痛 骨压痛 [详细],口腔溃疡 脱臼 库欣综合征 老年人泌尿系统感染 肺炎 [详细],药物治疗 [详细],双蚁祛湿通络胶... 腰痛宁胶囊 尼美舒利分散片 [详细],1-2个月,60%,市三甲医院约（1000 —— 3000元）
手足口病,小儿手足口病,全身,5岁以下儿童,有传染性,医保疾病,儿科 传染科,,口唇疱疹 口痛 水泡 丘疹 低烧 [详细],心肌炎 肺水肿 过敏性紫癜 脑膜炎 肺炎 [详细],药物治疗 [详细],复方芩兰口服液 板蓝根颗粒 清热解毒片 [详细],7-14天,95%,市三甲医院约（3000 —— 5000元）;
糖尿病,消渴,胰腺 全身,四十岁以上的中年人,无传染性,医保疾病,内分泌科 老年科,血糖 血脂 腰臀围比例 尿葡萄糖 葡萄糖可的松耐量试验 [详细],多饮 多尿 多食 消瘦 糖尿 [详细],糖尿病乳酸性酸中毒 高渗性非酮症性糖尿病昏迷 糖尿病肾病 糖尿病足 妊娠合并糖尿病 [详细],药物治疗、饮食疗法、运动治疗、心理治疗 [详细],糖脉康颗粒 降糖宁胶囊 糖尿乐胶囊 [详细],>120天(需要终身治疗),药物可控制，不易根治,市三甲医院约1000-3000元
脑梗死,脑梗塞,颅脑 血液血管,为50～60岁以上的人群，常有动脉粥样硬化、高血压、风心病、冠心病或糖尿病，以及吸烟,无传染性,非医保疾病,神经内科,颅脑CT 颅脑MRI 脑脊液一般性状 尿常规 便常规 [详细],神志不清 脑干梗塞 桥脑梗塞 偏瘫 感觉障碍 [详细],褥疮 猝死 脑瘫 癫痫 尿路感染 [详细],药物治疗 [详细],羟乙基淀粉 血塞通泡腾片 果糖二磷酸钠胶... [详细],1-2年,60%,
前列腺炎,前列腺精囊炎,前列腺,青壮年时期以及成年男性，性活动频繁,无传染性,医保疾病,男科 泌尿外科,直肠指检 前列腺指检 前列腺B超 前列腺液显微镜检查 精液和前列腺液检查 [详细],尿频 尿急 尿痛 夜尿增多 尿道烧灼感 [详细],感冒 附睾炎 早泄 神经官能症 精囊炎 [详细],药物治疗（抗生素治疗）、前列腺按摩、物理治疗（红光理疗） [详细],普乐安片 野菊花栓 谷丙甘氨酸胶囊 [详细],>120天,40%,市三甲医院约一般在800--3000元
霉菌性阴道炎,"念珠菌性阴道炎,真菌性阴道炎",阴道,"女性,大量使用抗生素 ，妊娠期，糖尿病，应用激素",无传染性,医保疾病,妇科,白带常规 白带检查 阴道分泌物涂片 真菌培养 阴道清洁度 [详细],豆腐渣样白带 排尿时外阴灼热、瘙痒或疼痛 白带增多 外阴烧灼刺激感 外阴肿胀 [详细],宫颈炎 盆腔炎 阴道炎 滴虫性阴道炎 早产 [详细],药物治疗 [详细],抗宫炎片 保妇康栓 妇科千金片 [详细],7-10天,95%(一般经过系统治疗后98%以上患者都能治,
早泄,泄泻,男性生殖,青年，中年男性，婚前过度手淫，青年时代性冲动或者过于频繁的男性朋友。,无传染性,医保疾病,男科 生殖健康,阴茎检查 前列腺B超 前列腺检查 精液和前列腺液检查 不育男性体格检查 [详细],器质性早泄 男子性功能障碍 心理性性功能障碍 遗精滑泄 [详细],,药物治疗、心理治疗 [详细],他达拉非片 前列回春胶囊 强肾片 [详细],>120天,>30%,
高血压,高血压病，风眩,血液血管 心脏,中老年人，平时钠盐的摄入量过多的人，父母患有高血压者，摄入动物脂肪较多者，长期饮,无传染性,医保疾病,心血管内科 心胸外科,检眼镜检查法 高钠试验 伯尔格试验 舒张压 寒冷性升压试验 [详细],血压高 头痛 头胀 头晕 心悸 [详细],视网膜病变 主动脉瓣关闭不全 高血压危象 动脉瘤 主动脉夹层 [详细],药物治疗、饮食疗法 [详细],奥美沙坦酯片 氯沙坦钾氢氯噻... 盐酸阿罗洛尔片 [详细],1-3个月,0.0001%(终身性疾病),市三甲医院约200-5000元
宫颈糜烂,宫颈柱状上皮异位，子宫糜烂,子宫,女性，多见于青春期、生育年龄妇女雌激素分泌旺盛者、口服避孕药或妊娠期,无传染性,非医保疾病,妇科,宫颈检查 妇科炎症检查 外阴部妇科常规检查 电子阴道镜 TCT [详细],白带增多 下腹坠胀 宫颈黏液脓性分泌物 脓性分泌物 下腹痛 [详细],难产 不孕症 [详细],药物治疗、手术治疗 [详细],抗宫炎片 消糜阴道泡腾片 保妇康栓 [详细],10-30天,80%,
胆囊结石,结石性胆囊炎，胆结石,胆,发病的高峰年龄为40～50 岁,无传染性,医保疾病,肝胆外科,静脉胆道造影 口服法胆道造影 T管造影 肝、胆、脾CT 胆道造影 [详细],右上腹压痛 右上腹痛 胆绞痛 胆囊扣痛 胆道梗阻 [详细],尿道癌 人流后妇科病 女性尿道癌 宫颈糜烂 盆腔炎 [详细],手术治疗 [详细],胆舒胶囊 胆石片 茴三硫片 [详细],1-2周,98%,市三甲医院约（5000-10000元）
抑郁症,忧郁症,心理,成人,无传染性,医保疾病,精神病科 心理咨询,脑脊液的化学检查 颅脑MRI 颅脑超声检查 颅脑CT 脑葡萄糖代谢显像 [详细],情绪低落 焦虑 躁郁样 入睡困难 严重情绪障碍 [详细],便秘 睡眠障碍 焦虑症 [详细],药物治疗、心理治疗 [详细],舒肝解郁胶囊 解郁丸 盐酸帕罗西汀片 [详细],30天,70%,市三甲医院约（3000-5000元）
慢性支气管炎,"慢支,气管炎，久咳",肺,所有人群 ，大多是成年男性,无传染性,医保疾病,呼吸内科,呼气试验 血锑 WBC 痰液常规检查 痰液免疫学检查 [详细],咳嗽 咳痰 气短 喘息 哮鸣音 [详细],肺气肿 哮喘 百日咳 咯血 肺癌 [详细],药物治疗 [详细],支气管炎片 愈美甲麻敏糖浆 金贝痰咳清颗粒 [详细],10-30天,90%,市三甲医院约（3000-5000元）
淋病,淋菌性尿道炎,全身 女性生殖,性活跃人群，成年男女性,有传染性,医保疾病,性病科 传染科,淋球菌免疫学检测 淋菌培养 淋病细菌学检测 白带检查 [详细],尿道局部肿胀 尿道口痒 尿道口有白膜形成 白色黏液状尿 脓尿 [详细],盆腔炎 腹膜炎 前列腺炎 附睾炎 尿道炎 [详细],局部治疗、全身治疗、双方同时治疗 [详细],诺氟沙星片 十三味菥蓂丸 盐酸左氧氟沙星... [详细],10-30天,90%,医院不同，收费标准也不尽一致，三级甲等医院约2000-20000元;
性交疼痛,交媾困难，性感不快，性交困难,女性生殖 盆腔,成年女性,无传染性,非医保疾病,妇科,盆腔和阴道B超 内分泌检查 血清卵泡刺激素 血清鳞状上皮细胞癌抗原 产科B超 [详细],紧张 焦虑 湿疣 子宫内膜异位 瘙痒 [详细],性冷淡 尿道癌 人流后妇科病 女性尿道癌 宫颈糜烂 [详细],心理治疗、中医治疗、手术治疗 [详细],尼尔雌醇 替勃龙 复方八维甲睾酮... [详细],3-6月,60%,
白癜风,"白癜,白驳风，白斑风，皮肤白斑",皮肤,所有人群,无传染性,医保疾病,皮肤科 中医科,皮肤颜色 皮肤试验 [详细],色素异常 色素性皮损 色素脱失 额部白斑 皮肤硬化 [详细],药疹 带状疱疹 贫血 重症肌无力 银屑病 [详细],药物治疗 [详细],白癜风胶囊 盐酸氮芥酊 甲氧沙林片 [详细],1-3个月,10%(早期白癜风是可以治愈的),
胃癌,癍瘕积聚,胃,50岁～80，男女之比2比1，农村的发病率是城市的1.6倍,无传染性,医保疾病,肿瘤科 消化内科,胃部检查 肿瘤筛查 糖脂类肿瘤标志物 肿瘤标志物 气钡双对比造影 [详细],肚子疼 进行性消瘦 上腹不适 胃脘饱胀 呕血 [详细],幽门梗阻 腹膜炎 黄疸 消化道出血 肠瘘 [详细],化疗、放疗、手术以及中医中药治疗 [详细],云芝糖肽胶囊 复方天仙胶囊 替加氟片 [详细],30天,10%(早起发现很重要),
生殖器疱疹,阴部疱疹,女性生殖 男性生殖,所有人群，成年人为主,有传染性,医保疾病,性病科 传染科,单纯疱疹病毒 [详细],疱疹 脓疱 阴茎疼痛 白色恶露 阴囊瘙痒 [详细],,药物治疗 [详细],泛昔洛韦片 重组人干扰素α... 阿昔洛韦乳膏 [详细],10-30天,70%,市三甲医院约（3000 —— 5000元）;
包皮龟头炎,包皮炎，包皮阴茎头炎,阴茎,成年男性，多半是中年男,无传染性,医保疾病,男科 泌尿外科,阴茎检查 包皮包茎检查 血清卵泡刺激素 血清鳞状上皮细胞癌抗原 产科B超 [详细],珍珠丘疹 阴茎表浅性溃疡 龟头瘙痒 阴部皮肤潮红 阴部灼热 [详细],尿道癌 人流后妇科病 女性尿道癌 宫颈糜烂 盆腔炎 [详细],药物治疗 [详细],高锰酸钾 硼酸洗液 醋酸氟轻松搽剂 [详细],7-14天,90%,
腰椎间盘突出,椎间盘突出，腰间盘突出,脊柱 腰部,20-50岁男性,无传染性,医保疾病,骨科 中医科,椎板间隙显微内窥镜 胸腹部垫枕试验 脊柱压痛与叩击痛 脊柱检查 脑膜刺激征 [详细],椎间盘退行性变 腰脊椎疼痛 惧站立，喜依托 胸腰段及腰椎前凸消失 根性坐骨神经痛 [详细],坐骨神经痛 椎间隙感染 血管损伤 瘫痪 肉痉 [详细],西医治疗、中医治疗 [详细],腰痛宁胶囊 骨筋丸胶囊 腰痹通胶囊 [详细],1-3个月,>30%,市三甲医院约（3000 —— 5000元）
肺癌,"支气管癌,支气管肺癌",肺,４０岁以上男性，抽烟者,无传染性,医保疾病,肿瘤科 呼吸内科,肺部检查 痰培养 支气管镜 胸部平片 胸部磁共振 [详细],肺部肿块 痰有恶臭味 肩背痛 咳嗽 咳痰 [详细],慢性支气管炎 肺气肿 冠心病 肺水肿 肺炎 [详细],手术治疗、化学治疗 [详细],益肺清化膏 益肺清化颗粒 仙蟾片 [详细],1-2个月,40%,
鼻窦炎,"鼻渊,鼻炎",鼻,所有人群,无传染性,医保疾病,耳鼻喉科,鼻窦检查 耳鼻咽喉CT 鼻腔内镜 鼻咽部MRI 鼻腔检查 [详细],鼻窦压痛 脓鼻涕增多且不易擤尽 深侧鼻塞 鼻塞及反射性头痛 清晨或上午头痛 [详细],视神经炎 球后视神经炎 骨折 鼻炎 神经炎 [详细],药物治疗、手术治疗 [详细],加替沙星注射液 去氧肾上腺素溴... 通窍鼻炎颗粒 [详细],120天,80%,
脚气,香港脚，脚癣,足部 皮肤,成人，大部分是男性,有传染性,非医保疾病,皮肤科 中医科,尿维生素B1 [详细],真菌感染 脚臭 手、足部厚壁水疱 干性脚气 水疱或大疱损害 [详细],,药物治疗 [详细],盐酸特比萘芬乳... 冰黄肤乐软膏 复方苦参水杨酸... [详细],7-21天,80%,市三甲医院约（50-100元）;
肩周炎,"肩关节组织炎,冻结肩,肩凝症，肩痹",肩部,所有人群，一般都是办公的人。,无传染性,非医保疾病,骨科 中医科,肩部压痛 引颈试验 骨关节及软组织CT 冈上肌肌腱断裂试验 杜加斯征 [详细],肩关节活动受限 肩膀酸疼 肩部运动受限 肩痛 撞击征 [详细],骨关节炎 [详细],药物治疗、物理治疗、手术治疗 [详细],腰痛宁胶囊 牛痘疫苗接种家... 奥沙普秦分散片 [详细],7-15天,80%,市三甲医院约（1000 —— 2000元）
乳腺癌,乳癌,乳房,45-55岁女性，绝经期过迟，超过55岁尚未绝经的女性。,无传染性,医保疾病,肿瘤科 乳腺外科,外科检查 乳房摄片 肿瘤标志物 血清胎儿碱性蛋白 淋巴显像 [详细],乳房肿块 乳腺癌的远处转移 乳晕深部可扪及肿块 腋下淋巴肿大 胸大肌外侧缘处如花生米大小的肿块 [详细],乳腺结核 贫血 积聚 肿胀 湿疹 [详细],西医治疗、中医治疗、手术治疗 [详细],氯氧喹胶囊 阿那曲唑片 复方氟尿嘧啶口... [详细],>120天(手术治疗配合放化疗),>20%(手术治疗),
痔疮,痔核，痔病，痔疾,肛门,久坐不动，妊娠孕妈妈，暴饮暴食，蹲厕看报人群,无传染性,医保疾病,肛肠外科,肛门指检 [详细],静脉曲张性外痔 痔出血 便血鲜红 排便障碍 炎性外痔 [详细],缺铁性贫血 贫血 内痔 混合痔 外痔 [详细],药物治疗、饮食疗法、手术治疗 [详细],肛泰 麝香痔疮栓 肛泰栓 [详细],4-8周,80%,市三甲医院约（1000 —— 2000元
子宫肌瘤,子宫良性肿瘤，纤维肌瘤，子宫纤维瘤,子宫,35岁以上的妇女,无传染性,医保疾病,妇科 肿瘤科,盆腔和阴道B超 妇科B超 子宫输卵管造影 肿瘤前哨淋巴结显像 磁共振血管造影 [详细],阴道分泌物增多 白带增多 腰骶部酸痛 下腹部包块 非怀孕的下腹增大 [详细],盆腔炎 卵巢囊肿 绝经 卵巢肿瘤 [详细],药物治疗、手术治疗 [详细],丹鳖胶囊 复方醋酸棉酚片 宫瘤宁片 [详细],30天-60天,90%,市三甲医院约（5000- 10000元）
小阴茎,,阴茎,男性,无传染性,非医保疾病,男科,阴茎检查 颅脑CT 脑垂体CT 放射性核素肾扫描 染色体核型分析 [详细],阴茎短 睾丸发育不全 痛性阴茎勃起 男子性功能障碍 无睾丸 [详细],阳痿 早泄 [详细],药物治疗、手术治疗 [详细],枸橼酸氯米芬胶... 补肾斑龙片 壮阳春胶囊 [详细],手术治疗周期15天,治愈率89%,
乳腺增生,"乳房囊性增生病,乳腺小叶增生，乳腺增生症,乳腺结构不良症,乳痛症",乳房,30-50岁女性,无传染性,医保疾病,乳腺外科 妇科,乳房触诊 乳房检查 外科检查 乳腺检查 乳腺超声 [详细],乳腺隐痛 结节 囊肿 经期前乳房痛 腋窝痛 [详细],乳腺癌 月经不调 [详细],药物治疗、手术治疗 [详细],乳块消胶囊 乳增宁片 散结乳癖膏 [详细],1-3个月,20%-30%,
尖锐湿疣,"尖圭湿疣,生殖器疣,性病疣，肛门生殖器疣",女性生殖 男性生殖,性活跃人群,有传染性,医保疾病,性病科 传染科,HPV检查 醋酸白试验 [详细],湿疣 外阴鳞状上皮疣状增生 出血性丘疹 溃疡分泌物恶臭 乳头状肿物 [详细],梅毒 淋病 阴茎癌 外阴癌 疣 [详细],西医药物疗法、中医药物治疗、激光治疗 [详细],盐酸氨酮戊酸外... 阿昔洛韦乳膏 转移因子胶囊 [详细],30天,30%,市三甲医院约（5000 —— 10000元;
分泌性中耳炎,"胶耳,中耳炎,渗出性中耳炎,卡他性中耳炎,非化脓性中耳炎",耳,儿童。所有人群,无传染性,医保疾病,耳鼻喉科,耳廓检查 脑诱发电位 声阻抗 电测听 语言检查法 [详细],耳内发胀 耳道流脓 小儿发热 耳内疼痛 耳根部疼痛 [详细],粘连性中耳炎 鼓室硬化症 [详细],药物、手术治疗 [详细],克拉霉素片 过氧化氢溶液 罗红霉素胶囊 [详细],2-4周,90%,市三甲医院约（10000 —— 50000元）
阴虚火旺,,全身,青年人,无传染性,非医保疾病,中医科,,口干舌燥 舌尖红绛 五心烦热 易激惹 口鼻生疮 [详细],颅咽管瘤 口腔溃疡 脑血管瘤 脑囊虫病 垂体性侏儒症 [详细],药物治疗 [详细],龟芪参口服液 玉盘消渴片 知柏地黄丸 [详细],,100%,
老年性阴道炎,萎缩性阴道炎,阴道,老年女性,无传染性,医保疾病,妇科 老年科,阴道活检 白带常规 白带检查 子宫疾病自检 阴道病原体 [详细],急性阴道感染 膀胱阴道瘘 阴道干涩 阴道分泌物增多 性交疼痛 [详细],糖尿病并发泌尿系感染 泌尿生殖系真菌病 老年人泌尿系统感染 [详细],药物治疗 [详细],保妇康栓 甲硝维参阴道栓... 妇洁阴洗液 [详细],4-8周,65%-75%,
脂溢性皮炎,脂溢性湿疹，面部脂溢性皮炎,皮肤,成人及新生儿,无传染性,医保疾病,皮肤科 内分泌科,皮肤病的物理检查 真菌组织病理学 [详细],红斑鳞屑 油腻性鳞屑 鳞屑样痂皮 头皮结痂 丘疹 [详细],酒渣鼻 粉刺 脱发 [详细],药物治疗 [详细],酮康他索乳膏 哈西奈德乳膏 丙酸氯倍他索乳... [详细],3-6周,80%,市三甲医院约（500-1000元）
肾病综合征,"肾病变综合征,肾综，肾水，肾病",肾,所有人群,无传染性,医保疾病,肾内科 中医科,载脂蛋白A1\载脂蛋白B比值 血浆组织纤溶酶原活化物活性 血脂 检眼镜检查法 尿常规 [详细],蛋白尿 低蛋白血症 血浆胆固醇水平高 全身持续性水肿 高血脂性血管损害 [详细],肺栓塞 腹膜炎 尿路梗阻 血尿 贫血 [详细],一般治疗、对症治疗、中药治疗 [详细],雷公藤多苷片 甲泼尼龙片 转移因子胶囊 [详细],3个月,60%,市三甲医院约（5000-15000元）
股癣,,臀部 皮肤,青年人，男性多于女性,无传染性,医保疾病,皮肤科 中医科,皮肤真菌镜检 真菌培养 [详细],大腿内侧红斑 股部内侧靠近阴囊处的皮疹 腹股沟痒 鳞屑 瘙痒 [详细],暂无相关资料,药物治疗 [详细],硝酸咪康唑乳膏 硝酸咪康唑乳膏 硝酸咪康唑乳膏 [详细],3-5月,70%,市三甲医院约（3000 —— 5000元）
直肠息肉,,肠,男性较女性多见,无传染性,医保疾病,肛肠外科 消化内科,直肠镜 直肠指检 肛门指检 [详细],便血 脓血便 息肉 肛乳头肥大 息肉样损害 [详细],直肠癌 [详细],药物治疗、手术治疗 [详细],肠康片 止痢宁片 肠康胶囊 [详细],2周,外科手术治愈率约为85%,
支原体肺炎,"伊顿肺炎,伊顿氏肺炎,原发性非典型性肺炎，冷凝集阳性肺炎",肺,所有人群,无传染性,医保疾病,呼吸内科 传染科,痰液细菌培养 结核杆菌基因检测 痰液病原体 冷凝集试验 血支原体抗体 [详细],发作性咳嗽 头痛 周身不适 黏液脓性痰 气短 [详细],暂无相关资料,药物治疗、支持疗法 [详细],麦迪霉素片 白头翁止痢片 罗红霉素分散片 [详细],6-8周,60-80%,市三甲医院约（5000 —— 8000元）
皮肤病,,皮肤,所有人群,无传染性,非医保疾病,皮肤科,滤过紫外线检查 皮肤定位觉 [详细],皮肤瘙痒 皮肤搔痒 皮肤潮红肿胀 风团 股部内侧靠近阴囊处的皮疹 [详细],暂无相关资料,药物治疗、物理治疗 [详细],皮肤病血毒丸 皮肤病血毒片 皮肤病血毒丸 [详细],,50%,市三甲医院约（3000 —— 5000元）
胃肠神经官能症,"胃肠道功能紊乱,胃肠综合征",胃 肠,所有人群,无传染性,非医保疾病,胃肠外科 消化内科,气钡双对比造影 内镜检查 胃液显微镜检查 胃肠道疾病的超声检查 [详细],粪便量多 恶食酸物 胃肠功能不良 小胃综合征 小指半月甲呈粉红色 [详细],焦虑症 [详细],药物治疗 [详细],奥替溴铵片 双金胃肠胶囊 胃肠宁颗粒 [详细],2-4周,80%,
黑色素瘤,"黑色素细胞瘤,色素病,脱疽,厉疽",皮肤,于中老年人较多，男比女多发。,无传染性,医保疾病,肿瘤科 皮肤科,脑脊液细胞学检查 电子皮镜 肿瘤前哨淋巴结显像 肿瘤放射免疫显像 血清NSE [详细],黑痣 淋巴结肿大 皮肤痣 瘙痒 色素性皮损 [详细],,药物治疗 [详细],湿毒清胶囊 冰黄肤乐软膏 湿毒清片 [详细],1--3周,70%,
骨折,,骨,所有人群,无传染性,非医保疾病,骨科 中医科,四肢的骨和关节平片 前臂直尺试验 [详细],活动受限 纵行骨折 斜形骨折 撕脱骨折 舌型骨折 [详细],褥疮 骨质疏松 骨化性肌炎 尿道损伤 脾破裂 [详细],保守治疗、手术治疗 [详细],骨康胶囊 骨折挫伤胶囊 骨炎灵片 [详细],1-3个月,95%,
败血症,"败血病,菌血症",血液血管 全身,"营养不良,贫血，糖尿病及肝硬化的患者",无传染性,医保疾病,呼吸内科 心血管内科,血液及骨髓细菌培养 骨髓细菌培养 细菌的CAMP试验 白细胞分类计数 胸部平片 [详细],头痛 昏迷 寒战 高热 意识模糊 [详细],,药物治疗 [详细],氟氯西林钠胶囊 替硝唑片 苯唑西林钠片 [详细],7-14天,90%,
跖疣,"牛程蹇,瘊子",足部,所有人群,有传染性,医保疾病,皮肤科 外科,,掌跖角化过度 压痛 掌趾皮肤黄色角化物 表皮角化 角质增厚 [详细],,手术治疗、激光治疗、药物治疗 [详细],疣体剥离刀 [详细],1-2周,85%,市三甲医院约（500 —— 800元）;
子宫脱垂,子宫脱出,子宫,女性人群,无传染性,医保疾病,妇科 生殖健康,阴道窥器检查 妇科常规检查 盆腔和阴道B超 妇科B超 盆腔CT [详细],子宫呈葫芦状 子宫附件肿块 子宫下垂 腰骶部酸痛 白带增多 [详细],子宫脱垂 流产 卵巢早衰 中气不足 子宫性不孕 [详细],药物治疗 [详细],酒石酸托特罗定... 聚甲酚磺醛溶液 阴痒康洗剂 [详细],8-12周,外科手术治愈率约为60-70%,不同医院收费标准不一致，市三甲医院约（1000 —— 3000元）
气胸,自发性气胸,肺,老年人,无传染性,医保疾病,呼吸内科 心胸外科,动脉血气分析 胸部平片 胸部CT 胸部磁共振 肺弥散功能 [详细],胸痛 胸闷 烦躁不安 紫绀 呼吸困难 [详细],,药物治疗、手术治疗 [详细],复方丹参滴丸 止咳丸 冠心苏合丸 [详细],15天,86.20%,
梅尼埃病,内耳眩晕症，美尼尔病,耳,30～50岁的中、青年人,无传染性,医保疾病,耳鼻喉科 神经内科,听力检查 前庭功能 耳蜗电图 纯音听力计检查法 声阻抗 [详细],吞咽困难 复听 恶心 耳鸣 发作性眩晕 [详细],耳聋 拉肚子 [详细],西医药物治疗 [详细],桂利嗪片 甲磺酸倍他司汀... 复方天麻蜜环糖... [详细],3-6个月,70%，多以对症治疗为主,
面瘫,"Bell麻痹,特发性面神经麻痹,面神经麻痹,面神经炎,歪嘴巴,歪歪嘴,吊线风,吊斜风,歪嘴风",面部 周围神经系统,所有人群,无传染性,非医保疾病,神经内科 中医科,眼科检查 三叉神经运动功能 眼睑检查 面神经检查 面神经的运动检查 [详细],口眼歪斜 早上起床突然发现面颊动作不灵或歪斜 口角下垂 鼻唇沟变浅 口角歪斜，无法说话 [详细],面肌痉挛 尿道癌 人流后妇科病 女性尿道癌 宫颈糜烂 [详细],药物治疗、针灸治疗 [详细],大活络丸 天蚕胶囊 天蚕胶囊 [详细],14-30天,20%,
鼠标手,"迟发性正中神经麻痹,腕管综合症",上肢 关节,发于30～50岁年龄，女性为男性的5倍。双侧发病者约占1/3～1/2，双侧发病者女∶男为9∶,无传染性,非医保疾病,骨科 手外科,关节镜 肌电图 四肢的骨和关节平片 伸腕试验 屈腕试验 [详细],拇、食、中三指有放射痛 腕部疼痛 手腕在大拇指侧的疼痛 肌肉萎缩 食指和中指僵硬痛麻 [详细],,手术治疗、药物治疗 [详细],辣椒风湿膏 通络开痹片 盐酸氨基葡萄糖... [详细],,80%,
鼻息肉,鼻痔,鼻,所有人群,无传染性,医保疾病,耳鼻喉科 普外科,前鼻镜 头颅平片 鼻腔内镜 [详细],息肉 鼻内似有擤不出的鼻涕 鼻塞 头痛 蛙状鼻 [详细],,药物治疗、手术治疗 [详细],鼻炎通喷雾剂 七叶皂苷钠片 氨酚那敏片、维... [详细],3--7天,85%,
下肢静脉曲张,,下肢 血液血管,常见于从事持久体力劳动或站立工作的人员,无传染性,医保疾病,心血管内科 血管外科,交通静脉瓣膜功能试验 尿常规 普拉特试验 大隐静脉瓣膜功能试验 [详细],静脉曲张 下肢浅静脉曲张 下肢无力 [详细],脉管炎 血栓性静脉炎 [详细],物理疗法、手术治疗 [详细],七叶皂苷钠片 复方七叶皂苷钠... 积雪苷霜软膏 [详细],手术治疗周期21天,治愈率97%,市三甲医院约（2000 —— 5000元）
血小板减少症,血小板减少,血液血管,所有人群,无传染性,医保疾病,血液科,骨髓象分析 血清抗血小板抗体 血小板分布宽度 [详细],皮肤青紫色改变 血小板减少 月经量多 怕冷 乏力 [详细],鼻出血 [详细],中医药物治疗、西医药物治疗 [详细],地榆升白片 微达康颗粒 血宁糖浆 [详细],3-6月,85%,
网球肘,"桡侧伸腕肌肌腱损伤,肱骨外上髁炎,桡肱骨粘液囊炎",肘部,青壮年、运动员,无传染性,医保疾病,骨科,一般摄片检查 骨关节及软组织CT 前臂伸肌紧张试验 网球肘试验 [详细],,,物理治疗、药物治疗 [详细],洛索洛芬钠片 双氯芬酸二乙胺 氧氟沙星氯化钠... [详细],治疗周期120天,治愈率20%,
耳聋,"聋,听力障碍,重听",耳,所有人群，中老年人为多,无传染性,医保疾病,耳鼻喉科 五官科,音叉检查 听力检查 前庭功能 电测听 纯音听力计检查法 [详细],神经性耳聋 中枢性耳聋 传导性耳聋 耳蜗性耳聋 [详细],肾炎 耳鼻咽喉创伤 工业毒物中毒性周围神经病 听小骨创伤 小儿遗传性慢性进行性肾炎 [详细],药物治疗、手术治疗 [详细],人参鹿茸丸 愈风宁心片 活力苏口服液 [详细],1--6个月,20--30%,市三甲医院约（5000-10000元）
眩晕,"前庭系统性眩晕,前庭性眩晕,真性眩晕",颅脑 耳,所有人群,无传染性,医保疾病,神经内科 耳鼻喉科,脑电图 内听道片 颅脑MRI 颅脑超声检查 位听神经检查 [详细],头晕 恶心 发作性眩晕 旋转性眩晕 颈性眩晕 [详细],耳聋 低血糖 猝死 脑脓肿 贫血 [详细],,天麻蜜环菌片 田七花叶颗粒 眩晕宁片 [详细],,暂无相关资料,
处女膜闭锁,,阴道,青春期女孩,无传染性,医保疾病,妇科 生殖健康,外阴部妇科常规检查 宫颈妇科常规检查 妇科常规检查 妇科B超 腹部包块 [详细],处女膜无孔 无月经来潮 下腹部包块 下腹痛 肚子疼 [详细],便秘 肛门异位 [详细],手术治疗 [详细],止痛化癥胶囊 桂枝茯苓胶囊 益母草颗粒 [详细],3天,98%,不同医院收费标准不一致，市三甲医院约（1000-5000元）
皮脂腺囊肿,粉瘤，皮脂囊肿，粉刺,面部 皮肤,青年男性,无传染性,医保疾病,皮肤科,皮肤涂片显微镜检查 皮肤癌检测 [详细],皮下囊肿 皮肤粘连 皮下结节 皮下脂肪粒 [详细],皮脂腺癌 皮脂腺腺瘤 皮脂囊肿病 [详细],手术治疗、药物治疗 [详细],消癌平片 复方斑蝥胶囊 注射用香菇多糖 [详细],1-2周,98%,
蛛网膜下腔出血,"脑出血,蛛网膜下出血",颅脑,30～40岁青壮年多见，也有的报道80%的发病年龄在30～69岁。男性稍多于女性。,无传染性,医保疾病,脑外科 神经内科,脑血管造影 脑膜刺激征 尿常规 脑脊液检查-化学检查-蛋白质检查 脑脊液细胞分类计数 [详细],脑膜刺激症状 定位神经体征 偏瘫 癫痫和癫痫样发作 头痛 [详细],,手术治疗、药物治疗 [详细],尼莫地平注射液 复方芦丁片 独一味软胶囊 [详细],2-4周,70%,
猩红热,烂喉丹痧,咽喉 全身,儿童,有传染性,医保疾病,传染科,狄克试验 腹部皮肤检查 尿常规 耳、鼻、咽拭子细菌培养 结核菌素皮内试验 杆菌肽抑菌试验 猩红热红疹消退转白试验 [详细],高热 杨梅样舌 猩红热样皮疹 咽痛 头痛 [详细],,西药治疗 [详细],头孢克洛干混悬... 青霉素V钾片 红霉素肠溶胶囊 [详细],,85%,市三甲医院约10000--30000元;
腮腺炎,,面部,儿童、青少年,有传染性,非医保疾病,内分泌科 口腔科,尿常规 心电图 血清淀粉酶 尿淀粉酶 补体结合试验 血凝抑制试验 血清淀粉酶同工酶 磁共振水成像 血清卵泡刺激素 血清鳞状上皮细胞癌抗原 [详细],腮腺肿大 发烧 怕冷 咽痛 温毒厥脱 [详细],慢性阻塞性腮腺炎 慢性化脓性腮腺炎 急性化脓性腮腺炎 化脓性腮腺炎 尿道癌 [详细],西药治疗、中药治疗、针灸治疗 [详细],腮腺炎片 麻疹腮腺炎联合... 麻疹腮腺炎联合... [详细],14天,93%,市三甲医院约(5000--10000元）;
脑膜炎,,颅脑,中老年人,有传染性,医保疾病,脑外科 传染科,脑脊液一般性状 脑脊液的化学检查 脑膜刺激征 脑脊液结核性脑膜炎抗体 脑脊液脑膜炎球菌抗原 颅脑CT 脑脊液葡萄糖 脑脊液细胞计数 血清补体C6 脑脊液蛋白定量 [详细],头痛 颈部僵硬 抽搐 脑脊液白细胞增加 食欲不振 [详细],,药物治疗 [详细],伊曲康唑胶囊 利福喷丁胶囊 异烟肼片 [详细],2-4个月,50%,市三甲医院约（3000-5000元）;
胃下垂,低位胃，胃缓,胃,多见于瘦长无力体型者、久病体弱者、经产妇、多次腹部手术有切口疝者和长期卧床少动者,无传染性,医保疾病,消化内科,腹部平片 胃钡餐造影 胃肠道疾病的超声检查 [详细],腹胀 压痛 恶心 肚子疼 继发性便秘 [详细],,药物治疗 [详细],甲氧氯普胺片 附子理中丸 补中益气丸(水... [详细],1-2个月,60%,
肾盂肾炎,,肾,成年人,无传染性,医保疾病,肾内科,肾病类尿常规 尿常规 尿液细胞学检查 尿浓缩试验 尿酸 [详细],腰酸背痛 肾区压痛 高热寒战 发烧 头痛 [详细],暂无相关资料,药物治疗 [详细],复方α-酮酸片 吗替麦考酚酯胶... 他克莫司胶囊 [详细],治疗周期90天,治愈率82%,市三甲医院约（500-1000元）
扁桃体炎,,咽喉,儿童，青少年,无传染性,医保疾病,耳鼻喉科 呼吸内科,暂无相关资料,恶寒 高热 喉咙痛 咽痛 疲劳 [详细],慢性舌扁桃体炎 急性舌扁桃体炎 急性扁桃体炎 慢性扁桃体炎 [详细],药物治疗 [详细],板蓝根颗粒 蒲地蓝消炎口服... 阿莫西林片 [详细],2-3周,一般经过治疗后100%可以痊愈,市三甲医院约（500-1000元）
脑动脉硬化症,脑动脉硬化，脑络痹,颅脑 血液血管,于40岁以上的中老年人，男性多于女性，有高血压、糖尿病、高脂血症、长期吸烟、饮酒及,无传染性,医保疾病,神经内科,便常规 大生化检查 血液生化六项 尿常规 颈动脉彩超 [详细],脑缺血 脑功能不全 疲乏 记忆力障碍 伴高血压 [详细],高脂血症 糖尿病和高血压 [详细],药物治疗 [详细],通脉颗粒 尼麦角林片 脑心清片 [详细],3-6周,70%,
新生儿肺炎,"小儿肺炎,新生儿吸入性肺炎和感染性肺炎",肺,新生儿,无传染性,医保疾病,儿科 呼吸内科,血清免疫球蛋白M WBC 耳、鼻、咽拭子细菌培养 痰培养 胸部平片 [详细],新生儿气促 鼻翼扇动 喘息 呼吸困难 肺部啰音 [详细],,药物治疗及支持疗法 [详细],头孢氨苄甲氧苄... 了哥王片 地红霉素肠溶胶... [详细],7-21天,70%,
一期梅毒,硬下疳,女性生殖 男性生殖,所有人群,有传染性,非医保疾病,性病科 传染科,不加热血清反应素实验 梅毒螺旋体抗原血清试验 基因诊断技术检测梅毒螺旋体 血清梅毒螺旋体抗体 梅毒血清试验 梅毒螺旋体血球凝集试验 [详细],淋巴结肿大 硬下疳 [详细],瘫痪 主动脉瓣关闭不全 心肌梗塞 [详细],中医药物治疗、西医药物治疗 [详细],红霉素肠溶胶囊 盐酸米诺环素胶... 盐酸米诺环素片 [详细],3-6个月,85%,不同医院收费标准不一致，市三甲医院约（10000 —— 50000元）;
肠易激综合征,"肠道易激综合征,应激性结肠综合征，结肠过敏；结肠功能紊乱",肠,便秘型女性为主，腹泻型男性为主,无传染性,非医保疾病,消化内科 中医科,胃肠道功能动力学检查 胃钡餐造影 纤维结肠镜 乙状结肠镜检查 肠道通过时间和压力 [详细],肚子疼 排便障碍 腹胀 稀便 原发性便秘 [详细],,药物治疗 [详细],参倍固肠胶囊 复方谷氨酰胺肠... 达立通颗粒 [详细],1-2个月,85%,
急性咽炎,,咽喉,所有人群，抽烟男性,无传染性,医保疾病,耳鼻喉科,体温 口腔内窥镜 [详细],咽喉干燥及灼热感 头痛 关节酸痛 咽痛 吞咽痛 [详细],急性喉炎 肺炎 急性蜂窝组织炎 [详细],药物治疗 [详细],芩石利咽口服液 双羊喉痹通颗粒 喉疾灵胶囊 [详细],治疗周期15天,治愈率84%,
慢性淋巴结炎,,淋巴,所有人群,无传染性,医保疾病,内分泌科,涂片 局部淋巴显象 普通透视检查 头颅平片 [详细],口腔黏膜溃疡 腋区疼痛 透明血管型 淋巴结肿大 淋巴结疼痛 [详细],蜂窝织炎 [详细],药物治疗、手术治疗 [详细],开喉剑喷雾剂 口炎清颗粒 司帕沙星 [详细],10天,70%,不同医院收费标准不一致，市三甲医院约（500-1000元）
胃息肉,,胃,60岁以后,无传染性,医保疾病,胃肠外科 消化内科,上消化道X线钡餐 胃钡餐造影 内镜检查 胃粘膜活检 [详细],肚子疼 腹胀 食欲不振 恶心 上腹不适 [详细],幽门梗阻 [详细],手术治疗 [详细],奥美拉唑肠溶胶... 安中片 奥美拉唑肠溶胶... [详细],3-6周,90%,不同医院收费标准不一致，市三甲医院约（5000-10000元）
结核性胸膜炎,,肺,所有人群,有传染性,医保疾病,呼吸内科,胸腔积液微生物学检查 胸透 达阿马托征 胸腔积液免疫化学检查 胸腔积液一般性状 [详细],咳嗽 胸痛 发烧 气促 低烧 [详细],暂无相关资料,西药治疗、手术治疗 [详细],异烟肼片 利福喷丁胶囊 吡嗪酰胺片 [详细],3-6月,95%,市三甲医院约8000--15000元
慢性扁桃体炎,乳蛾,咽喉,儿童、成年均可发生,无传染性,医保疾病,耳鼻喉科,口腔内窥镜 血清C反应蛋白 [详细],消化不良 咽痛 头痛 扁桃体充血肥大 咽部异物感 [详细],风湿性关节炎 风湿热 心脏病 [详细],药物、手术治疗 [详细],穿心莲软胶囊 银黄滴丸 了哥王片 [详细],1周,98%。,不同医院收费标准不一致，市三甲医院约（4000 —— 8000元）
经前期综合征,"黄体后期心境恶劣障碍,经前紧张症,晚黄体期焦虑症",全身,女性,无传染性,非医保疾病,妇科,白带常规 乳腺B超 乳房摄片 妇科B超 [详细],瘀血性痛经 体重增加 发作性眩晕 乳房胀痛 生理性腹泻 [详细],经行头痛 失眠症 抑郁症 精神障碍 性功能异常伴发的精神障碍 [详细],药物治疗 [详细],地屈孕酮片 盐酸氯丙嗪片 黄体酮胶囊 [详细],国内最认可的有效治疗手段的该病治疗周期（,一般在正规综合三甲医院的典型病例治愈率（,
丹毒,流火病,皮肤 血液血管,所有人,无传染性,医保疾病,皮肤科,真菌组织病理学 [详细],丹毒样外观 皮肤弥漫性红肿 泛发性红色斑块 水疱或大疱损害 高热寒战 [详细],,药物治疗 [详细],鱼石脂软膏 青霉素V钾片 克拉霉素干混悬... [详细],7-10天,90%,
肝损伤,,肝,所有人群,无传染性,医保疾病,肝胆外科 消化内科,RBC 血红蛋白 肝脏超声检查 肝、胆、脾CT 肝胶体显像 [详细],肚子疼 腹膜刺激征 腹胀 血压下降 出冷汗 [详细],胆汁性腹膜炎 休克 [详细],药物、手术治疗 [详细],头孢呋辛酯胶囊 头孢地尼分散片 头孢克肟片 [详细],7-21天,50%,不同医院收费标准不一致，市三甲医院约（10000 —— 50000元）
小儿多动症,"注意缺陷障碍,儿童多动综合征,脑功能轻微失调,轻微脑功能障碍综合征",颅脑,婴幼儿,无传染性,非医保疾病,儿科 精神病科,脑电图 脑诱发电位 [详细],注意力不集中 情绪起伏大 学习困难 易激动 注意力缺乏多动症 [详细],焦虑症 [详细],利它林、右旋苯丙胺、甲基苯丙胺、匹莫林 [详细],多动宁胶囊 盐酸硫必利片 氟哌啶醇片 [详细],1-3年,70%,
丙肝,"丙型病毒性肝炎,丙型肝炎",肝,所有人群,有传染性,医保疾病,传染科 肝炎,丙肝RNA 血清丙肝IgA抗体 血清丙肝抗体免疫球蛋白G 血清丙肝抗体免疫球蛋白M 血清r-谷氨酰基转移酶 [详细],肝脏病变弥漫 肝被膜紧张 肝大而硬 硬化 尿黄似浓茶 [详细],肝硬化 [详细],药物治疗 [详细],注射用重组人干... 注射用重组人干... 转移因子胶囊 [详细],需要终身治疗,需要终身治疗，目前不能治愈,不同医院收费标准不一致，市三甲医院约（5000 —— 8000元）
川崎病,皮肤粘膜淋巴结综合征,皮肤 淋巴,婴幼儿,无传染性,医保疾病,儿科 心血管内科,心电图 动态心电图 经食管超声心动图 多普勒超声心动图 二维超声心动图 [详细],发烧 皮疹 结膜充血 颈部淋巴结肿大 持续性发热 [详细],尿道癌 人流后妇科病 女性尿道癌 宫颈糜烂 盆腔炎 [详细],西药治疗 [详细],七叶皂苷钠片 通络开痹片 田七跌打丸 [详细],4周,90%,
单纯疱疹,单纯性疱疹，热疮,皮肤,所有人群,有传染性,医保疾病,传染科 皮肤科,单纯疱疹病毒 血清化学检查 血清卵泡刺激素 血清鳞状上皮细胞癌抗原 产科B超 浆膜腔积液细胞学检查 阴道清洁度 尿黄体酮 白带常规 阴道病原体 [详细],口唇疱疹 溃疡 下唇微痒增大如蚕茧硬结 淋巴结肿大 疱疹 [详细],角膜炎 尿道癌 人流后妇科病 女性尿道癌 宫颈糜烂 [详细],药物治疗 [详细],酞丁安乳膏 酞丁安搽剂 喷昔洛韦乳膏 [详细],一个月,60%,市三甲医院约（3000—— 5000元）;
慢性盆腔炎,,盆腔 女性生殖,妇女人群,无传染性,医保疾病,妇科,盆腔充气造影 盆腔和阴道B超 阴道镜 子宫输卵管造影 盆腔CT [详细],腰骶部酸痛 下腹坠胀 下腹疼痛 异位妊娠 月经失调 [详细],慢性盆腔疼痛 腹膜炎 肠梗阻 [详细],西药治疗、中药治疗、针灸治疗、物理治疗 [详细],抗宫炎片 止痛化癥胶囊 妇科千金片 [详细],1-3个月,85%,
二期梅毒,,皮肤 淋巴,性活跃人群、多名性同伴尤为多见,有传染性,医保疾病,性病科 传染科,不加热血清反应素实验 血清梅毒螺旋体抗体 梅毒血清试验 梅毒螺旋体血球凝集试验 [详细],梅毒肝 淋巴结肿大 乏力 玫瑰疹 丘疹 [详细],玫瑰糠疹 非性病性梅毒 [详细],西医药物治疗 [详细],盐酸米诺环素片 盐酸米诺环素胶... 依托红霉素颗粒 [详细],14天,70%,不同医院收费标准不一致，市三甲医院约（10000 —— 30000元）;
鸡胸,"楔状胸,驼胸,锥形胸,胸肌裂,鸽胸",肋骨 其他骨,婴幼儿,无传染性,医保疾病,心胸外科 外科,胸围、吸气胸围 胸廓检查 胸部平片 一般摄片检查 胸部外部检查 [详细],儿童胸廓变形 胸骨隆凸 胸廓畸形 胸廓异常 易疲乏 [详细],疝气 鸡胸 漏斗胸 膈肌肿瘤 甘露糖苷贮积症 [详细],药物治疗 [详细],吉祥安坤丸 强身健脑片 益肾蠲痹丸 [详细],1-2年,40%--50%(外科手术治愈率约为40-50%，不影,
急性乳腺炎,急性乳房炎，乳痈，产褥期乳腺炎,乳房,初产妇,无传染性,医保疾病,乳腺外科 妇科,乳房触诊 乳房检查 乳房自检 乳房穿刺针活检 乳房摄片 [详细],泌乳障碍 乳汁淤积 输乳管阻塞 乳汁分泌减少 淋巴结肿大 [详细],菌血症 急性化脓性乳腺炎 [详细],药物治疗、支持疗法 [详细],了哥王片 蒲公英颗粒 复方南板蓝根颗... [详细],治疗周期7天,治%E,
结肠息肉,,肠,所有人群,无传染性,医保疾病,肛肠外科 消化内科,肠镜 直肠指检 直肠镜 乙状结肠镜检查 纤维结肠镜 [详细],肚子疼 里急后重 腹胀 黏液便 排气障碍 [详细],结肠炎 [详细],药物治疗、手术治疗 [详细],>> 应该如何用药？用什么药？ [详细],手术治疗周期5天,治愈率100%,不同医院收费标准不一致，市三甲医院约（3000 —— 8000元）
肝胆湿热,,肝 胆,所有人群,无传染性,非医保疾病,中医科,甲种胎儿球蛋白试验 [详细],肝积水 纳差 恶心与呕吐 腹胀 大便溏泄 [详细],新生儿泪囊炎 副鼻窦炎 脑血管瘤 奔豚气 脑囊虫病 [详细],药物治疗 [详细],地榆槐角丸 龙胆泻肝丸 鸡骨草胶囊 [详细],,100%,市三甲医院约（3000—— 8000元）
牙周炎,单纯性牙周炎,口,35岁以后较为多见,无传染性,医保疾病,口腔科,儿童五官科检查 头颅平片 [详细],创伤 牙龈出血 水肿 脓性分泌物 淋巴结肿大 [详细],牙龈炎 牙周病 [详细],药物治疗 [详细],咽炎清片 甲硝唑口颊片 丁硼乳膏 [详细],,80-90%,
下肢深静脉血栓形成,下肢深静脉血栓,下肢 血液血管,所有人群,无传染性,医保疾病,心血管内科 血管外科,血浆D-二聚体 血液生化六项 血流变学检查 电阻抗体积描记 血管彩超 [详细],胀痛 腓肠肌压痛 皮温降低 静脉血栓 持续性疼痛 [详细],肺栓塞 皮炎 [详细],药物、手术治疗 [详细],羟苯磺酸钙片 迈之灵片 脉管复康片 [详细],,手术治疗为主 为75%,市三甲医院约（10000 —— 50000元）
肾功能不全,"慢性肾功能衰竭,慢性肾衰,肾衰",肾,所有人群,无传染性,医保疾病,肾内科,尿常规 尿液细胞学检查 肾功能 血清免疫球蛋白M 血清免疫球蛋白G [详细],尿酸代谢亢进 昏睡 嗜睡 血压下降 慢性肾功能不全 [详细],高血压 贫血 心力衰竭 心包炎 心肌病 [详细],药物治疗、手术治疗 [详细],氢氯噻嗪片 骨化三醇胶丸 复方α-酮酸片 [详细],3-6个月,60%,不同医院收费标准不一致，市三甲医院约（5000 —— 8000元）
前庭大腺囊肿,"前庭大腺炎,巴氏腺囊肿,巴索林囊肿",外阴,女性人群,无传染性,医保疾病,妇科,外阴部妇科常规检查 宫颈妇科常规检查 妇科常规检查 妇科的保健体检 妇科B超 [详细],阴囊肿大 阴囊肿胀 外阴下坠感 外阴肿胀 囊肿 [详细],外阴肿瘤 外阴表皮样囊肿 [详细],药物治疗、手术治疗 [详细],止痛化癥胶囊 抗妇炎胶囊 宫炎康颗粒 [详细],7-10天,95%,
血尿,,肾 膀胱,所有人群,无传染性,医保疾病,肾内科 泌尿外科,尿常规 尿三杯试验 尿红细胞 血清甲状旁腺激素 左肾静脉“胡桃夹”综合征 [详细],尿血 小儿尿血 无痛性尿血 [详细],,西医药物治疗 [详细],结石通片 二十八味槟榔丸 断血流片 [详细],7-14天,95%(一般经过有效治疗95%可以治愈),
重症肌无力,"获得性自身免疫性重症肌无力,假麻痹性重症肌无力，肌痿，肉痿",免疫系统 肌肉,儿童期较多见，20～40岁发病者女性较多，中年以后发病者多为男性，伴有胸腺瘤的较多见,无传染性,医保疾病,神经内科 中医科,尿常规 脑脊液一般性状 血清抗肌球蛋白抗体 肌电图 腾喜龙试验 [详细],无力 眼睑下垂 面肌无力 疲劳 吞咽困难 [详细],重症肌无力危象 类风湿性关节炎 红斑狼疮 溶血性贫血 [详细],西医药物治疗、中医药物治疗 [详细],健步强身丸 养心安神丸 吉祥安坤丸 [详细],2--6个月,20--30%,
风热感冒,,全身,感冒患者,无传染性,非医保疾病,中医科 呼吸内科,体温 [详细],发烧 头痛 咽喉疼痛 咳嗽 痰呈粘液脓性 [详细],脑血管瘤 流感 脑囊虫病 垂体性侏儒症 发作性睡病 [详细],中医药物治疗 [详细],板蓝根颗粒 板蓝根颗粒 板蓝根颗粒 [详细],7-14天,98%,
三叉神经痛,"法沙吉尔氏神经痛,痛性抽搐，面风痛",面部 周围神经系统,中、老年人女性尤多,无传染性,医保疾病,神经内科,血液电解质 脑脊液检查-化学检查-蛋白质检查 血管造影 脑电图 眼底检查 [详细],面部闪电疼痛 脸部疼痛 面痛 三叉神经分布区麻木感 咀嚼肌痉挛 [详细],,药物疗法、三叉神经电凝术 [详细],卡马西平片 普瑞巴林胶囊 维生素B1片 [详细],30天,95%,
溃疡性结肠炎,慢性非特异性溃疡性结肠炎，结肠炎,肠,35岁左右,无传染性,医保疾病,消化内科,血沉方程K值 WBC 血红蛋白 腹部平片 血管造影 [详细],肚子疼 里急后重 体重减轻 低蛋白血症 便血 [详细],暂无相关资料,药物治疗、手术治疗 [详细],地塞米松磷酸钠... 地塞米松磷酸钠... 地塞米松磷酸钠... [详细],30天,57%,市三甲医院约（3000-5000元）
小儿急性喉炎,喉炎,咽喉,婴幼儿,无传染性,非医保疾病,儿科 耳鼻喉科,肺和胸膜听诊 [详细],咽喉部充血 无力 发炎 犬吠样咳嗽 小儿咳嗽 [详细],慢性呼吸衰竭 急性呼吸衰竭 [详细],药物治疗 [详细],小儿热速清糖浆 复方小儿退热栓 小儿清咽颗粒 [详细],7天,99%,
皮肤癌,,皮肤,30～50岁及50岁以上,无传染性,医保疾病,肿瘤科 皮肤科,皮肤癌检测 皮肤划痕试验 皮肤斑贴实验 皮肤试验 p16基因 [详细],久不消退的红色皮肤疤 溃疡 皮下结节 疣状增殖 [详细],颈部淋巴结转移癌 [详细],药物治疗、手术治疗 [详细],注射用氟尿嘧啶 注射用胸腺肽 亚硒酸钠片 [详细],30天,10%,
亚急性甲状腺炎,"肉芽肿性甲状腺炎,瘿痈，亚急性肉芽肿性甲状腺炎",甲状腺,30-50岁女性为发病高峰,无传染性,医保疾病,内分泌科,白细胞数 血沉方程K值 血清TRAb 血清促甲状腺激素 甲状腺B超 [详细],甲状腺机能亢进 甲状腺肿 低烧 头痛 怕冷 [详细],甲亢 眼球突出 [详细],饮食、运动、药物治疗 [详细],蒲地蓝消炎片 消炎片 甲巯咪唑片 [详细],治疗周期180天,治愈率81%,
EB病毒感染,,全身 鼻,所有人群,有传染性,非医保疾病,传染科 皮肤科,血清EB病毒抗体 血清EB病毒壳抗原IgA抗体 结核杆菌基因检测 嗜异性凝集试验 血检查 [详细],食欲减退 恶心 肝脾肿大 淋巴结肿大 发烧 [详细],脑膜炎 [详细],,阿昔洛韦片 重组人干扰素α... 盐酸吗啉胍片 [详细],,,
输尿管结石,,输尿管,所有人群,无传染性,医保疾病,泌尿外科,静脉尿路造影 泌尿系统CT 尿常规 血液电解质 尿路平片 [详细],低位腰痛 冷汗 尿隐血 无尿 腰部钝痛 [详细],,药物治疗、手术治疗 [详细],尿石通丸 消石片 断血流颗粒 [详细],治疗周期7天,治愈率100%,
非细菌性前列腺炎,,前列腺,成年男性,无传染性,非医保疾病,男科 泌尿外科,尿路平片 内镜检查 前列腺液显微镜检查 血清PSA 前列腺检查 [详细],夜尿增多 尿频 前列腺钙化 前列腺素合成减少 肥大结节纤维组织增生 [详细],不射精症 [详细],药物治疗 [详细],前列通片 前列通瘀胶囊 普乐安片 [详细],,87%,市三甲医院约（1000—— 2000元）
地图舌,"慢性边缘剥脱性舌炎,游走性舌炎",口,体质瘦弱的儿童青年女性,无传染性,医保疾病,口腔科,口腔内窥镜 血清卵泡刺激素 血清鳞状上皮细胞癌抗原 产科B超 浆膜腔积液细胞学检查 [详细],舌头上有长时间不愈溃疡 口干舌燥 舌体深裂 舌痛 舌炎 [详细],肿胀 尿道癌 人流后妇科病 女性尿道癌 宫颈糜烂 [详细],中医药物治疗、西医药物治疗 [详细],点舌丸 冰硼含片 甲硝唑芬布芬胶... [详细],,87%,
皮炎,皮肤炎症,皮肤,所有人,有传染性,医保疾病,皮肤科,皮内试验 皮肤划痕试验 T淋巴细胞亚群 嗜酸性粒细胞数 维生素B3 [详细],皮肤瘙痒 丘疹 慢性湿疹样变 红斑样皮疹 瘙痒 [详细],离位皮炎 急性视网膜色素上皮炎 水母皮炎 发疱性甲虫皮炎 茶毛虫皮炎 [详细],药物治疗 [详细],洁尔阴洗液 发用洗剂 马来酸氯苯那敏... [详细],,暂无相关资料,市三甲医院约（100 —— 300元）
斑秃,圆形脱发，圆秃，鬼剃头,皮肤,可发生在从婴儿到老人的任何年龄，但以中年人较多，性别差异不明显。,无传染性,医保疾病,皮肤科 中医科,血清白介素2 T淋巴细胞亚群 必需微量元素 微量元素 血清促肾上腺皮质激素 [详细],全秃 毛发脱落 毛发稀少 梳头或洗头时头发脱落增加 永久性秃发 [详细],,药物治疗 [详细],固肾生发丸 甘草甜素片 天麻首乌片 [详细],10-30天,60%,
老年人颈性眩晕,老年颈性眩晕,颈部 血液血管,老年人群,无传染性,非医保疾病,骨科 老年科,血红蛋白 头颅平片 颅脑超声检查 裸眼检查法 Frenzel氏眼镜检查法 [详细],猝倒 发作性眩晕 吞咽困难 颈性眩晕 复视 [详细],骨折 [详细],药物治疗 [详细],盐酸乙哌立松片 复方七叶皂苷钠... 天麻蜜环菌片 [详细],3-6年,45%-65%，多以控制症状为主,市三甲医院约10000--50000
子宫肥大,子宫肥大症,子宫,中老年人，生育后女性,无传染性,医保疾病,妇科,盆腔和阴道B超 四维彩超 阴道B超 [详细],月经量多 囊肿 息肉 怀孕时子宫异常增大 单角或双角子宫 [详细],宫颈糜烂 [详细],手术治疗、药物治疗、支持治疗 [详细],益母草软胶囊 益母草软胶囊 益母草软胶囊 [详细],2--8周,50--70%,
玻璃体混浊,,眼,老年人、高度近视者,无传染性,医保疾病,眼科,眼底镜检查法 彻照法检查 [详细],眼前黑影 视力障碍 [详细],,狄奥宁眼药水、维生素C、他巴唑、安妥碘、透明质酸酶 [详细],卵磷脂络合碘片 氨碘肽滴眼液 普罗碘铵 [详细],3周,85%,
疱疹性咽峡炎,,咽喉,所有人群，多见于3～10岁儿童,无传染性,医保疾病,耳鼻喉科 五官科,补体结合试验 涂片 体温 免疫病理检查 血凝抑制试验 [详细],淋巴结肿大 高热 红晕 乏力 肌痛 [详细],肺炎 疟疾 脑膜炎 [详细],药物治疗 [详细],小儿咽扁颗粒 小儿咽扁颗粒 头孢氨苄颗粒 [详细],2-4周,90%,不同医院收费标准不一致，市三甲医院约（500 —— 1000元）
肛周脓肿,,肛门,所有人群,无传染性,医保疾病,肛肠外科,直肠指检 胃肠道疾病的超声检查 脓汁和创伤感染标本细菌学检查 肛门指检 直肠镜 [详细],肛门剧痛 直肠肛门内胀痛不适 肛门疼痛 肛门病变 肛周囊肿 [详细],肛瘘 [详细],药物治疗、手术治疗 [详细],甲磺酸左氧氟沙... 乳酸左氧氟沙星... 氯霉素胶囊 [详细],14天,83%,
葡萄胎,"水泡状胎,水泡状胎块，水泡胎",子宫,孕妇,无传染性,医保疾病,妇产科 妇科,盆腔和阴道B超 HCG β1-妊娠特异蛋白 [详细],肚子疼 怀孕时子宫异常增大 黄素化囊肿 阴道出血 下腹胀痛 [详细],暂无相关资料,手术治疗 [详细],止痛化癥胶囊 去甲斑蝥素片 新福菌素注射液 [详细],3-6个月,80%,市三甲医院约（5000-10000元）
外痔,,肛门,成人,无传染性,医保疾病,肛肠外科,肛门指检 肛门视诊 [详细],疼痛 瘙痒 炎性外痔 静脉曲张性外痔 结缔组织性外痔 [详细],肛裂 贫血 瘙痒症 湿疹 肾病 [详细],药物治疗、手术治疗 [详细],化痔灵片 化痔栓 三七化痔丸 [详细],3天-7天,一般正规综合三甲医院典型病例治愈率为80%,
急性胃炎,急性腐蚀性胃炎，胃瘅,胃,所有人群,无传染性,医保疾病,消化内科,便常规 尿常规 胸透 肝功能 血脂 [详细],胃粘膜充血 食欲不振 嗳气 胃脘饱胀 失水 [详细],消化道出血 休克 脱水 [详细],药物治疗 [详细],庆大霉素普鲁卡... 曲昔匹特片 清胰利胆颗粒 [详细],3-6周,95%,
不射精症,,男性生殖,男性,无传染性,非医保疾病,男科 生殖健康,男性性功能全面测试 性交后试验 精浆α-葡萄糖苷酶 阴囊超声检查 [详细],青春期后无精液 精虚血弱 精子凝集 遗精滑泄 排精不畅 [详细],,药物治疗、手术治疗 [详细],他达拉非片 盐酸伐地那非片 黄精赞育胶囊 [详细],3-6月,80%,
淋巴瘤,淋巴癌,淋巴,青壮年,无传染性,医保疾病,肿瘤科 内分泌科,乳酸脱氢酶 血浆铜蓝蛋白 血清锌 p16基因 血清铜 [详细],淋巴结肿大 肝脾肿大 消瘦 盗汗 持续性发热 [详细],,药物治疗、手术治疗 [详细],依托泊苷软胶囊 六甲蜜胺胶囊 复方环磷酰胺片 [详细],30天-100天,10%,
宫颈炎,宫颈炎症,子宫,女性,无传染性,非医保疾病,妇科,宫颈妇科常规检查 宫颈粘液相合试验 子宫颈涂片测试 宫颈检查 宫颈分泌物培养 [详细],白带增多 脓血性白带 阴道分泌物增多 阴道血性分泌物 阴道脓性分泌物 [详细],阿米巴性宫颈炎 结核性宫颈炎 急性宫颈炎 慢性宫颈炎 [详细],药物治疗（请阅读宫颈炎的药物治疗） [详细],妇科千金片 抗宫炎片 康妇消炎栓 [详细],1-3个月,70%--85%,
慢性肝炎,,肝,无特殊发病群体,有传染性,医保疾病,肝胆外科 消化内科,肝功能 血浆凝血因子Ⅱ活性 体液免疫检测法 1分钟胆红素 健康体检 尿铜 血清甲型肝炎抗原 甲种胎儿球蛋白试验 精氨酰琥珀酸裂解酶 阿-曼氏试验 [详细],细胞酶活性异常 肝气不足 肝气犯脾 肝郁气滞 肝质地硬 [详细],小儿肝炎再生障碍性贫血综合征 脑血管瘤 颅咽管瘤 发作性睡病 肝炎 [详细],药物治疗 [详细],拉米夫定片 复方鳖甲软肝片 护肝片 [详细],>120天,10%,市三甲医院约（5000-10000元）;
鼻出血,鼻衄,鼻,所有人群,无传染性,医保疾病,耳鼻喉科,鼻腔内镜 [详细],鼻溢液 鼻塞排出脓性或血性分泌物 下鼻甲或中鼻甲肥大 恶心与呕吐 带血粘脓鼻涕 [详细],创伤性鼻出血 新生儿窒息 创伤窒息综合征 创伤性窒息 [详细],药物治疗、手术治疗 [详细],升血小板胶囊 血宁糖浆 三七胶囊 [详细],2-4周,98%,
瘰疬,老鼠疮,颈部,青少年多发,无传染性,非医保疾病,中医科,胸部CT PPD试验 胸部平片 结核杆菌检查 血沉方程K值 [详细],颈部瘰疬 淋巴结结核 [详细],千日疮 天疤疮 水渍疮 猫眼疮 粟疮 [详细],药物治疗 [详细],夏枯草膏 内消瘰疬丸 内消瘰疬丸 [详细],,100%,市三甲医院约（3000—— 8000元）
百日咳,疫咳，顿咳,肺,所有人群，大多是儿童,有传染性,医保疾病,呼吸内科 传染科,胸部平片 聚合酶链反应技术 耳、鼻、咽拭子细菌培养 淋巴细胞数 淋巴细胞计数 [详细],咳嗽 喉部痉挛 流鼻涕 打喷嚏 口唇发绀 [详细],脑出血 脑疝 气胸 肺气肿 脐疝 [详细],药物治疗 [详细],穿心莲软胶囊 大蒜素肠溶胶囊 大蒜素胶囊 [详细],国内最认可的有效治疗手段的该病治疗周期（,100%,市三甲医院约（3000 —— 5000元）;
肝血管瘤,,肝,成年人,无传染性,医保疾病,肝胆外科 消化内科,肝显像 肝脏B超 肝、胆、脾CT 肝动态血池显像 肝、胆、胰、脾MRI [详细],腹部肿块 血管畸形 脉氧合不足 消化不良 肝肿大 [详细],,手术治疗、放射治疗、中医治疗 [详细],抗癌平丸 马来酸曲美布汀... 鸦胆子油口服乳... [详细],3-6个月,90%,
干眼症,,眼,"所有人群,青少年占多数",无传染性,非医保疾病,眼科,泪液分泌试验 泪膜破裂时间 泪液乳铁蛋白 泪液溶菌酶 激发试验 [详细],两眼干涩 结膜充血 眼痛 眼干涩酸胀，易疲劳 角膜干燥斑 [详细],尿道癌 人流后妇科病 女性尿道癌 宫颈糜烂 盆腔炎 [详细],西药治疗、局部治疗 [详细],复方门冬维甘滴... 四味珍层冰硼滴... 复方牛磺酸滴眼... [详细],10天,80%,市三甲医院约3000--8000元
精囊炎,,男性生殖,中青年男性,无传染性,医保疾病,男科 泌尿外科,精液检查 直肠指检 精子爬高试验 前列腺液细胞 精液肉毒碱 [详细],尿频 尿急 尿痛 尿道烧灼感 精囊增大 [详细],前列腺炎 [详细],药物治疗 [详细],盐酸米诺环素胶... 盐酸米诺环素胶... 盐酸左氧氟沙星... [详细],7-14天,60%,
人乳头瘤病毒,"人乳头瘤病毒感染,人乳头状瘤病毒,人疣病毒",皮肤 外阴,有多个性伴侣的人多见,有传染性,非医保疾病,皮肤科 性病科,HPV检查 内镜检查 阴道镜 肠镜 核酸分子杂交 [详细],斑丘疹 湿疣 点状出血 声音嘶哑 呼吸道阻塞 [详细],尖锐湿疣 [详细],激光治疗、药物治疗 [详细],宫颈癌栓 人乳头瘤病毒核... 细胞/组织人乳... [详细],14天,60%,
支气管肺炎,小叶肺炎，小叶性肺炎,肺,所有人，儿童占多数,无传染性,医保疾病,呼吸内科 中医科,痰液细菌培养 痰液病原体 胸部平片 痰培养 儿童支气管镜 [详细],咳嗽 咳痰 呼吸困难 烦躁不安 发烧 [详细],暂无相关资料,西药治疗、中药治疗、饮食调理 [详细],阿莫西林克拉维... 阿莫西林双氯西... 头孢氨苄缓释片 [详细],治疗周期10-20天）,治愈率80%,市三甲医院约3000--6000元
2型糖尿病,II型糖尿病,全身,中老年人群,无传染性,非医保疾病,内分泌科 内科,尿葡萄糖 葡萄糖耐量试验 自我血糖监测 空腹血葡萄糖 葡萄糖胰岛素释放试验 [详细],多尿 多饮 乏力 血糖值升高 体重减轻 [详细],肾脏损伤 糖尿病足 [详细],饮食疗法、运动疗法、药物疗法 [详细],格列吡嗪片 盐酸二甲双胍肠... 盐酸二甲双胍肠... [详细],,91%(上述为控制率),市三甲医院约（5000 —— 80000元）
磨牙,"磨牙症,夜磨牙",口,小儿，过了换牙期的青少年和成人,无传染性,非医保疾病,口腔科,微量元素 寄生虫感染免疫检测 非必需微量元素 必需微量元素 口腔内窥镜 [详细],夜间磨牙 白天不自觉地将牙咬紧 小儿爱咬指甲 [详细],便秘 口臭 [详细],中医药物治疗、西医药物治疗 [详细],甲硝唑芬布芬胶... 复方盐酸阿替卡... 复方盐酸阿替卡... [详细],4-8周,45-65%,
智齿冠周炎,,口,.多发生于年轻人，尤以18～25岁最多见。,无传染性,医保疾病,口腔科,,牙龈肿胀 进食困难 食欲不振 牙齿臭 头痛 [详细],,药物治疗 [详细],丁硼乳膏 维生素C泡腾片 西瓜霜清咽含片 [详细],1-2周,80%,
风湿性心脏病,风心病,心脏,青壮年,无传染性,医保疾病,心血管内科 风湿科,胸部平片 心电图 多普勒超声心动图 心脏血管超声检查 积液乳酸脱氢酶 [详细],胸闷 呼吸困难 心悸 心源性晕厥 乏力 [详细],心力衰竭 感染性心内膜炎 [详细],药物治疗、手术治疗 [详细],利心丸 乙酰水杨酸孕烯... 滋心阴胶囊 [详细],3-6月,80%,市三甲医院约（10000-30000元）
传染性软疣,水瘊子,皮肤,所有人群,有传染性,非医保疾病,皮肤科 传染科,涂片 补体结合试验 [详细],圆形或卵圆形丘疹或结节 丘疹 红色或紫色，稍高起的丘疹或结节 [详细],,西药治疗，中药治疗、物理治疗 [详细],五妙水仙膏 维A酸片 溶菌酶肠溶片 [详细],10-30天,60%,市三甲医院约（500 —— 1000元）;
软下疳,软下疳，杜克雷嗜血杆菌感染,外阴 阴茎,所有人，大多男性，女性比男性的症状一般较轻，潜伏期也长。,有传染性,医保疾病,性病科 中医科,,脓疱 阴部溃疡 淋巴结肿大 阴茎表浅性溃疡 阴茎龟头橡皮肿 [详细],生殖器疱疹 尿瘘 腹股沟肉芽肿 尿道狭窄 包茎 [详细],药物治疗 [详细],阿莫西林双氯西... 阿奇霉素干混悬... 四环素片 [详细],15--30天,75%,市三甲医院约（5000-10000元）;
咽炎,,咽喉,有烟酒嗜好的成年人,无传染性,医保疾病,口腔科 儿科,鼻咽部MRI 耳鼻咽喉CT [详细],咽痛 咽喉干燥及灼热感 咽喉部干燥刺痒 咽部灼热疼痛 咽部充血 [详细],萎缩性咽炎 慢性单纯性咽炎 链球菌性咽炎 急性单纯性咽炎 病毒性咽炎 [详细],药物治疗、饮食治疗 [详细],咽炎片 咽炎片 咽炎清片 [详细],7-10天,85%,市三甲医院约（500 —— 1000元）
尿道结石,"尿路结石,泌尿系结石,石淋",尿道,所有人群,无传染性,医保疾病,泌尿外科 肾内科,尿常规 尿路平片 阴茎超声检查 尿结晶 [详细],急性尿潴留 尿意窘迫 尿痛 尿分叉 [详细],尿道炎 尿道狭窄 尿瘘 [详细],物理治疗、药物治疗 [详细],尿石通丸 消石片 结石通片 [详细],2-4周,80%,市三甲医院约（5000-10000元）
中耳炎,,耳,所有人群,无传染性,医保疾病,耳鼻喉科,声阻抗 [详细],听力减退 耳痛 耳流脓 传导性耳鸣 传导性耳聋 [详细],气压创伤性中耳炎 分泌性中耳炎 粘连性中耳炎 急性化脓性中耳炎 慢性化脓性中耳炎 [详细],西医药物治疗、中医药物治疗 [详细],阿莫西林片 头孢克洛干混悬... 罗红霉素胶囊 [详细],7天,95%,市三甲医院约（500—— 1000元）
阴茎癌,阴茎恶性肿瘤,阴茎,老年男性、包皮垢普、包茎、包皮过长男性,无传染性,医保疾病,肿瘤科 男科,阴茎检查 阴茎海绵体造影 阴茎动脉血压 阴茎血流指数 SW阴茎超声血流检测 [详细],排尿疼痛 腹股沟淋巴结肿大 消瘦 食欲不振 溃疡 [详细],尿道狭窄 [详细],手术治疗 [详细],乌苯美司胶囊 复方环磷酰胺片 替加氟胶囊 [详细],1-2年,65%(外科手术治疗),
子宫息肉,,子宫,于青春期后任何年龄，但常见于35岁以上的妇女。,无传染性,医保疾病,妇科,宫颈活检 TCT [详细],白带增多 月经失调 月经量多 息肉 子宫出血 [详细],,手术摘除息肉、中、西药物治疗 [详细],益母草软胶囊 复方醋酸棉酚片 断血流片 [详细],7-10t天,96%,
肥胖症,,全身,饮食不健康人群、缺乏运动人群,无传染性,非医保疾病,内分泌科 中医科,身体质量指数 体脂率 克托莱指数 BMI指数 血脂 [详细],男性型肥胖 皮肤张力增加 皮下脂肪增多 内脏性肥胖 青春期肥胖 [详细],高尿酸血症 多囊卵巢综合征 糖尿病 [详细],饮食治疗、药物治疗、心理治疗 [详细],奥利司他胶囊 奥利司他片 轻身消胖丸 [详细],6-12个月。,5%。,不同医院收费标准不一致，市三甲医院约（3000 —— 5000元）
消化性溃疡,胃、十二指肠溃疡,胃,所有人群,无传染性,医保疾病,消化内科 胃肠外科,吲哚试验 血清α2-巨球蛋白 胃超声检查 特里布累氏试验 幽门螺杆菌检测 [详细],溃疡疼痛 胃肠道症状 肚子疼 放射性疼痛 烧心 [详细],上消化道出血 幽门梗阻 胃穿孔 [详细],药物治疗、饮食疗法 [详细],艾司奥美拉唑镁... 枸橼酸坦度螺酮... 泮托拉唑钠肠溶... [详细],8-12周,85%,市三甲医院约（3000 —— 5000元）
慢性阑尾炎,阑尾炎,阑尾,所有人群，青年比较多,无传染性,医保疾病,普外科,闭孔内肌试验 压痛及反跳痛 厌氧菌检测 纤维结肠镜 乙状结肠镜检查 [详细],下腹绞痛 肚子疼 腹胀 阑尾缺血充血 胀感 [详细],腹膜炎 [详细],药物治疗、手术治疗 [详细],阑尾消炎丸 阑尾灵颗粒 注射用哌拉西林... [详细],,80-90%,市三甲医院约（500 —— 5000元）
心脏神经官能症,神经循环衰弱症，心脏神经症，功能性心脏不适,心脏,大多发生于青壮年，以20岁~40岁者最多，多见于女性，尤其是更年期妇女。,无传染性,医保疾病,心血管内科 神经内科,心电图 心脏血管超声检查 冠状动脉造影 [详细],心悸 胸闷 气短 心前区隐痛 多梦 [详细],老年人急性左心衰竭 [详细],药物治疗、中医治疗 [详细],酒石酸美托洛尔... 酒石酸美托洛尔... 豆腐果苷片 [详细],1-3个月,80%,市三甲医院约（3000--8000元）
急性扁桃体炎,喉蛾，莲房蛾,咽喉,10～30岁之间的青少年,无传染性,医保疾病,耳鼻喉科,WBC [详细],吞咽痛 恶寒 高热 咽痛 扁桃体充血 [详细],咽旁脓肿 心肌炎 风湿热 蜂窝织炎 链球菌感染 [详细],药物治疗 [详细],穿心莲软胶囊 银黄滴丸 双羊喉痹通颗粒 [详细],7-14天,98%,
功血,异常性子宫出血，功能性子宫出血,子宫 卵巢,女性，大多是中年女性,无传染性,医保疾病,妇科 中医科,阴道细胞学检查 排卵预测试纸 子宫颈黏液检查 子宫输卵管造影 TCT [详细],青春期功血 肚子疼 子宫出血 经期出血 晚发月经 [详细],子宫肌瘤 [详细],药物治疗 [详细],断血流片 益母草胶囊 地屈孕酮片 [详细],,80%,
风寒感冒,,全身,衣着单薄、冒雨受风人群,无传染性,非医保疾病,中医科 呼吸内科,,头痛 流清涕 怕冷 头重如裹 手足逆冷 [详细],新生儿泪囊炎 小儿感冒 颅咽管瘤 感冒 副鼻窦炎 [详细],中医药物治疗 [详细],氯芬黄敏片 午时茶颗粒 祖卡木颗粒 [详细],有效治疗7天,一般及时正规治疗治愈率约为80%,
疣,"瘊子,坚头肉",皮肤,所有人群,有传染性,医保疾病,皮肤科 中医科,HPV检查 [详细],丘疹 表皮角化 皮肤瘙痒 圆形或卵圆形丘疹或结节 掌跖角化过度 [详细],,药物治疗 [详细],盐酸特比萘芬片 维A酸片 鬼臼毒素酊 [详细],7-10天,60%,市三甲医院约（300 —— 500元）;
禽流感,"H7N9,H7N9禽流感,人禽流感",全身,所有人群,有传染性,非医保疾病,传染科 呼吸内科,尿常规 胸部平片 病毒感染免疫检测 血清流感病毒抗体 痰及下呼吸道分泌物标本的细菌学检验 [详细],头痛 一过性的流感样症状 肚子疼 鼻塞 全血细胞减少 [详细],病毒性肺炎 心肌炎 [详细],西药治疗、中药治疗 [详细],帕拉米韦氯化钠... 磷酸奥司他韦胶... 盐酸吗啉胍片 [详细],7-14天,75%,不同医院收费标准不一致，市三甲医院约(10000--30000元);
支气管炎,慢性支气管炎，慢支，老慢支,气管,所有人群，中老年人为多,无传染性,医保疾病,呼吸内科,胸透 肺活量 痰液细菌涂片 肺通气功能 闭合容积 [详细],咳嗽 咳痰 高热 呼吸困难 发绀 [详细],老年人慢性支气管炎 呼吸性细支气管炎间质肺病 急性细支气管炎 小儿慢性支气管炎 小儿急性喉气管支气管炎 [详细],药物治疗、支持疗法 [详细],支气管炎片 清开灵分散片 支气管炎片 [详细],1-6个月,80%,
喉癌,喉疳,咽喉,男性较女性多见，约为8：1,无传染性,医保疾病,肿瘤科 耳鼻喉科,耳鼻咽喉CT MRI 头颅平片 [详细],咽部异物感 喉部堵塞感 咳嗽 咽痛 声音嘶哑 [详细],,手术治疗、放射治疗 [详细],平消胶囊 安替可胶囊 转移因子口服溶... [详细],1-3个月,30%(经过系统治疗本病能够5年生存率在30%),
胃炎,"胃肠感染,肠胃炎",胃,饮食不节人群，男性多于女性,无传染性,医保疾病,消化内科,血清胃泌素 胃蛋白酶 胃液酸碱度 血清抗胃壁细胞抗体 尿常规 [详细],食欲不振 体重减轻 疲乏 腹胀 肚子疼 [详细],暂无相关资料,药物治疗 [详细],康复新液 胃炎宁颗粒 胃炎康胶囊 [详细],7-14天,80%,市三甲医院约（3000 —— 8000元）
鸡眼,胼胝，肉刺,皮肤,所有人群,无传染性,医保疾病,皮肤科 普外科,,,,药物治疗、手术切除 [详细],水杨酸苯酚贴膏 盐酸米诺环素胶... 散结灵胶囊 [详细],7-10天,60%,
膀胱癌,溺血,膀胱,年龄51～70岁,无传染性,医保疾病,肿瘤科 泌尿外科,生殖系统肿瘤检查项目 泌尿系统CT 膀胱B超 血清肿瘤基因P53抗体 HER-2基因 [详细],逼尿肌无反射 耻区肿块 无痛性尿血 脓尿 排尿障碍 [详细],血尿 [详细],手术治疗、药物治疗 [详细],香菇菌多糖片 生血宝颗粒 消癌平糖浆 [详细],3月,60%,
骨关节炎,骨关节病，退行性关节炎，老年性关节炎，肥大性关节炎等,关节,中老年人 ，中年以后发病，发病率随增龄而增加,无传染性,医保疾病,风湿科 骨科,坐位体前屈测试 四肢CT 关节镜 骨三相显象 人体各关节功能活动范围 [详细],关节疼痛 关节畸形 关节肿大 关节积液 骨赘大量增生 [详细],暂无相关资料,药物治疗 [详细],硫酸氨基葡萄糖... 骨肽片 盐酸氨基葡萄糖... [详细],1-2个月,10%,市三甲医院约（3000 —— 5000元）
破伤风,"金疮痉,伤痉",肌肉 全身,所有人群,有传染性,医保疾病,外伤科 传染科,膝反射 颈项强直 [详细],喉头痉挛 角弓反张位 痉笑面容 全身骨骼肌痉挛 四肢抽搐 [详细],褥疮 代谢性酸中毒 呼吸性酸中毒 肺炎 骨折 [详细],药物治疗 [详细],琥乙红霉素片 硬脂酸红霉素颗... 盐酸美他环素胶... [详细],1-3月,30%,市三甲医院约（5000-10000元）;
外阴溃疡,外阴溃疡病,外阴 皮肤,青中年妇女,无传染性,医保疾病,妇科,外阴部妇科常规检查 阴道分泌物涂片 阴道分泌物细胞学检查 白带常规 梅毒血清试验 [详细],会阴溃疡 低烧 疼痛 腹股沟淋巴结肿大 脓血性白带 [详细],阴道炎 [详细],一般治疗、病原治疗、物理治疗 [详细],牛黄消炎片 蒲地蓝消炎片 双黄消炎片 [详细],7天,87%,
肝炎,,肝,所有人群,有传染性,医保疾病,肝炎 传染科,自身免疫抗体检测 1分钟胆红素 血浆凝血因子Ⅴ活性 儿童体检 肝区腹膜摩擦感 反映肝脏贮备功能的试验 健康体检 尿常规 肝功能 定量肝功能试验 [详细],巩膜黄染 肝区痛 肝肿大 食欲不振 肝臭 [详细],发作性睡病 病毒性肝炎 副鼻窦炎 甲肝 缺血性肝炎 [详细],疫苗、药物疗法 [详细],澳泰乐胶囊 护肝宁片 肝速康胶囊 [详细],1-3个月,70%,市三甲医院约（2000 —— 4000元）;
心脏早搏　,期前收缩，期外收缩,心脏 胸部,所有人群,无传染性,非医保疾病,内科 心血管内科,血清卵泡刺激素 血清鳞状上皮细胞癌抗原 产科B超 浆膜腔积液细胞学检查 阴道清洁度 [详细],,尿道癌 人流后妇科病 女性尿道癌 宫颈糜烂 盆腔炎 [详细],,复方八维甲睾酮... 复方八维甲睾酮... 复方八维甲睾酮... [详细],,暂无相关资料,
急性阑尾炎,"阑尾炎,盲肠炎，肠痈",阑尾,所有人群，大多是成年人,无传染性,医保疾病,胃肠外科 普外科,尿常规 直肠指检 闭孔内肌试验 结肠驱气试验 胃肠道疾病的超声检查 [详细],肚子疼 恶心与呕吐 发烧 压痛 右下腹痛 [详细],腹膜炎 阑尾炎 血症 菌血症 [详细],手术治疗 [详细],注射用哌拉西林... 阑尾消炎丸 阑尾灵颗粒 [详细],3-6周,100%,市三甲医院约（5000 —— 8000元）
老年痴呆症,"老年痴呆,阿尔茨海默病,老年性痴呆,老年前期痴呆,早老性痴呆，AD",颅脑 全身,老年人,无传染性,医保疾病,神经内科 老年科,脑电图 MRI [详细],抑郁 肌阵挛 失眠 抽搐 记忆力障碍 [详细],偏执狂 焦虑症 抑郁症 [详细],药物治疗、物理治疗 [详细],尼麦角林片 复方脑蛋白水解... 盐酸吡硫醇片 [详细],1--6个月,10%以下,
佝偻病,"维生素D缺乏病,维生素D缺乏性佝偻病,骨软化,骨软化病,骨软化症,骨质软化,软骨病,英吉利病",全身,婴儿期较为常见,无传染性,医保疾病,骨科,维生素D 胸部平片 腹部平片 脊椎平片 头颅平片 [详细],胸廓畸形 串珠肋 罗圈腿 膝内翻 婴儿枕秃 [详细],贫血 鸡胸 [详细],药物治疗、饮食疗法 [详细],龙牡壮骨颗粒 葡萄糖酸钙锌口... 胆维丁乳 [详细],60天,97%,市三甲医院约（500-1000元）
风疹,"病毒性风疹,德国麻疹,风痧,红疹,流行性蔷薇疹,隐疹,风毒",咽喉 皮肤,学龄前及学龄儿童,有传染性,医保疾病,传染科 皮肤科,补体结合试验 白细胞数 淋巴细胞数 红细胞碱粒凝集试验 中和试验 TORCH检查 淋巴细胞计数 [详细],发烧 皮疹 颈部淋巴结肿大 浅表淋巴结肿大 头痛 [详细],心肌炎 血尿 肾病综合征 贫血 溶血性贫血 [详细],药物治疗 [详细],利巴韦林注射液 双氯芬酸钠缓释... 醋酸地塞米松 [详细],7~10天,91%,市三甲医院约（3000 —— 5000元;
奶癣,"婴儿湿疹,胎敛疮,湿饮疮,干敛疮,湿饮疮",皮肤,出生后1-3个月的婴儿,无传染性,非医保疾病,儿科 皮肤科,皮肤病理检查 皮肤试验 [详细],黄色发亮结痂 剧痒 红斑样皮疹 丘疹 局部淋巴结肿大 [详细],丘疹性荨麻疹 牛痘样水疱病 新生儿脓疱病 湿疹 卟啉病 [详细],中医药物治疗、西医药物治疗 [详细],脂肪乳注射液(C... 脂肪乳注射液 除湿止痒洗液 [详细],周期2-3个月,一般经过治疗98%都能有效治疗。,
酒精肝,酒精性肝病,肝,多在50岁左右出现，80%有5～10年较大量的饮酒史的男性,无传染性,非医保疾病,肝病 消化内科,血清抗肝肾微粒体抗体 血清白蛋白与球蛋白比值 血清总蛋白 游离肝素时间 血清补体C9 [详细],指甲呈扇形 酒精性肝硬化 肝脏病变弥漫 上腹不适 肝掌 [详细],肝硬化 营养不良 贫血 蜘蛛痣 神经炎 [详细],饮食、药物治疗 [详细],肝喜乐胶囊 复方木鸡颗粒 肝复康丸 [详细],1-2年,40-50%,不同医院收费标准不一致，市三甲医院约（5000 —— 10000元）
鱼鳞病,蛇皮癣,皮肤,所有人群，多于儿童。,无传染性,医保疾病,皮肤科,皮肤试验 基因检测 [详细],皮肤干燥 鳞屑 皮肤皲裂 皮肤硬化 表皮角化 [详细],,药物治疗 [详细],参归润燥搽剂 维生素A软胶囊 水杨酸软膏 [详细],>120天(终身间歇性治疗),暂无相关资料,
黄疸,高胆红素血症,皮肤 全身,所有人群。新生儿多,无传染性,医保疾病,肝病 消化内科,1分钟胆红素 尿常规 肝功能 血清球蛋白 血清谷草转氨酶 [详细],皮肤呈浅黄或深金黄色 病理性黄疸 胆红素升高 巩膜黄染 粪便中排出的粪胆原增加 [详细],急黄 积聚 鼓胀 脑病 [详细],药物治疗 [详细],复方金钱草颗粒 胆石通胶囊 九味獐牙菜丸 [详细],14天,95%,
更年期综合征,围绝经期综合征,全身,中老年女性,无传染性,医保疾病,妇科,子宫颈涂片测试 血液生化六项 乳腺B超 乳房活检 乳房自检 [详细],多疑 健忘 神志恍惚 焦虑 迫害妄想 [详细],外阴瘙痒 老年斑 高血压 [详细],一般疗法、心理疗法、药物疗法 [详细],古汉养生精口服... 更年安片 益坤宁颗粒 [详细],,98%,市三甲医院约500-600元
结膜炎,,眼,"所有人群,青少年占多数",无传染性,医保疾病,眼科,结膜的检查 角膜荧光素染色 眼标本的细菌学检查 泪液分泌型免疫球蛋白A 氧化酶试验 [详细],眼睑异物 结膜乳头增生 结膜充血 流泪 红眼 [详细],春季卡他性结膜炎 流行性角结膜炎 包涵体性结膜炎 春季性结膜炎 Theodore上方角膜缘角结膜炎 [详细],局部治疗、全身治疗 [详细],依诺沙星滴眼液 氯霉素滴眼液 妥布霉素地塞米... [详细],20-30天,70%,
慢性胰腺炎,胰胀,胰腺,吸烟、饮酒、饮食不规律人群,无传染性,医保疾病,消化内科,葡萄糖耐量试验 血清碱性磷酸酶 胰腺外分泌功能试验 白细胞数 胰腺CT [详细],肚子疼 持续性疼痛 静脉血栓 胰腺纤维化 腹胀 [详细],胰腺假性囊肿 [详细],药物治疗 [详细],曲匹布通片 曲匹布通片 吲哚美辛片 [详细],,75%,市三甲医院约（3000 —— 5000元）
再生障碍性贫血,髓劳，再障,骨髓 血液血管,青壮年，男性多见,无传染性,医保疾病,血液科,红细胞检查 骨髓显像 骨髓象分析 骨髓红细胞系统 血小板计数 [详细],胃肠道出血 眼底出血和渗出 内脏出血 出血倾向 乏力 [详细],暂无相关资料,支持治疗 [详细],环孢素软胶囊 地榆升白片 氨肽素片 [详细],6-12个月,70%(骨髓移植治疗),市三甲医院约（20000-50000元）
窦性心动过缓,窦性心律失常,心脏,正常青年或运动员、心血管疾病患者,无传染性,医保疾病,心血管内科,心电图 动态心电图 [详细],心动过缓 疲劳 头晕 心率过缓 乏力 [详细],暂无相关资料,药物治疗 [详细],参仙升脉口服液 建参片 [详细],20天,99%,市三甲医院约3000--10000
肠炎,,肠,所有人群，饮食不当的群体，多于青年,无传染性,医保疾病,消化内科,十二指肠钡餐造影 内镜检查 结肠造影 纤维结肠镜 乙状结肠镜检查 [详细],肚子疼 里急后重 体重减轻 低蛋白血症 便血 [详细],阿米巴结肠炎 慢性溃疡性非肉芽肿性空肠回肠炎 老年人假膜性小肠结肠炎 小肠结肠炎耶尔森菌肠炎 弯曲菌肠炎 [详细],药物治疗 [详细],肠炎宁胶囊 肠炎宁胶囊 复方仙鹤草肠炎... [详细],2--3天,98%(经过系统治疗本病都能系统治愈，治愈率,市三甲医院约（1000 —— 3000元）
高尿酸血症,痛风,全身,男性,无传染性,医保疾病,风湿科 中医科,尿酸 血尿酸 [详细],尿酸盐在关节内沉积增多 尿酸结晶 关节液中白细胞内有尿酸结晶 关节肿痛 痛风结节 [详细],高血压 痛风 痛风性关节炎 肾结石 [详细],药物治疗 [详细],硫酸氨基葡萄糖... 依托度酸片 醋氯芬酸胶囊 [详细],10-30天,40%,
慢性浅表性胃炎,非萎缩性胃炎,胃,长期饮食不规律者,无传染性,医保疾病,消化内科,上消化道X线钡餐 [详细],左上腹痛 腹胀 嗳气 食欲不振 反酸 [详细],暂无相关资料,饮食疗法、药物疗法 [详细],三九胃泰颗粒 猴头菌片 胃复春片 [详细],3-6月,96%,市三甲医院约（3000- —— 6000元）
肝癌,,肝,中老年男性,无传染性,医保疾病,肿瘤科 肝胆外科,血清异常凝血酶原 血清丙酮酸激酶 血清醛缩酶同工酶 MRI 血管造影 [详细],右上腹痛 乏力 消瘦 消化不良 腹水 [详细],转移性肝癌 老年人原发性肝癌 原发性肝癌 肝纤维板层癌 肝脏类癌 [详细],手术治疗、放射治疗、化疗、药物治疗 [详细],注射用胸腺五肽 注射用核糖核酸... 灵芝胶囊 [详细],>120天,5%(早期肝癌手术切除后一年生存率达80%以上,
玫瑰糠疹,风热疮,皮肤,多发于青年人或中年人,无传染性,医保疾病,皮肤科 中医科,肝功能 真菌组织病理学 便常规 尿常规 皮肤涂片显微镜检查 [详细],玫瑰疹 红斑鳞屑 皮肤瘙痒 丘疹 痱疹样皮疹 [详细],脑囊虫病 垂体性侏儒症 发作性睡病 颅咽管瘤 副鼻窦炎 [详细],药物治疗 [详细],氟轻松维B6乳膏 炉甘石洗剂 盐酸多塞平乳膏 [详细],7-10天,90%,
气管炎,,气管,中老年人,无传染性,医保疾病,呼吸内科,痰液细菌涂片 胸透 WBC 痰液细菌培养 胸部平片 [详细],咳嗽 咳痰 吐白沫痰 痰呈粘液脓性 湿啰音 [详细],急性支气管炎 支气管炎 老年人慢性支气管炎 急性细支气管炎 小儿慢性支气管炎 [详细],药物治疗、中医治疗、针灸治疗、食疗 [详细],支气管炎片 复方气管炎片 支气管炎片 [详细],7-10天,95%,
慢性细菌性前列腺炎,,前列腺,成年男性人群,无传染性,非医保疾病,泌尿外科 男科,前列腺指检 前列腺液培养 前列腺B超 前列腺液显微镜检查 血清PSA [详细],尿频 性欲减退 头晕 乏力 放射性疼痛 [详细],尿路感染 附睾炎 前列腺结石 膀胱颈挛缩 [详细],药物治疗 [详细],盐酸左氧氟沙星... 盐酸克林霉素棕... 前列通瘀胶囊 [详细],10天,90%,不同医院收费标准不一致，市三甲医院约（3000 —— 8000元）
小儿厌食症,消化功能紊乱,胃 肠,婴幼儿,无传染性,非医保疾病,儿科 消化内科,便常规 [详细],厌食 情绪性厌食 拒食 生理性厌食 皮肤粗糙 [详细],小儿营养不良 [详细],中医药物治疗、西医药物治疗 [详细],肥儿糖浆 薏芽健脾凝胶 儿宝颗粒 [详细],10-20天,80%,
狐臭,"腋臭,臭汗症",皮肤 周围神经系统,青春期最为明显，女性多于男性,无传染性,非医保疾病,皮肤科,温度与出汗 [详细],腋窝有异味 多汗且臭味较浓 自觉汗臭 汗腺分泌体味 臭汗 [详细],急性湿疹 神经性皮炎 [详细],药物治疗、激光治疗，手术治疗 [详细],足光散 腋臭粉 乌洛托品溶液 [详细],10-30天,60%,
包茎,,阴茎,男性，青年男性,无传染性,医保疾病,男科 泌尿外科,,排尿障碍 包皮嵌顿 包皮垢 包皮粘连 排尿不畅 [详细],,手术治疗 [详细],一次性使用包茎... 一次性使用小儿... 一次性使用包茎... [详细],2-4周,手术治疗，治愈率100%,
口腔癌,,口,所有人群 ，男性比较多,无传染性,非医保疾病,肿瘤科 口腔科,口腔内窥镜 头颅平片 脱落细胞 [详细],溃疡 口腔痛 口腔粘膜上白色较硬的隆起斑块 口痛 疼痛 [详细],,手术治疗、放射治疗、化学治疗 [详细],西黄丸 西吡氯铵含漱液 亚叶酸钙注射液 [详细],2-3个月,58%,
食物中毒,食源性疾病,食管,所有人群,无传染性,医保疾病,急诊科 消化内科,粪细菌培养 细菌性食物中毒检测 [详细],肚子疼 恶心与呕吐 面色苍白 胃肠道症状 发烧 [详细],休克 脱水 代谢性酸中毒 [详细],催吐、导泻、药物治疗 [详细],吗丁啉片剂10mg... 马来酸曲美布汀... 藿香正气软胶囊 [详细],7天,97%,
糖尿病足,,足部,糖尿病患者,无传染性,非医保疾病,内分泌科 皮肤科,空腹血葡萄糖 血脂 尿常规 尿酮体试验 尿蛋白质 [详细],肌肉萎缩 感觉迟钝 皮肤干燥 间歇性跛行 足底溃疡 [详细],暂无相关资料,药物治疗 [详细],普瑞巴林胶囊 阿卡波糖胶囊 参芪降糖胶囊 [详细],3-6月,40%,市三甲医院约（300 —— 500元
甲状腺瘤,甲状腺腺瘤,甲状腺,多见于中年妇女。,无传染性,医保疾病,内分泌科 外科,外科检查 甲状腺B超 甲状腺显像 血清FT4 血清促甲状腺激素 [详细],结节 进行性颈部肿块 甲状腺肿 无痛性硬实结节 呼吸困难 [详细],,手术治疗 [详细],平消胶囊 平消片 威麦宁胶囊 [详细],国内最认可的有效治疗手段的该病治疗周期（,一般在正规综合三甲医院的典型病例治愈率（,
糖尿病和高血压,,胰腺 血液血管,40岁以上人群多见,无传染性,非医保疾病,内分泌科 心血管内科,肝功能 肾功能 空腹血葡萄糖 糖尿病类尿常规 动态血压监测(ABPM) [详细],消瘦 烦渴多饮 易倦感 血压高 视力常呈雾状模糊感 [详细],视网膜病变 糖尿病肾病 [详细],药物治疗、饮食调理 [详细],复方三嗪芦丁片 芦丁片 盐酸二甲双胍缓... [详细],6-12个月,10%,市三甲医院约（5000 —— 8000元）
小儿哮喘,小儿支气管哮喘，儿童期哮喘，儿童哮喘,肺,儿童人群,无传染性,非医保疾病,儿科 呼吸内科,血清-氧化氮 激发试验 痰液细菌涂片 胸部平片 肺功能 [详细],支气管平滑肌痉挛 鼻翼扇动 低氧血症 呼吸音减弱 说话时字词不能连续 [详细],休克 慢性支气管炎 支气管扩张 [详细],药物治疗 [详细],孟鲁司特钠咀嚼... 盐酸异丙肾上腺... 复方茶碱麻黄碱... [详细],3个月,80%,
疥疮,,皮肤,所有人均可发病,有传染性,医保疾病,皮肤科,疥螨检查 皮肤试验 皮肤涂片显微镜检查 皮肤病的物理检查 生理盐水皮肤试验 皮肤真菌镜检 皮肤与组织寄生虫的病原检查 皮肤颜色 [详细],丘疹 剧痒 瘙痒 疥疮结节 日轻夜重的瘙痒 [详细],外阴瘙痒 瘙痒症 [详细],一般治疗、外用和口服药物 [详细],乌蛇止痒丸 丁香罗勒油乳膏 复方土槿皮酊 [详细],10天,98%,市三甲医院约（100——500元）;
肝纤维化,肝纤维变性,肝,中老年人,无传染性,非医保疾病,肝病 消化内科,反映肝脏间质变化的试验 肝纤维化指标检查 肝脏B超 尿胆原 透明质酸酶 [详细],腹痛伴黄疸 门体侧支循环 上腹部肿块及腹胀 腹部肿块 上腹部包块 [详细],丁肝 血吸虫病 [详细],药物治疗 [详细],甘草甜素片 复方氨基酸胶囊... 肝速康胶囊 [详细],3个月,60%,不同医院收费标准不一致，市三甲医院约（5000-10000元）
自闭症,自闭,心理,一般是儿童多,无传染性,非医保疾病,精神心理科 精神病科,暂无相关资料,社交恐惧 社交敏感性障碍 行为及情绪异常 抑郁 [详细],暂无相关资料,药物治疗、心理治疗 [详细],槟榔十三味丸 槟榔十三味丸 [详细],3个月,60%,市三甲医院约（3000 —— 8000元）
肾癌,"肾细胞癌,肾腺癌",肾,50-70岁有家族史的吸烟、酗酒、患高血压的“胖”男人,无传染性,医保疾病,肿瘤科 泌尿外科,尿常规 肾脏CT 腹部平片 肾脏MRI 肾脏B超 [详细],腰部钝痛 尿血 体重减轻 腹部肿块 食欲不振 [详细],血尿 贫血 高血压 高钙血症 淀粉样变 [详细],药物治疗、手术疗法 [详细],重组人白介素-2... 重组人白介素-2... 重组人白介素-2... [详细],1-3个月,3%,
支气管扩张,支气管扩张症，支扩,肺,儿童和青年,无传染性,医保疾病,呼吸内科,支气管镜 PaO2 肺功能 胸部平片 胸部CT [详细],咳嗽 脓痰 胸闷 咯血如注 食欲减退 [详细],气胸 慢性肺源性心脏病 肺脓肿 肺炎 肺动脉高压 [详细],药物治疗 [详细],盐酸溴己新片 盐酸氨溴索胶囊 舍雷肽酶肠溶片 [详细],2-3月,80%,
疝气,"疝气病，疝，疝脱,突出",腹部,婴儿,无传染性,非医保疾病,儿科 外科,心电图 肝功能 血肌酐 腹部血管超声检查 胃肠道疾病的超声检查 [详细],腹股沟疼痛 肚子疼 脐部有一半球形肿块 婴幼儿脐部有肿物突出 消化不良 [详细],,物理治疗、手术治疗 [详细],西沙必利片 保儿安颗粒 复方陈香胃片 [详细],7-10天,90%,
阑尾炎,,阑尾,青年人群,无传染性,医保疾病,消化内科 胃肠外科,腹部CT 结肠驱气试验 Alder试验 Bryan试验 [详细],肚子疼 右下腹痛 恶心与呕吐 食欲不振 恶心 [详细],妊娠性急性阑尾炎 老年人急性阑尾炎 小儿急性阑尾炎 慢性阑尾炎 急性阑尾炎 [详细],药物治疗、手术治疗 [详细],注射用头孢西丁... 注射用哌拉西林... 阑尾消炎丸 [详细],7天,100%(经过抗炎手术的等方式治疗后都能痊愈,
黄褐斑,"肝斑,肝癍",皮肤,中青年女性，特别是妊娠期、产后和口服避孕药的妇女。,无传染性,非医保疾病,皮肤科,,浅棕色斑点 脸上长斑 妊娠性黄褐斑 脸上黑斑 面部斑点 [详细],子宫肌瘤 附件炎 不孕症 营养不良 [详细],药物治疗 [详细],氢醌乳膏 舒肝颗粒 六味地黄丸 [详细],,60%,
龋齿,"烂牙,龋病,虫牙,蛀牙",口,所有人群，多见于儿童、青少年、孕妇或健康状况不佳者,无传染性,医保疾病,口腔科,儿童龋齿预防保健 尿氟 [详细],牙齿颜色异常 牙釉质腐蚀 牙齿遇冷热痛 牙根外露 牙齿异常 [详细],根尖周病 牙髓炎 骨炎 [详细],药物治疗、齿科治疗 [详细],樟脑水合氯醛酊 补肾固齿丸 黄连上清丸 [详细],3--7天,80%,
多毛状小阴唇,"女阴多毛状乳头瘤,女阴假性湿疣,女阴乳头状多毛症",外阴,发于20～40岁性活跃期的已、未婚女性，可无性乱史。,无传染性,非医保疾病,皮肤性病 皮肤科,促肾上腺皮质激素兴奋试验 [详细],白带增多 丘疹 息肉 小阴唇及前庭也有散在的白色圆形及环形丘疹 毛发异常 [详细],阴道炎 细菌性阴道炎 [详细],中医药物治疗 [详细],盐酸米诺环素胶... 妇肤康喷雾剂 克霉唑乳膏 [详细],5-10年,对症治疗为主，无法根治,市三甲医院约(500--1000元)
帕金森,"帕金森病,震颤麻痹,特发性帕金森病",颅脑 全身,老年人，于40～70岁，60岁后发病率增高，30多岁前发病少见。,无传染性,非医保疾病,神经内科 中医科,MRI SPECT显像 大生化检查 非必需微量元素 不随意运动检查 [详细],静止性震颤 肌张力过高 感觉障碍 运动功能障碍 手足不规则舞动 [详细],褥疮 感冒 便秘 吸入性肺炎 营养不良 [详细],药物治疗 [详细],单唾液酸四己糖... 注射用单唾液酸... 左旋多巴片 [详细],,暂无相关资料,5000-10000元
卵巢早衰,,卵巢,40岁之前女性,无传染性,医保疾病,生殖健康 妇科,雌激素撤血试验 血清抗肾上腺皮质抗体 雌二醇 [详细],女性第二性征消失 抗卵巢抗体阳性 绝经期面红 盗汗 甲状腺功能低下 [详细],,药物治疗 [详细],黄体酮注射液 黄体酮注射液 卵泡刺激素(FSH... [详细],3-6个月,60%,
甲减,"甲状腺功能减退,甲状腺功能减退症，甲状腺功能低下，甲低",甲状腺,女性多于男性,无传染性,非医保疾病,内分泌科,普通透视检查 心电图 血清超敏促甲状腺激素 基础代谢 血清促甲状腺激素 [详细],表情淡漠 心动过缓 嗜睡 食欲缺乏 情感淡漠 [详细],癫痫 [详细],中药、西药治疗 [详细],左甲状腺素钠片 左旋甲状腺素钠 地高辛片 [详细],3-5个月,70%,
登革热,"波尔加热,古典登革热,五天热",全身,所有人群，小孩多数,有传染性,医保疾病,传染科,补体结合试验 血凝抑制试验 [详细],发烧 出血倾向 红斑样皮疹 头痛 关节疼痛 [详细],,药物治疗、对症治疗 [详细],复方金刚烷胺氨... 小儿热速清糖浆 紫雪散 [详细],4-8周,75%,市三甲医院约10000--30000元;
强迫症,,心理,有不良个性特征的群体,无传染性,医保疾病,精神病科 心理咨询,神经系统检查 健康体检 颅脑MRI SPECT显像 [详细],强迫行为 强迫观念 [详细],抑郁症 [详细],心理治疗、药物治疗 [详细],尼麦角林片 吉祥安坤丸 复方八维甲睾酮... [详细],3-5年,30%-70%(主要以精神性疏导治疗为主),市三甲医院约（5000-10000元）
卵巢癌,症癜，卵巢恶性肿瘤,卵巢,30～60岁女性，多发生于围绝经期的妇女,无传染性,医保疾病,肿瘤科 妇科,腹部平片 腹部CT 小肠造影 生殖系统肿瘤检查项目 卵巢检查 [详细],月经失调 消瘦 下腹胀痛 下腹部包块 绝经后出血 [详细],卵巢肿瘤破裂 继发性腹膜炎 休克 呕吐 绝经 [详细],手术治疗、化学治疗、放射免疫治疗、中医药治疗 [详细],卡铂注射液 六甲蜜胺片 注射用异环磷酰... [详细],1-3个月,20%,
先天性心脏病,"先心病,心脏病,小儿先心病",心脏,先天性婴幼儿,无传染性,医保疾病,心血管内科 心胸外科,心电图 胸部平片 新生儿疾病筛查 经食管超声心动图 早孕检查 [详细],左心衰竭 右心衰竭 蹲踞现象 杵状指（趾） 紫绀 [详细],脑脓肿 房间隔缺损 动脉导管未闭 肺炎 心脏病 [详细],药物治疗、手术治疗 [详细],地高辛片 琥乙红霉素片 琥乙红霉素分散... [详细],10-30天,40%,
心律不齐,,心脏,所有人群,无传染性,医保疾病,心胸外科,心电图 动态心电图 血清卵泡刺激素 血清鳞状上皮细胞癌抗原 产科B超 [详细],,休克 猝死 风湿性心脏病 先天性心脏病 心肌炎 [详细],,参松养心胶囊 复方八维甲睾酮... 复方八维甲睾酮... [详细],,暂无相关资料,
中暑,伤暑,血液血管 全身,无特殊发病群体，,无传染性,医保疾病,急诊科 中医科,体温 血液电解质 动脉血气分析 便常规 尿常规 [详细],耐热力降低 疲乏 皮肤干燥 热衰竭 出汗减少 [详细],意识障碍 肾衰 [详细],药物治疗、物理治疗 [详细],3克清凉油 藿香正气丸 十滴水胶丸 [详细],1-3天,98%,
窦性心动过速,心动过速,心脏,中老年人,无传染性,医保疾病,心血管内科 心胸外科,心电图 动态心电图 自主神经功能检查 [详细],心率增快 心悸 胸闷 心慌气短 [详细],,药物治疗 [详细],盐酸普萘洛尔片 酒石酸美托洛尔... 阿替洛尔片 [详细],3天-30天,20%-40%,
胆汁返流性胃炎,碱性返流性胃炎,胃,成年人,无传染性,非医保疾病,消化内科 胃肠外科,酸返流试验 胃总酸度 胃钡餐造影 [详细],恶心 消瘦 腹胀 体重减轻 恶心与呕吐 [详细],胃溃疡 [详细],药物治疗、手术治疗 [详细],养胃舒颗粒 胃炎宁颗粒 三九胃泰颗粒 [详细],10天,80%,
肛瘘,肛漏,肛门,成年人,无传染性,医保疾病,肛肠外科,肛门指检 [详细],直肠肛门内胀痛不适 肛周囊肿 肛门疼痛 排便障碍 肛周皮肤潮红 [详细],,药物治疗、手术治疗 [详细],盐酸左氧氟沙星... 甲磺酸左氧氟沙... 酒石酸托特罗定... [详细],7--10天,80%,
沙眼,"颗粒性结膜炎,砂眼,衣原体性结膜炎,粟疮",眼,所有人群，少年人。男性多于女性,无传染性,医保疾病,眼科,沙眼衣原体抗原 泪液分泌型免疫球蛋白A 沙眼衣原体抗体 [详细],睑结膜沙粒外观 结膜充血 睑结膜的巨大乳头 视力障碍 眼皮下垂 [详细],慢性泪囊炎 上睑下垂 皮角 泪囊炎 角膜炎 [详细],药物治疗 [详细],盐酸四环素片 盐酸四环素片 盐酸四环素胶囊 [详细],4周,90%,
脂肪瘤,,其他,多见男性中青年,无传染性,医保疾病,肿瘤科,,无痛性硬实结节 皮下沉积所出现的粟粒样结节 皮下指头至鸽蛋大的肿块结节 皮下结节 纤维性钙化结节 [详细],,手术治疗 [详细],小金丸 平消胶囊 平消片 [详细],2-4周,99%,
结肠炎,非特异性溃疡性结肠炎,肠,饮食不节的人群,无传染性,医保疾病,消化内科,大便红细胞 上消化道X线钡餐 便常规 粪便隐血试验 WBC [详细],腹满便溏 肚子疼 腹部不适 消瘦 肠鸣欲便 [详细],溃疡性结肠炎 缺血性结肠炎 慢性溃疡性结肠炎 阿米巴结肠炎 老年人缺血性结肠炎 [详细],药物治疗 [详细],胃乐新颗粒 胃肠灵胶囊 地塞米松磷酸钠... [详细],1周,95%以上(小于5%发展成为慢性，迁延不愈。),
宫颈息肉,子宫颈息肉,子宫,女性,无传染性,非医保疾病,妇科,妇科的保健体检 宫颈妇科常规检查 妇科炎症检查 宫颈检查 阴道镜 [详细],息肉 绝经后出血 [详细],,中医药物治疗、西医药物治疗 [详细],抗宫炎片 金鸡胶囊 宫血宁胶囊 [详细],手术治疗周期5天,治愈率70%,
生殖器念珠菌病,"念珠菌性外阴阴道炎,念珠菌性龟头包皮炎",女性生殖 男性生殖,女性多见,有传染性,非医保疾病,性病科 生殖健康,吞噬白色念珠菌功能试验 [详细],阴道分泌物增多 性交困难 白色恶露 丘疹 皮肤肥厚 [详细],外阴炎 复发性外阴阴道念珠菌病 [详细],中药、西药 [详细],醋酸曲安奈德益... 克霉唑阴道泡腾... 硝酸咪康唑乳膏 [详细],8周,70%,
腱鞘炎,鼠标手,手部,中青年人群，经常做运动的人,无传染性,医保疾病,骨科 中医科,,疼痛 足背部肿胀 腱鞘变干 腱鞘厚化 [详细],肱二头肌长头腱鞘炎 手指屈肌腱鞘炎 桡骨茎突部狭窄性腱鞘炎 化脓性腱鞘炎 肌腱炎和腱鞘炎 [详细],物理治疗、药物治疗 [详细],双氯芬酸钠缓释... 双氯芬酸钠肠溶... 双氯芬酸钠缓释... [详细],2-3月,98%,
阴茎异常勃起,强中,阴茎,男性，常见5～10岁和20～50岁，,无传染性,医保疾病,男科 泌尿外科,男性性功能全面测试 男科检查 外生殖器检查 男性生殖系X线检查 阴茎超声检查 [详细],阴茎异常勃起 充血 排便困难 男子性功能障碍 痛性阴茎勃起 [详细],阴茎异常勃起 [详细],药物治疗、手术治疗 [详细],他达拉非片 [详细],2-4周,60%,
脑血栓形成,动脉粥样硬化性脑血栓，血栓性脑梗死，脑血栓,颅脑,中老年，男性发病率高于女性,无传染性,非医保疾病,脑外科 神经内科,脑脊液检查-化学检查-蛋白质检查 尿常规 便常规 大生化检查 颅脑MRI [详细],无力 吞咽困难 感觉过度 感觉障碍 反应迟钝 [详细],褥疮 抑郁症 高血压 [详细],中药治疗、西药治疗 [详细],银杏达莫注射液 注射用盐酸川芎... 血塞通泡腾片 [详细],3-6个月,60%,不同医院收费标准不一致，市三甲医院约（10000 —— 20000元）
中度宫颈糜烂,Ⅱ度宫颈糜烂,子宫,妇女，中青年女性,无传染性,非医保疾病,妇科,阴道镜 宫颈妇科常规检查 TCT [详细],白带增多 盆腔坠痛 性交疼痛 脓血性白带 腰骶部酸痛 [详细],暂无相关资料,暂无相关资料,银离子妇用抗菌... 银离子抗菌水凝... 银离子妇用抗菌... [详细],,暂无相关资料,暂无相关资料
慢性荨麻疹,,皮肤,所有人群,无传染性,医保疾病,皮肤科,皮肤划痕试验 皮肤斑贴实验 [详细],人工荨麻疹 风团 剧痒 周身不适 头痛 [详细],暂无相关资料,暂无相关资料,皮敏消胶囊 荨麻疹丸 炉甘石洗剂 [详细],,暂无相关资料,暂无相关资料
真两性畸形,真两性体,女性生殖 男性生殖,婴幼儿，倾向于男性，约3/4的患儿当作男孩抚育,无传染性,医保疾病,生殖健康 外科,Y染色质 性激素六项 嗜中性粒细胞核鼓槌小体 [详细],乳房肥大 男性化 阴蒂肥大 [详细],隐睾 腹股沟疝 [详细],手术治疗 [详细],应该如何用药？用什么药？ [详细],1-3年,手术治疗，切除卵巢或者睾丸，治愈率30-70%,
肾虚腰痛,,肾,所有人群,无传染性,非医保疾病,中医科,尿酸 尿去氢异雄酮 尿醛固酮 尿亮氨酸氨基肽酶 尿沉渣细胞学 [详细],口咸 腰背刺痛 下腰部疼痛 肾阴虚 肾气虚 [详细],肾嗜酸细胞瘤 慢性肾性贫血 发作性睡病 小儿肾母细胞瘤 颅咽管瘤 [详细],药物治疗 [详细],六味地黄丸 六味地黄丸 五子衍宗丸 [详细],1-3个月,80%,市三甲医院约（3000 —— 5000元）
低钾血症,钾缺乏,全身,所有人群,无传染性,医保疾病,血液科 内分泌科,尿钾 心电图 动态心电图 血清钾 血清钠 [详细],排钾过多 代谢性低钾 表情淡漠 恶心 肠蠕动减慢 [详细],高钾血症 [详细],药物治疗 [详细],芪苈强心胶囊 复方卡托普利片 复方硫酸双肼屈... [详细],2-4周,80%,
肝阳上亢,肝阳上逆，肝阳偏旺,全身,所有人群,无传染性,非医保疾病,中医科,动态血压监测(ABPM) 尿环磷酸鸟苷 尿谷氨酰胺 甲种胎儿球蛋白试验 尿睾酮 [详细],眼睛胀痛 头痛 面红升火 目赤 健忘 [详细],肝热病 肝火眩晕 肝火犯肺 肝咳 [详细],药物治疗 [详细],天麻素胶囊 龙胆泻肝丸 杞菊地黄口服液 [详细],,100%,市三甲医院约（100 —— 500元）
急性白血病,,血液血管,儿童、青年,无传染性,医保疾病,血液科,血小板计数 血红蛋白 血液生化六项 骨髓增生程度 骨髓象分析 [详细],胸骨后烧灼样痛 不明原因发热 出血倾向 性欲减退 淋巴结肿大 [详细],肺炎 高尿酸血症 [详细],化学治疗、骨髓移植、靶向治疗 [详细],硫唑嘌呤片 维A酸片 消癌平片 [详细],3-6月,45%,
胃、十二指肠溃疡出血,,胃,男性发病率明显高于女性，多见于青壮年,无传染性,非医保疾病,消化内科 外科,粪便隐血试验 电子胃镜 纤维胃镜 无痛胃镜 胃钡餐造影 [详细],腹胀 急性胃痛 上腹部疼痛 脊肋角膨隆 中上腹持续性疼痛 [详细],消化性溃疡 幽门螺杆菌感染 [详细],暂无相关资料,阿莫西林胶囊 胃痛宁片 溃疡灵胶囊 [详细],,暂无相关资料,暂无相关资料
药物过敏,药物变态反应,全身,用易过敏药物、有过敏体质的人多见,无传染性,非医保疾病,皮肤性病 皮肤科,过敏原检测 皮内试验 血液检查 T细胞转化试验 [详细],斑疹 斑丘疹 寒战 剥脱性皮炎 缺氧缺血性神经损伤 [详细],过敏性休克 哮喘 黄疸 血尿 癫痫 [详细],抢救措施、药物治疗 [详细],复方青黛丸 五维甘草那敏胶... 牡蛎碳酸钙片 [详细],2-4周,70%,
溶血性贫血,,血液血管,所有人群,无传染性,医保疾病,血液科,"红细胞检查 不稳定性血红蛋白试验 异常红细胞形态 血清cd55,cd59 血清间接胆红素 [详细]",高热 红细胞畸形 寒战 面色苍白 高热寒战 [详细],休克 [详细],药物治疗 [详细],福乃得维铁缓释... 右旋糖酐铁片 富马酸亚铁胶囊 [详细],1-3个月,50%,不同医院收费标准不一致，市三甲医院约（3000 —— 5000元）
慢性腹泻,,肠,无特殊发病群体,无传染性,医保疾病,消化内科,胃超声检查 内镜检查 腹部平片 腹部CT 脂肪吸收试验 [详细],粪便量多 口唇泛黑 肚子疼 回盲瓣功能不全 腹部肿块 [详细],腹膜炎 [详细],药物治疗 [详细],参倍固肠胶囊 小儿腹泻宁糖浆 蜡样芽孢杆菌活... [详细],7-14天,80%,不同医院收费标准不一致，市三甲医院约（500-2000元）
一氧化碳中毒,"煤气中毒,碳氧血红蛋白血,碳氧血红蛋白血症",肺 全身,所有人群,无传染性,非医保疾病,急诊科,碳氧血红蛋白 脑电图 颅脑MRI 颅脑CT 血液生化六项 [详细],头晕 头痛 四肢无力 恶心 昏睡 [详细],肺水肿 [详细],药物治疗 [详细],盐酸洛贝林注射... 盐酸金刚烷胺片 细胞色素C注射 [详细],3-5天,80%,
胸腺瘤,,胸部,所有人群,无传染性,医保疾病,心胸外科 肿瘤科,肿瘤标志物 胸部平片 腹部CT 血清烟碱型乙酰胆碱受体抗体 血清抗骨骼肌柠檬酸提取物抗体 [详细],消瘦 无力 胸骨后疼痛 胸痛 乏力 [详细],重症肌无力 肾病综合征 [详细],手术治疗 [详细],平消片 [详细],2-4周,外科手术治愈率约为65%,
铅中毒,,全身,所有人群,无传染性,医保疾病,急诊科 血液科,尿常规 螯合剂驱铅试验 尿铅 血清铅 血清非结合胆红素 [详细],肚子疼 恶心与呕吐 乏力 心悸 头痛 [详细],,药物治疗、饮食治疗 [详细],二巯丁二酸胶囊 秘诀清凉散 强肝胶囊 [详细],30天,97%,
小儿支原体肺炎,"小儿冷凝集阳性肺炎,小儿MP肺炎,原发性非典型肺炎，冷凝集阳性肺炎",肺,儿童人群,有传染性,非医保疾病,儿科 呼吸内科,支原体检查 痰液病原体 冷凝集试验 胸部平片 痰液常规检查 [详细],恶心 呼吸音减弱 低烧 咽痛 干咳 [详细],小儿支原体肺炎 [详细],药物治疗 [详细],宝咳宁颗粒 克拉霉素胶囊 阿奇霉素片 [详细],7天,99.90%,
鼻中隔偏曲,,鼻,有鼻外伤史，儿童期患腺样体肥大，有家族史、鼻息肉、肿瘤患者,无传染性,医保疾病,耳鼻喉科 普外科,鼻中隔 鼻部检查 [详细],鼻塞 鼻塞及反射性头痛 鼻中隔向一侧或两则弯曲 头痛 鼻衄 [详细],,手术治疗 [详细],哈西奈德溶液 升血小板胶囊 断血流片 [详细],手术治疗周期7天,治愈率99%,
酒渣鼻,酒渣性痤疮，玫瑰痤疮，酒糟鼻,鼻,成年男性，多发生40岁以上男性,无传染性,医保疾病,皮肤科,蠕形螨检查 皮损 [详细],鼻端弥漫性潮红 鼻毛脱落 鼻尖上翘呈马鞍状 鼻唇沟发红皲裂 鼻裂 [详细],结膜炎 虹膜睫状体炎 [详细],外用药物治疗、内服药物治疗 [详细],甲硝唑 红霉素 甲硝唑凝胶 [详细],2--8周,50--70%,
乳腺炎,,乳房,产妇，哺乳妇女,无传染性,医保疾病,妇科,乳腺检查 WBC 全身体检 血检查 乳房摄片 [详细],乳房肿块 乳房胀痛 局部压痛 淋巴结肿大 乳头发炎 [详细],急性乳腺炎 急性化脓性乳腺炎 慢性乳腺炎 [详细],药物治疗 [详细],炎可宁片 蒲公英颗粒 蒲公英片 [详细],治疗周期7天,治愈率100%,市三甲医院约（1000-3000元）
结节性甲状腺肿,腺瘤样甲状腺肿,甲状腺,女性发病数较男性高，青春期,无传染性,医保疾病,内分泌科,甲状腺放射性核素显像 血清甲状腺球蛋白 血清促甲状腺激素 血浆促甲状腺激素释放激素 促甲状腺激素释放激素兴奋试验 [详细],吞咽困难 呼吸困难 胸闷 甲状腺肿 甲状腺结节 [详细],甲状腺瘤 [详细],西药、中药、手术治疗 [详细],左甲状腺素钠片 [详细],3个月,70%,市三甲医院约（2000—— 10000元）
咽异感症,梅核气,咽喉,30～40岁女性,无传染性,医保疾病,耳鼻喉科,鼻咽部活组织检查 鼻咽部MRI 颈部活动度 血清卵泡刺激素 血清鳞状上皮细胞癌抗原 [详细],咽喉部干燥刺痒 抑郁 咽喉疼痛 喉部堵塞感 咽喉部充血 [详细],咽喉部外伤 耳鼻咽喉创伤 咽喉部肿瘤 尿道癌 人流后妇科病 [详细],病因治疗 [详细],利咽灵片 西瓜霜清咽含片 金嗓子喉片 [详细],10-30天,70%,
血友病,血溢病,脊髓 血液血管,常幼年发病,无传染性,医保疾病,血液科,血浆凝血因子XI活性 血浆因子Ⅷ抑制物定性 血浆凝血因子IX活性 凝血时间 抗凝血酶Ⅲ活性和抗凝血酶Ⅲ抗原 [详细],皮肤出血斑 关节腔内出血 肌肉出血 拔牙后伤口经久不愈 关节肿胀 [详细],缺血性坏死 [详细],药物治疗、手术治疗 [详细],紫地宁血散 去痛片 地榆槐角丸 [详细],1-6个月,10%,市三甲医院约（30000-50000元）
产后出血,,女性生殖,产妇,无传染性,医保疾病,产科 急诊科,阴道分泌物涂片 宫颈分泌物培养 心电图 动态心电图 产后检查 [详细],产后便血 产后恶露不净有臭味 反复出血 产后发热 软产道裂伤 [详细],失血性休克 拉肚子 产后抑郁症 产科休克 产后出血 [详细],药物治疗、物理治疗 [详细],注射用矛头蝮蛇... 益母草软胶囊 鲜益母草胶囊 [详细],3-6周,98%,
滴虫性外阴炎,,外阴,成年女性,有传染性,非医保疾病,妇科 传染科,阴道毛滴虫检查 白带常规 [详细],尿痛 瘙痒 尿频 白带增多 阴道脓性分泌物 [详细],尿道炎 [详细],药物治疗 [详细],妇炎灵泡腾片 妇炎消泡腾片 妇炎平阴道泡腾... [详细],,95%,
瘙痒症,皮肤瘙痒,皮肤,皮肤病患者,无传染性,非医保疾病,皮肤科,皮肤试验 皮疹 皮损 尿常规 阴道病原体 [详细],日轻夜重的瘙痒 瘙痒 皮肤瘙痒 大腿内侧红斑 腹股沟痒 [详细],毛囊炎 疖 [详细],药物治疗 [详细],肤痒颗粒 润燥止痒胶囊 消风止痒颗粒 [详细],1-2个月,60%,
垂体瘤,"脑垂体瘤,垂体腺瘤,脑垂体腺瘤",颅脑,青壮年人群,无传染性,医保疾病,肿瘤科 脑外科,头颅平片 MRI 脑垂体CT 催乳素 血清卵泡刺激素 [详细],交感神经代偿性亢进 视力障碍 视野缺损 头痛 眼底改变 [详细],尿崩症 脑膜炎 尿道癌 人流后妇科病 女性尿道癌 [详细],手术治疗、药物治疗 [详细],硫酸长春碱 卡莫司汀注射液 乳酸钠溶液 [详细],一个月,70%,
肠胃炎,胃肠感染，肠胃炎,肠 胃,所有人群,无传染性,医保疾病,消化内科,便常规 尿常规 粪细菌培养 WBC 无痛内视镜 [详细],肚子疼 恶心 食欲缺乏 发烧 [详细],大肠埃希杆菌性胃肠炎 嗜酸细胞性胃肠炎 急性肠胃炎 诺瓦克病毒性胃肠炎 星形病毒胃肠炎 [详细],药物治疗 [详细],附子理中丸 颠茄磺苄啶片 枫蓼肠胃康分散... [详细],,90%(急性治愈率90%，少部分发展成为慢性),
神经根型颈椎病,,颈部 脊柱,低头工作者、教师、司机,无传染性,医保疾病,骨科,脊椎平片 颈部MRI 脊柱MRI 颈椎CT [详细],颈椎关节的根性疼痛 神经根刺激 感觉障碍 脊神经根受损 颈部疼痛 [详细],暂无相关资料,手术治疗、牵引治疗、药物治疗、物理治疗、微创治疗 [详细],颈痛片 抗骨增生片 龙骨颈椎胶囊 [详细],4-6个月,60%,市三甲医院约（3000 —— 10000元）
尿布疹,"婴儿红臀,尿布湿疹",皮肤,婴幼儿,无传染性,医保疾病,儿科 皮肤科,皮肤颜色 皮肤病的物理检查 涂片 便常规 [详细],婴儿臀部红 充血 丘疹 皮肤发红 红斑样皮疹 [详细],湿疹 皮炎 褥疮 脓毒症和菌血症 [详细],药物治疗 [详细],复方硫黄乳膏 硫磺硼砂乳膏 盐酸洛美沙星乳... [详细],治疗周期7天,治愈率100%,
呕吐,,口 腹部,所有人群，孕妇孕早期常见,无传染性,医保疾病,中医科 消化内科,甲苯胺蓝纠正试验 血清卵泡刺激素 血清鳞状上皮细胞癌抗原 产科B超 浆膜腔积液细胞学检查 [详细],恶心 小儿进食易呕吐 进食呕吐 呕吐苦水 恶心与呕吐 [详细],发作性睡病 颅咽管瘤 副鼻窦炎 新生儿泪囊炎 神经性呕吐 [详细],,藿香正气水 香苏正胃丸 盐酸格拉司琼胶... [详细],,暂无相关资料,
脑积水,,颅脑,所有人群，婴幼儿,无传染性,医保疾病,脑外科 针灸科,颅骨透照试验 X线头影测量 颅脑MRI 颅脑超声检查 颅脑CT [详细],头痛 恶心与呕吐 视力障碍 视乳头水肿 复视 [详细],,手术治疗 [详细],吡拉西坦片 二维三七桂利嗪... 奥扎格雷钠注射... [详细],30天,40%,
羊水栓塞,AFE,肺 全身,女性人群,无传染性,医保疾病,产科,凝血酶原时间 凝血酶时间 心电图 胸部平片 3p试验 [详细],发绀 循环衰竭 昏迷 呼吸困难 抽搐 [详细],小儿肺动脉高压 休克 肾衰 [详细],药物治疗 [详细],氨茶碱 葡萄糖 氢化可的松 [详细],7-10天,10%,
克罗恩病,"Crohn病,克隆病,节段性肠炎，局限性肠炎，局限性回肠炎，节段性肠炎，肉芽肿性肠炎",肠,青年女性,无传染性,非医保疾病,消化内科,小肠镜 小肠造影 下消化道内镜 腹部平片 腹部CT [详细],肚子疼 习惯性腹泻 结肠梗阻 发烧 营养障碍 [详细],暂无相关资料,药物治疗、手术治疗 [详细],复方小檗碱鞣酸... 鞣酸苦参碱胶囊 美沙拉秦肠溶片 [详细],3个月,65%,市三甲医院约（3000-5000元）
三期梅毒,晚期梅毒,全身 女性生殖,性活跃人群,有传染性,非医保疾病,性病科 传染科,非梅毒螺旋体抗原血清试验 梅毒螺旋体血球凝集试验 梅毒螺旋体抗原血清试验 梅毒血清试验 血清梅毒螺旋体抗体 [详细],结节 反复生殖器溃疡 结节性梅毒疹 树胶肿 黏膜损害 [详细],疤痕疙瘩 中枢神经系统感染 [详细],西药治疗 [详细],琥乙红霉素胶囊 盐酸米诺环素胶... 盐酸米诺环素片 [详细],3-6月,95%,不同医院收费标准不一致，市三甲医院约（5000 —— 10000元）;
外阴湿疹,外阴湿疹病,外阴 皮肤,所有人群，女性多于男性,无传染性,医保疾病,妇科 皮肤科,阴道妇科常规检查 外阴部妇科常规检查 皮肤斑贴实验 妇科常规检查 [详细],会阴溃疡 丘疹 充血 丹毒样外观 慢性湿疹样变 [详细],阴道炎 [详细],药物治疗 [详细],丹参酮胶囊 川百止痒洗剂 诺氟沙星片 [详细],2-4周,80%,市三甲医院约（500-1000元）
肛窦炎,肛隐窝炎,肛门,所有人群,无传染性,非医保疾病,肛肠外科,肛门指检 直肠镜 [详细],肛门疼痛 胀坠感 肛门坠胀 结缔组织性外痔 肛门瘙痒 [详细],肛乳头炎 [详细],药物治疗 [详细],盐酸左氧氟沙星... 甲磺酸左氧氟沙... 头孢泊肟酯片 [详细],,100%,
羊水过多,羊水过多症,子宫,妊娠20～24周或妊娠28～32周,无传染性,医保疾病,产科,产科B超 羊水量 羊水检查 羊水一般检查 血清甲胎蛋白 [详细],子宫出血 子宫收缩不良 阵发性子宫收缩 怀孕时子宫异常增大 子宫增大明显（子宫增大超过胎龄） [详细],下肢静脉曲张 [详细],,五苓散 黄芪颗粒 [详细],,暂无相关资料,
椎动脉型颈椎病,上行性颈椎病,颈部 脊柱,中老年人,无传染性,医保疾病,骨科 神经内科,引颈试验 颈椎CT [详细],神经性耳鸣 记忆力障碍 口唇麻木 猝倒 颈性眩晕 [详细],,药物治疗、手术治疗 [详细],伸筋丹胶囊 颈复康颗粒 根痛平片 [详细],,85%,
急性喉炎,喉粘膜急性卡他性炎症,咽喉,所有人群，年轻人,无传染性,医保疾病,耳鼻喉科,间接喉镜 [详细],发烧 呼吸困难 浑身忽冷忽热 声音嘶哑 咽痛 [详细],喉阻塞 [详细],药物治疗 [详细],黄氏响声含片 功劳去火胶囊 双羊喉痹通颗粒 [详细],国内最认可的有效治疗手段的该病治疗周期（,一般在正规综合三甲医院的典型病例治愈率（,
交感神经型颈椎病,,颈部,中青年,无传染性,非医保疾病,神经内科 脑外科,颈部活动度 痛觉 卧立试验 [详细],头沉 耳堵 胃肠道症状 上肢麻木 面部麻木 [详细],,药物治疗、理疗 [详细],红外偏振光治疗... [详细],,10%,
头癣,头癣，阴癣，圆癣，疠疡风，紫白癜风，黄癣、白癣、黑癣,头部,所有人群（好发于儿童）,有传染性,医保疾病,皮肤科 传染科,头皮检查 真菌培养 皮肤真菌镜检 直接涂片检查 毛发 [详细],鳞屑 脓疱 丘疹 永久性秃发 头皮屑多 [详细],体癣 股癣 [详细],药物治疗 [详细],擦癣药水 硝酸咪康唑乳膏 癣药玉红膏 [详细],3-6月,95%,不同医院收费标准不一致，市三甲医院约（500 —— 2000元）
轮状病毒性肠炎,轮状病毒性胃肠炎，婴儿秋季腹泻,肠,所有人群,有传染性,非医保疾病,消化内科 内科,人类轮状病毒抗体 聚合酶链式反应 补体结合试验 粪便性状 大便颜色 粪便气味 轮状病毒抗原 ELISA [详细],乏力 水样便 腹部压痛 肚子疼 肠鸣 [详细],肠套叠 过敏性紫癜 溶血尿毒症综合征 弥漫性血管内凝血 [详细],药物治疗 [详细],复合乳酸菌胶囊 枯草杆菌二联活... 苍苓止泻口服液 [详细],2-4周,80%,不同医院收费标准不一致，市三甲医院约（500 —— 1000元）;
直肠脱垂,"脱肛,直肠脱出",肠,幼年期，老年期，久病体弱和身体瘦高者，女性高于男性,无传染性,医保疾病,肛肠外科 消化内科,尿常规 便常规 直肠镜 肛门视诊 肛门指检 [详细],里急后重 肛门坠胀 无力 便血 排便不尽感 [详细],溃疡病大出血 肠套叠 小儿直肠脱垂 小儿慢性肉芽肿病 小儿乳糜泻 [详细],药物治疗 [详细],黄芪颗粒 溃疡灵胶囊 氧氟沙星片 [详细],1-3个月,80%,
老年斑,"寿斑,老年性色素斑(痣)",皮肤,60岁以上老年人群,无传染性,非医保疾病,皮肤科,皮肤颜色 皮肤病的物理检查 [详细],脸上长斑 脸上黑斑 皮肤色素加深 浅棕色斑点 色素异常 [详细],瘙痒症 [详细],西医药物治疗 [详细],维生素E软胶囊 维生素E软胶囊 维A酸乳膏 [详细],>120天(需要终身治疗),暂无相关资料,不同医院收费标准不一致，市三甲医院约（1000 —— 3000元）
外耳道炎,"外耳道疖,弥漫性外耳道炎",耳,所有人群,无传染性,医保疾病,耳鼻喉科,外耳检查 [详细],耳痛 耳围凹陷 耳廓癣 耳痒 耳硬化症 [详细],糖尿病 便秘 葡萄球菌感染 [详细],药物治疗、手术治疗 [详细],氧氟沙星滴耳液 过氧化氢溶液 曲安奈德氯霉素... [详细],治疗周期15天,治愈率89%,
幼儿急疹,"小儿猝发疹,婴儿玫瑰疹,第六病,第四病,第四种病,杜克病,杜克斯病,副猩红热",皮肤 其他,多在2岁以内，尤以1岁以内最多,有传染性,非医保疾病,儿科 皮肤科,胸部平片 心电图 酶联合吸附测定 核酸分子杂交 [详细],高热 惊厥 斑疹 玫瑰疹 斑丘疹 [详细],,药物治疗 [详细],>> 应该如何用药？用什么药？ [详细],7天,100%,市三甲医院约（3000 —— 5000元）;
慢性子宫内膜炎,"子宫内膜炎,老年性子宫内膜炎,结核性子宫内膜炎",子宫,生育期妇女,无传染性,医保疾病,妇科,阴道窥器检查 妇科B超 子宫疾病自检 [详细],下腹坠胀 白带增多 钝痛 腰骶部酸痛 子宫出血 [详细],宫腔积脓 继发性腹膜炎 [详细],中西医结合治疗 [详细],金鸡胶囊 妇科千金片 盐酸左氧氟沙星... [详细],一般治疗周期在15天时间。,本病一般经过系统消炎治疗后，一般治愈率在,不同医院收费标准不一致，市三甲医院约５００－１０００元
阻塞性肺气肿,慢性阻塞性肺气肿，肺胀，COPD,肺,吸烟、慢支患者,无传染性,医保疾病,呼吸内科,肺量计 呼气试验 PaO2 二氧化碳分压 肺功能 [详细],桶状胸 胸闷 劳力性呼吸困难 呼吸音减弱 气急 [详细],阻塞性肺气肿 慢性肺源性心脏病 胃溃疡 [详细],药物治疗、支持疗法 [详细],盐酸班布特罗胶... 氨茶碱缓释片 茶新那敏片 [详细],1-3个月,60%,不同医院收费标准不一致，市三甲医院约（5000 —— 8000元）
早期乳腺癌,earlybreastcancer，early-stagebreastcancer,乳房,成年女性,无传染性,非医保疾病,肿瘤科 乳腺外科,胸部B超 近红外线乳腺扫描 血清抗普肯耶细胞抗体 乳房手术活检 乳腺B超 [详细],腋下淋巴肿大 乳腺肥大 乳腺刺痛 乳腺组织肥厚 [详细],乳头内陷 贫血 [详细],手术治疗、放射治疗、中药治疗 [详细],多西他赛注射液 阿那曲唑片 阿那曲唑片 [详细],2-4月,90%,
肺动脉高压,"肺动脉高血压,肺动脉高血压症,肺动脉高压症,肺动脉血压过高",肺 心脏,无特殊发病群体，75%患者集中于20～40岁年龄段，15%患者年龄在20岁以下。,无传染性,医保疾病,心血管内科,肺活检 心电图 多普勒超声心动图 胸部平片 二维超声心动图 [详细],劳力性呼吸困难 胸痛 乏力 声音嘶哑 肝脏肿大 [详细],慢性肺源性心脏病 [详细],药物治疗 [详细],吸入用伊洛前列... 硝酸甘油片 硝酸甘油片 [详细],14天,20%,市三甲医院约（5000-10000元）
房颤,"心房颤动,心房纤维颤动",心脏,老年人,无传染性,医保疾病,心血管内科,心电图 动态心电图 血心钠肽 多普勒超声心动图 [详细],胸闷 脑缺氧 乏力 心悸 心跳加快 [详细],周围动脉栓塞 [详细],药物治疗、手术治疗 [详细],地高辛片 阿司匹林肠溶胶... 地高辛片 [详细],20天,40%,市三甲医院约（10000-30000元）
妊娠糖尿病,"妊娠期糖尿病,妊娠合并糖尿病,妊娠性糖尿病",全身 女性生殖,发于妊娠中后期的孕妇,无传染性,非医保疾病,产科 内分泌科,尿葡萄糖 尿酮体 尿常规 空腹血葡萄糖 糖筛 [详细],多饮 多食 多尿 妊娠期血糖高 体重减轻 [详细],,饮食指导、西药治疗 [详细],胰岛素注射液 胰岛素注射液 胰岛素注射液 [详细],1-3个月,85%,
急性肾盂肾炎,肾盂肾炎，肾瘅,肾,发生于各种年龄，但以育龄妇女最多见，,无传染性,医保疾病,肾内科,高钠试验 肾病类尿常规 尿常规 尿液细菌培养 肾功能 [详细],真性菌尿 小管间质性肾炎 直立性尿蛋白 下腹痛 夜尿增多 [详细],尿路梗阻 肾盂肾炎 [详细],,注射用盐酸克林... 门冬氨酸洛美沙... 盐酸洛美沙星分... [详细],,暂无相关资料,
颞下颌关节紊乱综合征,Costen综合征,口 心理,青壮年,无传染性,医保疾病,口腔科,颞下颌关节造影 颞下颌关节检查 下颌运动检查 [详细],颌骨关节痛 耳鸣 颞部疼痛 张口困难 张嘴颌骨响 [详细],肾虚耳鸣 牙龈炎 牙痈 [详细],康复治疗 支持性治疗 [详细],开喉剑喷雾剂 美洛昔康胶囊 盐酸氨基葡萄糖... [详细],10-30天,80%,
心肾不交,,心脏 肾,中老年人,无传染性,非医保疾病,中医科,,心悸 五心烦热 失眠 烦躁不安 健忘 [详细],副鼻窦炎 中毒性眩晕 心肌桥 新生儿泪囊炎 气虚眩晕 [详细],药物治疗 [详细],乌灵胶囊 灵芝益寿胶囊 养心安神丸 [详细],1-3个月,95%,
男子乳房发育症,,乳房,男性，于青春期和老年期之间的男子,无传染性,非医保疾病,乳腺外科 内分泌科,乳腺超声 睾丸检查 乳腺检查 颅脑CT 睾酮 [详细],男性乳房大 乳房肿块 乳房硬化 乳房胀痛 乳房肥大 [详细],乳腺增生 [详细],药物治疗、手术治疗 [详细],达那唑胶囊 [详细],1-3个月,20%,
腹股沟肉芽肿,杜诺凡病,腹部,多见于男性，男女之比2～3∶1。以20～45岁性活跃年龄多见。,无传染性,非医保疾病,性病科 皮肤科,阴道细胞学检查 尿液细菌培养 脓汁和创伤感染标本细菌学检查 [详细],丘疹 淋巴结肿大 色素脱失 浆液脓性分泌物 皮下结节 [详细],鳞状细胞癌 [详细],西药治疗、中药治疗 [详细],硫唑嘌呤片 五妙水仙膏 复方醋酸曲安奈... [详细],1-3个月,20-40%,
角膜炎,,眼,所有人群,无传染性,医保疾病,眼科,泪液分泌型免疫球蛋白A 睫状血管检查法 小儿角膜检查法 Cochet和Bonnet氏角膜知觉测量计 角膜染色法 [详细],眼睛发红 眼睛刺痛 畏光流泪 眼睑痉挛 视力视野改变 [详细],化脓性角膜炎 金黄色葡萄球菌性边缘性角膜炎 神经源性角膜炎 棘阿米巴性角膜炎 微小核糖核酸病毒性角膜炎 [详细],药物治疗 [详细],伊曲康唑胶囊 氯霉素滴眼液 奥硝唑氯化钠注... [详细],10天,70%,
肺气虚,,肺,所有人群,无传染性,非医保疾病,呼吸内科 中医科,,咳嗽 多汗恶风 自汗肢冷 气短 声音变低 [详细],颅咽管瘤 感冒 新生儿泪囊炎 咳嗽变异性哮喘 脑囊虫病 [详细],药物治疗 [详细],金复康口服液 参苓白术散 参一胶囊 [详细],10-30天,90%,
骨膜炎,,骨,所有人群,无传染性,医保疾病,骨科,骨与关节MRI [详细],关节疼痛 增生性骨膜炎 胫骨疼痛 膝关节疼痛 眼眶疼痛 [详细],暂无相关资料,药物治疗、针灸治疗 [详细],羧甲司坦口服溶... 十三味红花丸 头孢克洛缓释片 [详细],2-4个月,65%,市三甲医院约（1000—— 3000元）
鳞状细胞癌,皮样癌,全身,无特殊发病群体,无传染性,医保疾病,肿瘤科 皮肤科,皮肤癌检测 皮肤病的物理检查 血清鳞状上皮细胞癌抗原 [详细],丘疹 鳞屑 结痂 新月状溶骨性缺损 表皮角化 [详细],骨髓炎 骨膜炎 [详细],药物治疗、手术治疗 [详细],注射用卡铂 注射用顺铂 鳞状细胞癌抗原... [详细],8-12周,65%-75%(上述外科手术治愈率),
风湿热,"急性风湿病,急性风湿性多关节炎",全身,本病初发年龄以9~17岁多见，主要发生在青少年,无传染性,医保疾病,风湿科 骨科,抗链球菌激酶试验 心电图 血清抗链球菌壁多糖抗体 血清抗链球菌型M蛋白抗体 经食管超声心动图 [详细],不明原因发热 乏力 端坐呼吸 呼吸困难 发烧 [详细],心力衰竭 [详细],药物治疗 [详细],雷公藤多苷片 阿奇霉素干混悬... 青霉素V钾片 [详细],1-3个月,80%,
难产,骨产道异常,子宫,营养不良、胎位不正、骨盆小的、产妇多见,无传染性,医保疾病,产科,胎势 胎方位 骨盆外测量 骨盆内测量 HCG半定量 [详细],胎位不正 头盆不称 漏斗骨盆 狭窄骨盆 男型骨盆 [详细],,药物治疗、剖腹产 [详细],保胎无忧片 保胎无忧片 十一味能消胶囊 [详细],7-10天,95%,
慢性粒细胞白血病,慢性髓细胞白血病、慢粒,血液血管,50岁以上的人群最常见,无传染性,医保疾病,血液科,白细胞分类计数 骨髓各系细胞形态学检查 血液生化六项 骨髓单核细胞系统 血液分析仪 [详细],血象异常 乏力 低烧 盗汗 体重减轻 [详细],成人型慢性粒细胞白血病 幼年型慢性粒细胞白血病 老年人慢性粒细胞白血病 小儿成人型慢性粒细胞白血病 小儿慢性粒细胞白血病 [详细],马利兰、异靛甲、羟基脲、二溴甘露醇、6-疏基嘌呤、三尖杉酯碱 [详细],注射用重组人干... 注射用重组人干... 注射用重组人干... [详细],3个月,40%,不同医院收费标准不一致，市三甲医院约（20000-50000元）
痛风性关节炎,尿酸性关节炎,关节,40岁以上的男性,无传染性,医保疾病,骨科,尿酸 骨与关节MRI 骨关节及软组织CT 血尿酸 关节镜 [详细],瘙痒 尿酸盐在关节内沉积增多 紧张 血偏酸 剧痛 [详细],滑囊炎 [详细],中医药物治疗、西医药物治疗、手术治疗 [详细],关节风痛丸 吲哚美辛 依托考昔片 [详细],4-8周,75%,
疤痕疙瘩,瘢痕疙瘩,皮肤,常见于青壮年,无传染性,医保疾病,皮肤科 皮肤性病,免疫病理检查 涂片 细胞组织化学染色 羟脯氨酸 [详细],张口困难 反复感染 流涎 伤口结疤 巨痕症 [详细],瘢痕癌 [详细],药物治疗、手术治疗 [详细],哈西奈德溶液 哈西奈德溶液 复方倍氯米松樟... [详细],2--4周,75%,
腰腿痛,,腰部 下肢,所有人群，，在体力劳动者中发生率较高，如搬运工、井下矿工、木工和汽车司机等。,无传染性,非医保疾病,老年科 普外科,四肢的骨和关节平片 MRI 神经系统检查 [详细],牵涉痛 钝痛 腰背酸痛 神经根激惹症状 胀痛 [详细],瘫痪 [详细],药物、中医理疗、中药治疗 [详细],腰痛宁胶囊 少林跌打止痛膏 田七镇痛膏 [详细],1-3个月,40-50%，多以缓解症状为主，严重的需要手术,不同医院收费标准不一致，市三甲医院约（1000———5000元）
尿失禁,,膀胱,无特殊发病群体，老年人,无传染性,医保疾病,泌尿外科 外科,尿道功能 膀胱造影 膀胱残余尿量 膀胱逼尿肌功能 尿流率 [详细],尿频 尿急 逼尿肌反射亢进 硬化 糖尿 [详细],湿疹 骨折 抑郁症 [详细],药物治疗、手术治疗 [详细],癃清胶囊 尿失禁无张力悬... 经闭孔尿失禁吊... [详细],7--10天,60%,不同医院收费标准不一致，市三甲医院约（5000-10000元）
肋骨骨折,,肋骨,常发生于中、老年人，很少见于儿童,无传染性,医保疾病,心胸外科 骨科,胸部平片 胸透 胸部CT 胸廓挤压征 压胸试验 [详细],无力 呼吸困难 胸痛 多根肋骨骨折 呼吸异常 [详细],心力衰竭 肋骨骨折 肺不张 [详细],手术治疗、药物治疗 [详细],伸筋丹胶囊 *正骨水 独一味胶囊 [详细],正规治疗90天,经一般正规三甲医院治疗治愈率为80%,
少精症,少精子症，精子减少症、精子稀薄症,男性生殖,男性,无传染性,非医保疾病,生殖健康 男科,精液检查 精液量 精液粘稠度 睾丸检查 精囊检查 [详细],死精子过多 耳鸣 头晕 精子稀少 精液稀 [详细],男性不育 [详细],中医药物治疗 [详细],参雄温阳胶囊 仙鹿口服液 益肾灵颗粒 [详细],,50-70%,
膝关节半月板损伤,,膝部,所有人群,无传染性,医保疾病,骨科,半月板损伤的体征 回旋研磨试验 膝关节过伸试验 交锁征 蹲下试验 [详细],创伤 关节肿胀 膝盖砸伤肿痛 肌肉萎缩 囊肿 [详细],,药物治疗 [详细],关节止痛膏 活血止痛胶囊 活血止痛胶囊 [详细],30天,60%,
千日疮,,皮肤,多见于儿童及青年,无传染性,非医保疾病,皮肤科 中医科,皮肤涂片显微镜检查 便常规 尿常规 血常规 [详细],丘疹 压痛 [详细],副鼻窦炎 发作性睡病 丘疹坏死性结核疹 新生儿泪囊炎 颅咽管瘤 [详细],中医药物治疗、西医药物治疗 [详细],龙泽熊胆胶囊(... 五妙水仙膏 五妙水仙膏 [详细],3-6个月,60%，但是本病容易复发,市三甲医院约（ 500—— 1000元）
肺栓塞,肺动脉栓塞,肺,所有人群,无传染性,医保疾病,呼吸内科 心胸外科,二氧化碳分压 血浆D-二聚体 胸部CT 肺通气量 心电图 [详细],胸痛 右心衰竭 心肺栓塞 呼吸困难 急性呼吸困难 [详细],肺栓塞 休克 [详细],药物治疗 [详细],双嘧达莫片 利肺片 噻托溴铵粉吸入... [详细],1个月,40%,不同医院收费标准不一致，市三甲医院约（20000-100000元）
子宫内膜息肉,,子宫,发生于青春期后，常见于35岁以上的妇女。,无传染性,医保疾病,妇科,白带常规 肿瘤标志物 子宫内膜活检 阴道B超 [详细],月经量多 阴道不规则出血 息肉 子宫出血 阴道出血 [详细],贫血 不孕症 [详细],药物治疗 [详细],金鸡胶囊 金刚藤糖浆 桂枝茯苓胶囊 [详细],1-2周,95%(外科手术治疗),
牙龈癌,,口,发生于40－60岁之间，男性多于女性,无传染性,医保疾病,肿瘤科 口腔科,颅脑MRI 颅脑CT [详细],磨牙后垫红肿 牙齿萌出疼痛 张口困难 拔牙后伤口经久不愈 骨质破坏 [详细],口臭 肿胀 [详细],药物、放射、手术治疗 [详细],人工牛黄甲硝唑... 糠甾醇片 冰硼含片 [详细],3月----1年,10%,
癣菌疹,"毛(发)癣菌疹,毛癣菌疹",皮肤,常接触动物者,无传染性,医保疾病,皮肤科 传染科,癣菌素试验 真菌组织病理学 皮损 [详细],足癣 瘙痒 结节 丘疹 疱疹 [详细],灰指甲 [详细],局部治疗、系统治疗、药物治疗 [详细],氟康唑片 盐酸特比萘芬片 盐酸布替萘芬乳... [详细],30天,40%,市三甲医院约（ 100—— 500元）
膀胱结石,,膀胱,所有人群，,无传染性,医保疾病,泌尿外科,尿蛋白质 膀胱B超 静脉尿路造影 尿液细菌学检查 [详细],尿意窘迫 尿等待 尿痛 剧烈疼痛 急性尿潴留 [详细],膀胱炎 [详细],药物治疗、超声波碎石 [详细],尿石通丸 消石片 复方金钱草颗粒 [详细],7-14天,80%,
单纯疱疹病毒感染症,单纯疱疹,皮肤 全身,婴幼儿，儿童,有传染性,非医保疾病,皮肤科 传染科,单纯疱疹病毒抗体 皮肤涂片显微镜检查 单纯疱疹病毒（HSV） [详细],疱疹 淋巴结疼痛 淋巴结肿大 侵蚀性水疱 唇水疱 [详细],单纯疱疹 肺炎 黄疸 [详细],内服药物治疗、外用药物治疗 [详细],盐酸伐昔洛韦颗... 克霉唑乳膏 复方片仔癀软膏 [详细],15天,87%,市三甲医院约（500-1000元）;
屈光不正,"近视,近视眼",眼,学生人群尤其多发,无传染性,医保疾病,眼科 五官科,眼睑检查 屈光检查 远视力检查法 散瞳验光 雾视验光 [详细],视力障碍 头痛 视力视野改变 疲劳 紧张 [详细],睑缘炎 [详细],药物治疗、手术治疗 [详细],四味珍层冰硼滴... 珍珠明目滴眼液 消旋山莨菪碱滴... [详细],1-3个月,30%,
潜伏梅毒,隐性梅毒,全身 女性生殖,所有人群（不洁性史者居多）,有传染性,非医保疾病,性病科 传染科,梅毒螺旋体抗原血清试验 梅毒螺旋体血球凝集试验 梅毒血清试验 非梅毒螺旋体抗原血清试验 血清梅毒螺旋体抗体 补体结合试验 梅毒定性试验 脑脊液梅毒血清补体结合反应 [详细],梅毒感染 外阴皮肤肿胀 粘膜疹 淋巴结肿大 硬下疳 [详细],梅毒 三期梅毒 潜伏梅毒 [详细],药物治疗 [详细],琥乙红霉素胶囊 十三味菥蓂丸 琥乙红霉素片 [详细],3-6月,90%,不同医院收费标准不一致，市三甲医院约（3000 —— 8000元）;
口腔扁平苔藓,,口,所有人群,无传染性,非医保疾病,口腔科,口腔内窥镜 皮损 [详细],口腔粘膜弥漫充血 口腔黏膜溃疡 瘙痒 盘状红斑 丘疹 [详细],口腔癌 [详细],药物治疗 [详细],复方樟脑乳膏 盐酸赛庚啶片 西黄丸 [详细],1-2年,40%,
躁狂症,,心理,所有人群，青年男性,无传染性,医保疾病,精神病科 心理咨询,神经系统检查 颅脑CT [详细],易激惹 行为及情绪异常 躁郁样 情绪起伏大 情感高涨 [详细],躁狂症 [详细],药物治疗 [详细],醒脑安神胶囊 宁心安神胶囊 安神胶囊 [详细],1--3个月,30--50%,不同医院收费标准不一致，市三甲医院约（3000-5000元）
子宫内膜增生,子宫内膜增生症，子宫内膜厚，子宫内膜增厚,子宫,多为生育年龄妇女,无传染性,医保疾病,妇科,盆腔和阴道B超 人工周期试验 阴道B超 [详细],阴道不规则出血 不典型增生 绝经后子宫内膜增厚 抗内膜抗体阳性 蜕膜反应 [详细],休克 [详细],药物、手术治疗 [详细],益母草颗粒 止痛化癥胶囊 十全大补丸 [详细],1-3个月,65-85%,
胃食管反流病,"胃食管返流病,胃食管返流疾病",食管 胃,所有人群,无传染性,非医保疾病,胃肠外科 消化内科,血清总胆红素 食道X线钡餐 内镜检查 食管压力 酸返流试验 [详细],嗳气 反胃 黏膜损害 吞咽困难 胃灼热 [详细],先天性食管狭窄 糖尿病 巴来特(Barrett)食管 贲门失弛缓症 食管息肉 [详细],药物治疗、手术治疗 [详细],艾司奥美拉唑镁... 注射用艾司奥美... 尼扎替丁分散片 [详细],14-30天,70%,
硬皮病,痹症，胶原沉着病，皮痹，系统性硬化症，血痹，进行性全身性硬化症,全身,所有人群,无传染性,医保疾病,风湿科 皮肤科,抗核抗体 血红蛋白 血小板计数 血清抗硬皮病-70抗体 肺弥散功能 [详细],皮肤硬化 毛发稀少 皮肤萎缩和色素沉着 皮肤受累 皮肤苍白 [详细],脑囊虫病 垂体性侏儒症 脑血管瘤 发作性睡病 副鼻窦炎 [详细],生活调理、药物治疗 [详细],脉管复康片 积雪苷霜软膏 甲氧氯普胺片 [详细],10-30天,30%,市三甲医院约10000--50000元
外阴毛囊炎,外阴脓疱性毛囊炎,外阴 皮肤,机体免疫力下降，外阴清洁卫生差,无传染性,非医保疾病,妇科 皮肤科,妇科的保健体检 外阴部妇科常规检查 白细胞数 妇科常规检查 [详细],疼痛 脓疱 充血 外阴皮肤肿胀 外阴烧灼刺激感 [详细],阴道炎 [详细],药物治疗 [详细],氯霉素搽剂 克林霉素甲硝唑... 克拉霉素分散片 [详细],治疗周期7天,治愈率92%,
舌癌,舌岩，舌疳,口,多发生于40－60岁之间、男性多于女性,无传染性,医保疾病,肿瘤科 口腔科,耳鼻咽喉CT [详细],舌运动受限 吞咽困难 环咽部运动障碍 舌骨区有肿胀压痛 舌痛 [详细],颈淋巴结结核 [详细],药物、手术治疗 [详细],甲氨蝶呤片 注射用盐酸平阳... 羟基脲片 [详细],2-5个月,发现后5年生存率75%,
贲门癌,,胃,所有人群,无传染性,医保疾病,肿瘤科 消化内科,气钡双对比造影 内镜检查 腹部CT 上消化道X线钡餐 [详细],剧痛 水肿 昏迷 消瘦 隐痛 [详细],食道癌 [详细],手术治疗、放化疗 [详细],去甲斑蝥素片 食道平散 抗癌平丸 [详细],1-2个月,1.30%,
翼状胬肉,胬肉攀睛,眼,户外劳动者,无传染性,医保疾病,眼科,p53蛋白 [详细],眼结膜上出现瘀点 结膜充血 结膜乳头增生 角膜表面三角形胬肉 视力障碍 [详细],散光 翼状胬肉 颅咽管瘤 发作性睡病 眼眶肌炎 [详细],药物治疗、手术治疗 [详细],拨云退翳丸 注射用盐酸平阳... 注射用盐酸平阳... [详细],1-3月,80%,
腺样体肥大,,咽喉,儿童、少年期,无传染性,医保疾病,内分泌科 耳鼻喉科,鼻咽部活组织检查 血清卵泡刺激素 血清鳞状上皮细胞癌抗原 产科B超 浆膜腔积液细胞学检查 [详细],打呼噜 张口呼吸 唾液分泌增多 呛咳 胸闷 [详细],尿道癌 人流后妇科病 女性尿道癌 宫颈糜烂 盆腔炎 [详细],,气管炎丸 肠内营养乳剂(T... 复方双花口服液 [详细],,暂无相关资料,
早产,,全身,妊娠满28周至不足37周的孕妇,无传染性,医保疾病,产科,妊娠周数的判断 妊娠检查 血清妊娠相关血浆蛋白A 血清α2-妊娠相关蛋白 β1-妊娠特异蛋白 [详细],子宫颈扩张 先兆早产 胎膜早破 阴道出血 肚子疼 [详细],硬肿症 [详细],药物治疗 [详细],盐酸利托君片 妇康丸 盐酸氨溴索注射... [详细],治疗周期30天,治愈率89%,
胸腔积液,胸液，胸水，胸膜渗出，胸膜渗出液,胸部,所有人群,无传染性,医保疾病,心胸外科 外科,体位 肿瘤相关抗原 血清血管紧张素转化酶 涂片 电子支气管镜 [详细],胸痛 呼吸困难 胸闷 呼吸音减弱 胸膜摩擦音 [详细],肺水肿 休克 贫血 [详细],手术治疗 [详细],注射用重组人白... 重组人白细胞介... 重组人干扰素β... [详细],3个月,80%,
肠癌,,肠,中老年人,无传染性,非医保疾病,肿瘤科 胃肠外科,粪便隐血试验 肛门指检 大便血液 内镜检查 超声内镜 [详细],便血 食欲不振 体重减轻 排便不尽感 排便频率异常 [详细],大肠癌 结肠癌 直肠癌 小肠类癌 小肠腺癌 [详细],手术治疗、药物治疗 [详细],卡培他滨片 抗癌平丸 复方斑蝥胶囊 [详细],,70%,
月经量多,月经过多,子宫,青春期--围绝经期的女性,无传染性,医保疾病,妇科,黄体酮 雌激素 凝血时间 血清卵泡刺激素 血清鳞状上皮细胞癌抗原 [详细],月经量多 子宫出血 有排卵性功血 经期提前 月经失调 [详细],贫血 子宫肌瘤 盆腔炎 淋病 子宫内膜异位症 [详细],中药治疗、西药治疗、 [详细],益母草软胶囊 宫血宁胶囊 益妇止血丸 [详细],1-3个月,60-70%,
老年期抑郁障碍,,心理,中老年人,无传染性,非医保疾病,精神病科 心理咨询,颅脑CT 心电图 [详细],食欲减退 疲乏 背痛 无力 焦虑 [详细],心力衰竭 [详细],心理治疗 药物治疗 支持治疗 [详细],安神胶囊 宁心安神胶囊 醒脑安神胶囊 [详细],2-4月,68%,市三甲医院约（3000——5000元）
血栓形成,血栓症,血液血管,中老年人,无传染性,非医保疾病,血液科 心血管内科,内皮素 血浆凝血酶调节蛋白活性 血小板检查项目 血管造影 电阻抗体积描记 [详细],呼吸困难 动脉粥样硬化 静脉曲张 颈内动脉创伤性血栓 胸痛 [详细],肺栓塞 [详细],暂无相关资料,肝素钠注射液 肝素钠封管注射... 抗栓胶囊 [详细],,暂无相关资料,暂无相关资料
蛲虫病,,腹部 全身,儿童人群,有传染性,医保疾病,传染科 消化内科,虫卵计数法 肛门视诊 肛门拭子检查法 寄生虫检查的定量透明法 环卵沉淀试验 粪便寄生虫 大便白细胞 [详细],肚子疼 失眠 小儿的异嗜症状 小儿夜惊咬指 食欲减退 [详细],坐骨直肠窝脓肿 [详细],药物治疗 [详细],盐酸左旋咪唑颗... 盐酸左旋咪唑栓 伊维菌素片 [详细],3-7天,80%,不同医院收费标准不一致，市三甲医院约（1000--5000元）;
胆囊癌,,胆,中老年人群40岁以上,无传染性,医保疾病,肿瘤科 肝胆外科,胆囊胆道B超 血浆游离皮质醇 多药耐药基因 p53基因 血清组织多肽抗原 [详细],嗳气 恶病质 持续性疼痛 胆囊积脓 胆囊壁变薄 [详细],血栓形成 [详细],药物治疗、放射治疗、化学治疗 [详细],依托泊苷软胶囊 替莫唑胺胶囊 复方环磷酰胺片 [详细],3个月,30%,
胸膜炎,肋膜炎,胸部,青壮年人群,无传染性,医保疾病,呼吸内科 心胸外科,结核菌素皮内试验 胸透 昂德腊耳征 舍佩耳曼征 呼吸动度 [详细],胸痛 咳嗽 胸闷 气急 呼吸困难 [详细],老年人胸腔积液与胸膜炎 结核性胸膜炎 小儿结核性胸膜炎 [详细],药物治疗 [详细],利福喷丁胶囊 注射用头孢他啶 注射用阿洛西林... [详细],10-30天,80--90%,
视网膜病变,"黄斑病变,Rieger中心性视网膜炎,青年性出血性黄斑病变",眼,老年患者常见,无传染性,医保疾病,眼科,眼底镜检查法 [详细],夜盲 视力障碍 中心暗点扩大 光反射消失 眼底出血和渗出 [详细],视网膜病变 糖尿病 [详细],中医药物治疗、西医药物治疗、手术治疗 [详细],羟苯磺酸钙胶囊 曲克芦丁氯化钠... 独一味软胶囊 [详细],10-30天,60%,
恶性淋巴瘤,,淋巴,好发于中老年人，以工作压力大者好发,无传染性,医保疾病,肿瘤科 血液科,淋巴显像 局部淋巴显象 血清M蛋白 血清亮氨酸氨基转肽酶 血沉 [详细],肺门增宽 瘙痒 颌下淋巴结肿大压痛 脾肿大 消瘦 [详细],,药物治疗、手术治疗、放化疗 [详细],消癌平糖浆 醋酸泼尼松片 醋酸泼尼松片 [详细],8-12周,30-40%(外科手术治疗),
突发性耳聋,突发性聋、突聋,耳,儿童、青壮年,无传染性,医保疾病,耳鼻喉科,音叉检查 施瓦巴赫试验 听力检查 听力图 纯音听力计检查法 [详细],听力下降 恶心 复聪现象 耳堵 眼睑震颤 [详细],中耳炎 耳聋 耳膜穿孔 眩晕 [详细],糖皮质激素治疗、高压氧治疗 [详细],注射用降纤酶 注射用葛根素 尼莫地平片 [详细],7-10天,60%,
膝关节骨性关节炎,膝痹,膝部,中老年人,无传染性,非医保疾病,中医科 骨科,四肢的骨和关节平片 关节镜 髋关节弹响试验 髋关节超伸试验 踝关节背伸试验 [详细],膝关节疼痛 关节肿胀 膝关节肿大 间歇性跛行 关节疼痛 [详细],骨质增生 膝关节半月板损伤 膝关节脱位 [详细],药物治疗、手术治疗、微创治疗、物理治疗、中医治疗 [详细],硫酸氨基葡萄糖... 骨肽片 盐酸氨基葡萄糖... [详细],1-2个月,60%,市三甲医院约（1000 —— 5000元）
母乳性黄疸,喂养性黄疸,全身,婴幼儿,无传染性,非医保疾病,儿科 消化内科,血清间接胆红素 红细胞血清总胆红素 [详细],新生儿母乳喂养后出现黄疸 生理性黄疸 病理性黄疸 阻塞性黄疸 溶血性黄疸 [详细],,中医药物治疗、西医药物治疗 [详细],当飞利肝宁胶囊 复方金钱草颗粒 九味獐牙菜丸 [详细],7-14天,90%,
人格障碍,"病态人格,异常人格",心理,压力大者好发,无传染性,医保疾病,精神病科 精神心理科,颅脑MRI 颅脑CT [详细],猜疑 多疑 易于产生病理嫉妒信念 社交敏感性障碍 冲动型人格障碍 [详细],精神分裂症 [详细],药物治疗、心理咨询 [详细],盐酸氟西汀胶囊 碳酸锂片 氯氮平片 [详细],3-6月,60%,
冻疮,,皮肤,儿童、妇女及老年人,无传染性,医保疾病,皮肤科,,皮肤潮红肿胀 红斑样皮疹 肢体发凉 肢端发绀 手指冻肿 [详细],,药物治疗、支持疗法 [详细],肝素钠乳膏 辣椒风湿膏 氟轻松维B6乳膏 [详细],7--14天,80%,
阵发性室上性心动过速,室上速,心脏,多见于无器质性心脏病的年轻人或有风湿性心脏病、冠心病、心肌病及甲亢病人。,无传染性,医保疾病,心血管内科 心胸外科,心电图 动态心电图 [详细],胸闷憋气 面色青灰 无力 心悸 心率增快 [详细],心绞痛 低血压 [详细],药物治疗 支持性治疗 [详细],盐酸莫雷西嗪片 珊瑚七十味丸 心肝宝胶囊 [详细],2-4月,85%,市三甲医院约（3000-10000元）
肛周湿疹,,肛门,所有人群,无传染性,非医保疾病,皮肤科 肛肠外科,肛门视诊 肛门拭子检查法 肛门指检 [详细],肛周皮肤有湿疹 瘙痒 肛周皮肤潮红 肛门湿疹瘙痒 脓疱 [详细],蜂窝织炎 [详细],药物治疗、局部治疗、中药治疗 [详细],冰黄肤乐软膏 当归苦参丸 黑豆馏油软膏 [详细],7--10天,60--80%,不同医院收费标准不一致，市三甲医院约1000--5000
新生儿缺氧缺血性脑病,,颅脑,新生儿，婴儿,无传染性,医保疾病,儿科,颅脑MRI 颅脑超声检查 脑电图 血清NSE 颅脑CT [详细],腱反射消失 前囟饱满 窒息 肌张力降低 易激惹 [详细],吸入性肺炎 脑积水 [详细],药物治疗 支持性治疗 [详细],二维三七桂利嗪... 银柴颗粒 尼莫地平缓释片 [详细],2-4周,60%,市三甲医院约（3000-5000元）
脉管炎,"静脉炎,血栓性静脉炎",血液血管,所有人群,无传染性,医保疾病,血管外科,中心静脉压 电阻抗体积描记 [详细],呈红色条索，游走的浅静脉 浅静脉有一发红低热的索状物 局部静脉硬索状 皮下静脉呈网状怒张 毛细血管扩张 [详细],,药物治疗、局部疗法、手术疗法 [详细],肝素钠乳膏 非普拉宗片 菠萝蛋白酶肠溶... [详细],一般治疗需要30-60天周期。,经过治疗有效治愈率在70%能够治愈。,
自然流产,"自发流产,自发性流产",女性生殖,育龄期女性人群,无传染性,医保疾病,产科,子宫内膜活检 子宫大小 阴道细胞学检查 IgG抗A-效价 血清孕激素 [详细],下腹痛 阴道出血 停经 子宫小 完全流产 [详细],盆腔炎 [详细],药物治疗 [详细],黄体酮胶囊 维生素E软胶囊 维生素E软胶囊 [详细],治疗周期7天,治愈率98%,
过敏,,全身,所有人,无传染性,非医保疾病,皮肤科,气道过敏试验 过敏原检测 皮内试验 皮肤点刺试验 二硝基氟苯皮肤试验 [详细],红斑样皮疹 光过敏 药物过敏反应 全身过敏和发热皮疹关节痛 食物过敏 [详细],,药物治疗 [详细],氯雷他定片 氯雷他定片 马来酸氯苯那敏... [详细],,60%,
手癣,鹅掌风,皮肤 上肢,所有人群，多见于中老年人，男性多于女性,有传染性,医保疾病,皮肤科 传染科,真菌组织病理学 真菌检查 [详细],手脱皮 皮肤瘙痒 皮肤皲裂 脓疱 鳞屑 [详细],股癣 手足癣 [详细],药物治疗 [详细],珊瑚癣净 华佗膏 复方水杨酸搽剂 [详细],7--14天,60--80%,市三甲医院约（500-1000元）
蚕豆病,胡豆黄,血液血管,见于先天遗传,无传染性,医保疾病,心血管内科 中医科,变性球蛋白小体染色试验 [详细],疲劳 无力 食欲缺乏 血红蛋白尿 头昏 [详细],脑囊虫病 垂体性侏儒症 新生儿泪囊炎 高温引起的溶血性贫血 冷抗体型自身免疫性溶血性贫血 [详细],预防治疗、输血治疗、药物治疗 [详细],应该如何用药？用什么药？ [详细],2-4周,95%,
高血压危象,,血液血管 全身,有高血压基础病,无传染性,医保疾病,心血管内科,肾功能 血压测量 动态血压监测(ABPM) [详细],恶心 嗜睡 烦躁不安 颈部搏动 基底节出血 [详细],高血压脑病 肾衰 [详细],药物治疗 [详细],山楂精降脂片 呋塞米片 七十味珍珠丸 [详细],治疗周期15天,治愈率94%,不同医院收费标准不一致，市三甲医院约（5000 —— 10000元）
轻度宫颈糜烂,Ⅰ度宫颈糜烂,子宫,成年女性,无传染性,非医保疾病,妇科,阴道镜 妇科常规检查 [详细],白带增多 下腹坠胀 腰酸 肚子疼 [详细],暂无相关资料,暂无相关资料,壳聚糖抗菌膜 红光治疗仪 [详细],,暂无相关资料,暂无相关资料
营养不良,,全身,所有人群,无传染性,医保疾病,营养科 消化内科,身体器官功能与营养 BMI指数 血清钾 血清钙 血清锌 [详细],生长缓慢 消瘦 皮肤干燥 体型异常 唇甲色淡 [详细],贫血 低血糖 [详细],药物治疗 [详细],参术儿康糖浆 右旋糖酐铁片 富马酸亚铁多库... [详细],30天,90%,市三甲医院约（1000-5000元）
老年人睡眠障碍,老年睡眠障碍,颅脑 心理,中老年人群,无传染性,非医保疾病,老年科 心理咨询,动脉血气分析 动态心电图 纤维鼻咽镜 多导睡眠图 [详细],入睡困难 睡眠呼吸暂停 嗜睡 睡眠时间倒错 夜寐不实 [详细],猝死 高血压 睡眠障碍 肺动脉高压 心脏病 [详细],药物治疗 [详细],乌灵胶囊 补肾益寿胶囊 更年安胶囊 [详细],,95%,市三甲医院约（500 —— 1000元）
伤寒,"肠热病,伤寒病,伤寒症",肠 全身,所有人群,有传染性,医保疾病,传染科,肥达氏反应 外裴氏试验 便常规 尿常规 聚合酶链式反应 血清总补体活性 肥达反应 伤寒胶乳凝集试验 血清免疫球蛋白M 血液及骨髓细菌培养 [详细],高热不退 缓脉 玫瑰疹 肝脾肿大 全身感染中毒症状 [详细],,药物治疗 [详细],呋喃唑酮片 土霉素片 乳酸左氧氟沙星... [详细],14天,80%,市三甲医院约10000-30000;
酒精中毒,乙醇中毒，酒厥,全身,青年及中年男性，喜欢喝酒的,无传染性,非医保疾病,急诊科 消化内科,肝功能 肾功能 动脉血气分析 尿肌红蛋白 口形红细胞 [详细],恶心与呕吐 谵妄 头晕 嗜睡 面色苍白 [详细],,药物治疗 [详细],三磷酸腺苷二钠... 果糖二磷酸钠口... 沙丁胺醇气雾剂 [详细],3-7天,98%,
糖尿病肾病,,肾,糖尿病患者,无传染性,医保疾病,肾内科 中西医结合科,尿白蛋白清除率 内生肌酐清除率 肾小球滤过率 尿葡萄糖 尿蛋白定量 [详细],蛋白尿 糖尿 胰岛细胞破坏 腹水 食欲减退 [详细],肾病综合征 糖尿病 [详细],药物治疗 [详细],呋塞米片 胰岛素注射液 厄贝沙坦片 [详细],3个月,40%,不同医院收费标准不一致，市三甲医院约（10000 —— 30000元）
接触性皮炎,"马桶癣,漆疮,膏药风,粉花疮",皮肤,所有人群,无传染性,医保疾病,皮肤科 中西医结合科,皮肤病的物理检查 免疫病理检查 过敏原检测 皮肤试验 [详细],红斑样皮疹 光感性皮肤损害 痤疮样皮疹 尿中组织胺排泄增加 带状疱疹样外观 [详细],瘙痒症 [详细],药物治疗 [详细],倍他米松新霉素... 复方曲安奈德乳... 复方醋酸地塞米... [详细],3个月,60%,
急性心肌梗死,"急性心肌梗塞,急性心梗",心脏 血液血管,所有人群,无传染性,医保疾病,心胸外科 心血管内科,二维超声心动图 心电图 冠状动脉造影 心肌酶 血清肌酸激酶同工酶 [详细],胸痛 心肺栓塞 心肌坏死广泛 上腹部疼痛 胸闷憋气 [详细],心肌梗塞 心力衰竭 [详细],药物治疗 [详细],果糖二磷酸钠胶... 单硝酸异山梨酯... 酒石酸美托洛尔... [详细],2-4周,30%,
疟疾,"打摆子,瘴气",全身,所有人群，儿童发病率高,有传染性,医保疾病,传染科,血吸虫间接血凝试验 血清疟原虫抗体和抗原 疟疾间接免疫荧光试验 [详细],发烧 乏力 头痛 口唇发绀 脾肿大 [详细],,药物治疗、中医治疗 [详细],藿香祛暑软胶囊 通天口服液 全天麻胶囊 [详细],3个月,40%,市三甲医院约（10000--20000元）;
细菌性痢疾,菌痢，志贺菌病,胃 肠,所有人群,有传染性,医保疾病,传染科 消化内科,便常规 小肠造影 粪便量 粪便性状 大便颜色 粪便气味 粪便吞噬细胞 痢疾杆菌检测 病原体检查 [详细],黏液便 稀便 阵发性腹痛 大便酸臭 恶心 [详细],甲营养不良 [详细],药物治疗 [详细],清热消炎宁胶囊 穿心莲内酯滴丸 磷霉素钙胶囊 [详细],7-14天,经过治疗后99%可以痊愈治疗。,不同医院收费标准不一致，市三甲医院约（1000-5000元）;
散光,乱视眼,眼,所有人群，青少年,无传染性,医保疾病,眼科,检影镜 角膜地形图 带状光检影法 视网膜检影法 屈光检查 [详细],看东西有重影 视力障碍 视物模糊 眼疲劳 头痛 [详细],,光学矫正、手术治疗 [详细],软性角膜接触镜 软性角膜接触镜 软性亲水接触镜 [详细],>120天(终身佩戴眼镜),暂无相关资料,
功能性消化不良,消化不良,胃 肠,所有人群,无传染性,非医保疾病,消化内科 中医科,胃充盈及排空功能 胃排空测定和显像 腹部平片 腹部CT 粪便脂肪定量 [详细],消化不良 腹部不适 嗳气 粪便排出过程异常 气上沖心 [详细],呕吐 肠易激综合征 [详细],药物治疗、饮食疗法 [详细],枸橼酸莫沙必利... 西沙必利胶囊 碳酸氢钠片 [详细],治疗周期21天,治愈率79%,
糖尿病酮症酸中毒,酮症酸中毒,全身,糖尿病患者,无传染性,医保疾病,内分泌科 中西医结合科,血清谷氨酸脱羧酶抗体 葡萄糖可的松耐量试验 缓冲液 二氧化碳总量 尿乙酰乙酸 [详细],肚子疼 胃肠道症状 昏睡 呼气中有甜臭味 头痛 [详细],代谢性酸中毒 乳酸性酸中毒 糖尿病乳酸性酸中毒 [详细],药物治疗 [详细],碳酸氢钠注射液 胰岛素注射液 沙格列汀片 [详细],2-4周,85%,不同医院收费标准不一致，市三甲医院约（3000-5000元）
外阴白色病变,"外阴白色病损,外阴白斑,外阴营养不良",外阴,见于任何年龄，多见于40岁左右妇女。,无传染性,医保疾病,妇科,阴道活检 皮肤涂片显微镜检查 直接涂片检查 血常规 阴道分泌物涂片 [详细],外阴皮肤肿胀 外阴萎缩 外阴白斑 外阴烧灼刺激感 阴部溃疡 [详细],外阴肿瘤 外阴良性肿瘤 外阴湿疹 梅毒 绝经 [详细],药物治疗 手术治疗 放射性治疗 支持性治疗 [详细],抗妇炎胶囊 抗宫炎片 复方莪术油栓 [详细],1-3个月,70%,
睾丸扭转,精索扭转,睾丸,所有人群，以婴幼儿和青少年多见,无传染性,医保疾病,男科 泌尿外科,阴囊超声检查 [详细],剧烈疼痛 阴囊坠胀痛 恶心 厌食 睾丸疼痛 [详细],睾丸炎 [详细],药物治疗、手术治疗 [详细],二十八味槟榔丸 黄体酮胶丸 卡铂注射液 [详细],2-4周,50%,
性变态,,心理,性活跃人群尤为多见,无传染性,非医保疾病,心理咨询,神经系统检查 脑电图 男性生殖系X线检查 内生殖器检查 外生殖器检查 [详细],摩擦型性变态 性施虐癖 窥淫癖 恋兽癖 性受虐癖 [详细],人格障碍 摩擦黑变病 [详细],心理治疗 [详细],茴拉西坦胶囊 尼麦角林片 富马酸喹硫平片 [详细],1-2年,60%-80%,不同医院收费标准不一致，市三甲医院约（1000—— 10000元）
胆管癌,胆管细胞癌,胆 肝,发病年龄多为50～70岁，但也可见于年轻人,无传染性,医保疾病,肿瘤科 肝胆外科,术后经T形管胆道造影 HER-2基因 血浆游离皮质醇 血清组织多肽抗原 血清癌胚抗原 [详细],腹部不适 肚子疼 恶心 腹水 胆囊增大 [详细],肝硬化 [详细],手术治疗 [详细],经肝胆道支架系... 自膨式外周支架... [详细],,外科手术治愈率约为75%,
腱鞘囊肿,,关节,用手关节较多的人群多发，发生于任何年龄，多见于青年和中年，女性多于男性,无传染性,医保疾病,骨科 中医科,肩关节外展试验 肩外展摆动试验 [详细],压痛 冻结肩 肌腱囊肿 肌肉萎缩 囊肿 [详细],肿胀 [详细],外科治疗、物理治疗 [详细],双氯芬酸钠肠溶... 伤痛舒 复方七叶皂苷钠... [详细],1-3周,80%,
女性尖锐湿疣,,女性生殖,中年女性,有传染性,非医保疾病,妇科 性病科,HPV检查 涂片 结核杆菌基因检测 醋酸白试验 [详细],湿疣 肛门瘙痒 外阴鳞状上皮疣状增生 [详细],暂无相关资料,药物治疗、手术治疗 [详细],>> 应该如何用药？用什么药？ [详细],,65%，本病容易复发，可能需要反复多次治疗,市三甲医院约4000-5000元
病毒性脑炎,"病毒性脑膜炎,散发性脑炎",颅脑,所有人群,有传染性,医保疾病,神经内科,脑膜刺激征 脑脊液细菌培养 脑脊液细胞学检查 脑脊液一般性状 脑脊液的化学检查 脑脊液蛋白 脑脊液脑膜炎球菌抗原 积液溶菌酶 脑脊液钠 脑脊液葡萄糖和血清葡萄糖比值 [详细],发烧 头痛 恶心与呕吐 脑膜刺激征 颈项强直 [详细],褥疮 疖 [详细],药物治疗 [详细],氟康唑胶囊 甘油氯化钠注射... 甘油氯化钠注射... [详细],1-2个月,经过抗病毒治疗后，能够有效控制治愈，一般,市三甲医院约（1000-5000元）;
肋间神经痛,肋间神经炎,周围神经系统 胸部,有胸腔病变或带状疱疹者,无传染性,医保疾病,神经内科 中医科,暂无相关资料,胁肋灼痛 肋间隙可有压痛 烧灼性疼痛 感觉过敏 感觉障碍 [详细],发作性睡病 坐骨神经痛 脑血管瘤 颅咽管瘤 三叉神经痛 [详细],药物、理疗、针灸、推拿 [详细],普瑞巴林胶囊 布洛芬乳膏 维生素B1片 [详细],2-4周,85%,市三甲医院约（3000 —— 5000元）
手足癣,"手癣,足癣,香港脚",手部 足部,所有人群,有传染性,非医保疾病,皮肤科,扫描电子显微镜 偏振光显微镜检查 真菌培养 真菌检查 皮损 [详细],指甲有红色或黑色斑点 表皮角化 鳞屑 手、足部厚壁水疱 足癣 [详细],接触性皮炎 脚气病 [详细],药物治疗 [详细],硝酸咪康唑乳膏 曲安奈德益康唑... 曲安奈德益康唑... [详细],3-6个月,70-85%,不同医院收费标准不一致，市三甲医院约（1000 —— 5000元）
癔症,,心理,青年，女性,无传染性,医保疾病,心理咨询 精神心理科,脑神经检查 颅脑MRI [详细],情感暴发 躁狂与昏睡交替 癔症步态 狂笑 不自主运动 [详细],,药物治疗 [详细],尼麦角林 氟哌啶醇片 盐酸氯丙嗪片 [详细],3-6个月,60-70%(以心理疏导治疗为主),
过敏性哮喘,,肺,所有人，儿童占多数,无传染性,医保疾病,风湿科 中西医结合科,肺功能 动脉血气分析 皮肤试验 胸部平片 痰液显微镜检查 [详细],胸闷 吐泡沫痰 紫绀 哮鸣音 气喘 [详细],暂无相关资料,药物治疗 [详细],镇咳宁胶囊 消咳宁片 复方茶碱甲麻黄... [详细],7-14天,30%,市三甲医院约（3000 —— 5000元）
内痔,痔疮,肛门,所有人群，多见于40岁以上的中老年人。,无传染性,医保疾病,肛肠外科,肛门视诊 肛门指检 直肠镜 [详细],痔核 痔出血 肛门坠胀 肛门瘙痒 肛门疼痛 [详细],肛瘘 肛裂 [详细],药物治疗、手术治疗 [详细],三七化痔丸 肛泰栓 肛泰软膏 [详细],7-10个,90%,
皮肤瘙痒症,瘙痒性皮肤病,皮肤,一般以老年人多见,无传染性,医保疾病,皮肤科,皮损 [详细],皮肤瘙痒 剧痒 良性反应性改变 阴囊瘙痒 肛门瘙痒 [详细],湿疹 [详细],西医药物治疗 [详细],丙酸睾酮注射液 氯雷他定片 湿毒清胶囊 [详细],5--7天,80%,市三甲医院约（100-500元）
多汗症,"自汗,盗汗，汗证",皮肤 周围神经系统,多在青少年时发病,无传染性,非医保疾病,皮肤科 皮肤性病,便常规 尿常规 自主神经功能检查 [详细],掌跖多汗 交感神经高度紧张 发绀 肌肉萎缩 盗汗 [详细],毛囊炎 疖 [详细],药物、手术治疗 [详细],六味地黄丸 六味地黄丸 六味地黄丸 [详细],4-8周,80%,
急性腰扭伤,,腰部,青壮年、老年人,无传染性,医保疾病,骨科 中医科,腹部平片 腰背痛体格检查 脊椎平片 MRI 腰背部麻醉试验 [详细],扭伤 瘀血 剧痛 腰大肌肿胀 脊柱侧弯 [详细],急性腰扭伤 [详细],药物治疗、休息治疗、物理治疗、中医治疗 [详细],壮骨麝香止痛膏 *正骨水 麝香镇痛膏 [详细],7-14天,90%,
病毒性肝炎,,肝,无特殊发病群体,有传染性,医保疾病,传染科 肝炎,肝功能 血清谷草转氨酶 血清甲型肝炎病毒抗原 白细胞分类计数 淋巴细胞数 血小板计数 血清胆固醇酯 血清胆碱酯酶 血清Ⅲ型胶原蛋白 血清循环免疫复合物 [详细],肝被膜紧张 大块肝细胞坏死 蛋白尿 大三阳 恶心 [详细],糖尿病 脂肪肝 再生障碍性贫血 [详细],药物治疗 [详细],鸡骨草肝炎颗粒 茵白肝炎颗粒 复方肝炎颗粒 [详细],3-6月,85%,不同医院收费标准不一致，市三甲医院约（5000-10000元）;
前置胎盘,,子宫,女性人群，妊娠妇女,无传染性,医保疾病,产科,产科B超 催产素激惹试验 胎儿发育检查 MRI 血常规 [详细],阴道不规则出血 阴道持续流血不停 阴道持续少量流血 阴道流血过多 阴道出血 [详细],前置胎盘 宫颈癌 妊娠合并宫颈癌 [详细],药物治疗 [详细],安胎丸 保胎灵 滋肾育胎丸 [详细],15天,80%,
小儿营养不良,,全身,婴幼儿,无传染性,非医保疾病,儿科 营养科,血清转铁蛋白 血清甲状腺素结合前白蛋白 血浆铜蓝蛋白 血清碱性磷酸酶 血清淀粉酶 [详细],食欲不振 面色苍白 儿童偏食 皮肤干燥 消瘦 [详细],鹅口疮 肠炎 [详细],中医药物治疗、西医药物治疗 [详细],强身健脑片 参术儿康糖浆 维生素E软胶囊 [详细],30天,85%,
肺热咳嗽,,肺,所有人群,无传染性,非医保疾病,中医科 呼吸内科,,咳嗽 咳出黄色痰液 口干 咽痛 尿赤 [详细],新生儿泪囊炎 咳嗽变异性哮喘 副鼻窦炎 小儿便秘 脑血管瘤 [详细],药物治疗 [详细],清肺十八味丸 羚羊清肺颗粒 祖卡木颗粒 [详细],治疗周期7天,治愈率99%,
阿斯匹林不耐受三联症,Wiolal综合征,鼻 肺,成年人,无传染性,医保疾病,呼吸内科 耳鼻喉科,激发试验 [详细],胸闷 变应性鼻炎 皮质激素依赖 鼻溢液 鼻分泌物增多 [详细],休克 [详细],,盐酸氨溴索分散... 盐酸氨溴索分散... 吡嘧司特钾片 [详细],,暂无相关资料,
汞中毒,,全身,所有人群,无传染性,医保疾病,急诊科,血清胆碱酯酶 脑电图 尿汞 血清汞 [详细],肚子疼 酩酊感 汞毒性震颤 焦虑 齿龈肿胀 [详细],,药物治疗 [详细],二巯丁二酸胶囊 葡醛内酯片 盐酸丙哌维林片 [详细],10天,30%,
阴道白斑,"女阴白斑,阴道白斑病",阴道 皮肤,多见于更年期妇女,无传染性,医保疾病,妇科 皮肤科,阴道分泌物涂片 阴道窥器检查 阴道镜 [详细],外阴白斑 阴道分泌物增多 急性阴道感染 阴部溃疡 瘙痒 [详细],阴道炎 [详细],药物治疗、手术治疗 [详细],诺氟沙星药膜 复方莪术油栓 聚甲酚磺醛溶液 [详细],手术治疗周期7天,治愈率87%,
睡美人症候群,克莱恩-莱文综合症,头部,青年人,无传染性,非医保疾病,神经内科 脑外科,脑脊液总胆固醇 神经系统检查 血清NSE [详细],嗜睡 抑郁 情绪性疲劳 神志不清 神志淡漠 [详细],性病神经症 性欲亢进 [详细],,氟马西尼 氟马西尼 [详细],,暂无相关资料,
系统性红斑狼疮,全身性红斑狼疮,免疫系统,15～40岁女性,无传染性,医保疾病,风湿科 皮肤科,狼疮带试验 血浆凝血酶调节蛋白活性 尿常规 狼疮细胞试验 抗核抗体 [详细],盘状红斑 关节疼痛 肌痛 发烧 疲劳 [详细],,中医药物治疗、西医药物治疗 [详细],吗替麦考酚酯胶... 他克莫司胶囊 甲泼尼龙片 [详细],6个月,0.1%(治愈率极低),
阴道痉挛,性交恐惧症,阴道,新婚期女性,无传染性,医保疾病,妇科,阴道触诊 阴道窥器检查 白带常规 宫颈涂片 [详细],阴道出血 阴道持续少量流血 产后下腹坠痛或阴道坠胀感 性交疼痛 性交困难 [详细],抑郁症 [详细],心理治疗、药物治疗 [详细],去痛片 氢溴酸高乌甲素... 吡罗昔康片 [详细],1个月,90%,
性障碍,,女性生殖 男性生殖,成年人群,无传染性,非医保疾病,男科,前列腺检查 男性性功能全面测试 [详细],性交疼痛 晚霞样或夕照样眼底 抑郁 快感缺乏 震颤 [详细],,心理治疗 药物治疗 [详细],前列回春胶囊 龟鹿补肾丸 金鸡胶囊 [详细],1-3个月,80%,
病毒性心肌炎,,心脏,所有人群,无传染性,医保疾病,心血管内科,血清肌钙蛋白I和肌钙蛋白T 血清肌红蛋白 心电图 多普勒超声心动图 二维超声心动图 [详细],肌肉酸痛 乏力 心尖搏动弥散 心悸 窦房结病变 [详细],心力衰竭 扩张型心肌病 [详细],药物治疗 [详细],果糖二磷酸钠口... 转移因子口服溶... 盐酸普萘洛尔缓... [详细],3-6个月,60%,不同医院收费标准不一致，市三甲医院约（10000-50000元）
神经官能症,神经症，精神神经症,心理,所有人群,无传染性,医保疾病,精神病科 内科,脑电图 颅脑CT MRI 心脏血管超声检查 神经系统检查 [详细],职业神经症 焦虑 内向性思维 疲劳 惊恐发作 [详细],便秘 阳痿 月经不调 卵巢炎 神经衰弱 [详细],药物治疗 [详细],谷维素片 解郁安神颗粒 解郁安神胶囊 [详细],1-3个月,90%,不同医院收费标准不一致，市三甲医院约（3000 —— 8000元）
鞘膜积液,,阴囊,成人年人群,无传染性,医保疾病,泌尿外科 儿科,前列腺B超 前列腺、精囊腺的超声检查 透光试验 阴囊超声检查 [详细],阴囊坠胀痛 一侧阴囊内逐渐增大的无痛性肿块 阴囊肿大 鞘膜积水 排尿不畅 [详细],睾丸损伤 [详细],药物治疗、手术治疗 [详细],黄精赞育胶囊 维生素B2片 谷丙甘氨酸胶囊 [详细],,80%,
甲状腺炎,,甲状腺,女性多见,无传染性,医保疾病,内分泌科,血清促甲状腺激素 血清甲状腺球蛋白 甲状腺吸碘试验 血清抗甲状腺球蛋白抗体 血清抗甲状腺微粒体抗体 [详细],性欲减退 剧痛 疼痛 甲状腺肿大 甲状腺机能亢进 [详细],急性甲状腺炎 无痛性甲状腺炎 慢性纤维性甲状腺炎 急性化脓性甲状腺炎 急性放射性甲状腺炎 [详细],药物治疗 [详细],左甲状腺素钠片 左甲状腺素钠片 左甲状腺素钠片 [详细],10-15天,80%,市三甲医院约（1000-3000元）
良性前列腺增生,前列腺肥大,前列腺,所有人群,无传染性,非医保疾病,泌尿外科 外科,脉搏 膀胱镜 直肠指检 血清前列腺酸性磷酸酶 血清PSA [详细],尿痛 尿急 尿频 急性尿潴留 膀胱排空不全 [详细],膀胱憩室 肾积水 血尿 [详细],保列治、爱普列特、舍尼通、通尿灵、泊泌松、癃闭舒 [详细],颠茄片 前列舒乐胶囊 非那雄胺片 [详细],手术治疗周期7天,治愈率87%,不同医院收费标准不一致，市三甲医院约（1000-5000元）
花斑癣,汗斑，变色糠疹,皮肤,所有人群。最小年龄仅为2.5个月，最大12岁。,无传染性,医保疾病,皮肤科,皮肤涂片显微镜检查 [详细],瘙痒 丘疹 腹股沟痒 斑疹 色素脱失 [详细],脂溢性皮炎 银屑病 [详细],药物治疗 [详细],联苯苄唑凝胶 二硫化硒洗剂 盐酸萘替芬乳膏 [详细],10-30天,60%,不同医院收费标准不一致，市三甲医院约（500 —— 3000元）
痱子,"热痱红色粟粒疹,热痱",皮肤,婴幼儿,无传染性,医保疾病,皮肤科 中医科,皮损 [详细],脓痱 白痱 深痱 热痱 丘疹 [详细],毛囊炎 [详细],药物治疗 [详细],复方醋酸氯己定... 炉甘石洗剂 氧化锌软膏 [详细],7-14天,90%,
急性子宫内膜炎,"子宫内膜炎,子宫炎",子宫,女性,无传染性,非医保疾病,妇科,阴道窥器检查 子宫颈涂片测试 阴道分泌物涂片 白带常规 肛腹诊 [详细],带血性分泌物 反应性细胞改变 抗内膜抗体阳性 下腹疼痛 腹部压痛 [详细],腹膜炎 [详细],药物治疗 [详细],金鸡片 金鸡颗粒 抗妇炎胶囊 [详细],1-2个月,80%,
脑瘤,"脑肿瘤,颅内肿瘤,脑癌，内风",颅脑,中老年人,无传染性,医保疾病,肿瘤科 脑外科,颅脑MRI 小气脑CT扫描 颅脑超声检查 颅脑CT CT造影扫描 [详细],头痛 视力视野改变 颅内压增高 恶心与呕吐 视乳头水肿 [详细],,手术治疗、西药治疗、中药治疗、饮食调理 [详细],盐酸格拉司琼口... 平消片 甘油果糖氯化钠... [详细],1-3个月,10%,
阳虚,,全身,所有人群，男性多数,无传染性,非医保疾病,中医科,,怕冷 气虚阳衰 舌胖有齿痕 小便清长 脉沉缓或沉细 [详细],发作性睡病 类风湿性关节炎肾损害 恶寒发热 新生儿泪囊炎 类风湿性关节炎 [详细],药物治疗 [详细],刺五加片 龟芪参口服液 十全大补酒 [详细],,100%,
脑震荡,,颅脑,中老年人,无传染性,医保疾病,脑外科,头颅平片 脑血流测定 脑电图 颅脑CT [详细],昏迷 近事遗忘现象 头痛 恶心与呕吐 注意力不集中 [详细],,休息及药物治疗 [详细],安神补脑液 补脑安神片 安神补脑片 [详细],1-6个月,40%,
多发性骨髓瘤,骨髓瘤，赫珀特病，赫珀特氏病，浆细胞骨髓瘤,全身,中老年人,无传染性,医保疾病,血液科 骨科,肾功能 血液生化六项 四肢的骨和关节平片 脊椎平片 放射性核素肾图 [详细],骨痛 出血倾向 反复感染 肾损害 肝脾肿大 [详细],,手术治疗、药物治疗 [详细],乌苯美司胶囊 注射用重组人干... 注射用重组人干... [详细],1个月,30%,
丘疹性荨麻疹,急性单纯性痒疹，荨麻疹性苔藓，小儿荨麻疹性苔藓，婴儿苔藓，虫咬皮炎,皮肤,所有人群，发于婴幼儿童,无传染性,医保疾病,皮肤科,结核菌素皮内试验 RPR 兔感染试验 皮肤病的物理检查 皮损 [详细],剧痒 斑丘疹 丘疹 [详细],急性淋巴管炎 [详细],西药治疗、中药治疗 [详细],荆肤止痒颗粒 盐酸西替利嗪片 盐酸西替利嗪片 [详细],3-6周,95%,
干燥综合征,"舍格伦综合征,斯约格伦综合征,自身免疫性外分泌腺病,古-豪二氏综合征",免疫系统,40岁到50岁,无传染性,医保疾病,风湿科,血液生化六项 血清免疫球蛋白M 血清免疫球蛋白A 角膜荧光素染色 胸部CT [详细],干性皮肤 反复感染 面部脱皮 关节疼痛 无力 [详细],慢性支气管炎 淋巴瘤 [详细],缓解症状、对症治疗 [详细],金嗓子喉片 清音丸 复方硫酸软骨素... [详细],7天,80%,
急性胆囊炎,胆囊炎，胆瘅,胆,所有人群,无传染性,医保疾病,消化内科 肝胆外科,静脉胆道造影 尿淀粉酶 腹壁紧张度 胆道造影 腹部平片 [详细],发烧 肚子疼 右背部痛 腹胀 胆囊触痛征 [详细],胆汁性腹膜炎 低钠血症 营养不良 拉肚子 胆道出血 [详细],药物治疗、手术治疗 [详细],利胆排石片 二十五味松石丸 二十五味松石丸 [详细],7-14天,90%,
肾炎,"肾小球肾炎,肾脏炎",肾,老年人、肾功能损害患者、高血压患者、肥胖者、糖尿病人群,无传染性,医保疾病,肾内科,尿常规 12小时尿细胞计数 尿细菌培养 腹部平片 血清透明质酸 [详细],少尿 无尿 水肿 血压高 肾小球滤过率下降 [详细],家族性出血性肾炎（Alport综合征） 放射性肾炎 失盐性肾炎 隐匿性肾炎 老年人急进性肾炎 [详细],西药治疗、透析治疗、中药治疗、饮食调理 [详细],复方α-酮酸片 吗替麦考酚酯胶... 他克莫司胶囊 [详细],1-3个月,85%,市三甲医院约5000--10000
男性生殖器畸形,,男性生殖,大部分先天性发病,无传染性,非医保疾病,男科 生殖健康,前列腺、精囊腺的超声检查 染色体 [详细],无睾丸 阴茎短 睾丸微小 睾丸萎缩 睾丸发育不全 [详细],,手术治疗 [详细],叶酸片 叶酸片 鬼臼毒素酊 [详细],1个月,40%,
男性尖锐湿疣,,男性生殖,男性人群多见,有传染性,非医保疾病,男科 性病科,HPV检查 性传播疾病免疫检测 醋酸白试验 [详细],阴囊瘙痒 溃疡外观呈菜花样 剧痒的疣状结节 溃疡分泌物恶臭 疣状增殖 [详细],暂无相关资料,手术治疗、药物治疗 [详细],盐酸氨酮戊酸外... 鬼臼毒素酊 [详细],,30%,1000--3000元
乳腺囊性增生症,"乳腺增生症,良性乳腺结构不良",乳房,多见于25～45岁女性,无传染性,非医保疾病,乳腺外科 妇科,女性性发育自我检查 乳房检查 乳房触诊 乳腺检查 [详细],乳痛症 乳房胀痛 乳房肿块 乳腺囊性增生 [详细],绝经期乳腺癌 [详细],针灸治疗、药物治疗 [详细],乳块消胶囊 乳增宁片 乳安片 [详细],2-5月,98%,
视网膜脱落,"原发性视网膜脱离,视网膜剥离,视网膜神经上皮层脱离",眼,成年人,无传染性,医保疾病,眼科,眼底接触镜 裂隙灯 眼底镜检查法 [详细],视力障碍 视野缺损 视网膜脱离 眼前异常闪光，增加的黑点 视物变小 [详细],,中医药物治疗 [详细],血栓通注射液 血栓通注射液 血栓通注射液 [详细],7-14天,10%,
弱视,,眼,儿童,无传染性,医保疾病,眼科,视力 光觉检查 对比敏感度 眼底检查 屈光检查 [详细],视力障碍 屈光介质混浊 色觉丧失 斗鸡眼 视物模糊 [详细],,药物治疗、手术治疗 [详细],明目地黄丸 左旋多巴片 左旋多巴片 [详细],>120天(终身间断治疗),暂无相关资料,
重度宫颈糜烂,Ⅲ度宫颈糜烂,子宫,中年女性,无传染性,非医保疾病,妇科,阴道镜 宫颈妇科常规检查 妇科常规检查 TCT [详细],白带增多 阴道出血 盆腔坠痛 尿频 尿急 [详细],暂无相关资料,暂无相关资料,银离子抗菌水凝... 银离子抗菌消炎... Ⅰ型银离子抗菌... [详细],,暂无相关资料,暂无相关资料
白化病,白斑病,皮肤,近亲结婚的家族及有家族遗传史患者,无传染性,医保疾病,皮肤科,,鼻毛变白 虹膜异色 畏光 畏光及流泪 虹膜蓝色 [详细],白点病 外阴白化病 [详细],药物治疗、物理治疗 [详细],应该如何用药？用什么药？ [详细],1-3个月,20%,
食管炎,,食管,中老年人,无传染性,医保疾病,消化内科,内镜检查 食管钡餐透视 食管压力 食管滴酸试验 [详细],胸骨后烧灼样痛 吐酸 反酸 吞咽时胸痛 心口灼热痛 [详细],反流性食管炎 放射性食管炎 化脓性食管炎 病毒性食管炎 药物性食管炎 [详细],西医药物治疗、手术治疗 [详细],奥美拉唑肠溶胶... 奥美拉唑肠溶胶... 盐酸雷尼替丁胶... [详细],,80%,
肝胆管结石,肝内胆管结石,肝,中老年人,无传染性,医保疾病,肝胆外科,胆道造影 MRI 血清总蛋白 肝、胆、脾CT 经皮肤穿刺胆道造影 [详细],肚子疼 高热寒战 胆管梗阻 胆绞痛 突发性绞痛 [详细],急性化脓性胆管炎 [详细],暂无相关资料,胆石片 胆康片 珍熊胆丸 [详细],,暂无相关资料,暂无相关资料
多发性末梢神经炎,,周围神经系统,有重金属（砷、汞、铅）接触史、糖尿病的患者,无传染性,非医保疾病,神经内科,肌电图 尿葡萄糖 白细胞数 泪液β2-微球蛋白 血清卵泡刺激素 [详细],肌束震颤 四肢湿冷 感觉过度 跨阈步态 感觉障碍 [详细],尿道癌 人流后妇科病 女性尿道癌 宫颈糜烂 盆腔炎 [详细],西药治疗 [详细],复方维生素B12... 氨咖甘片 三维B片 [详细],1-3月,90%,不同医院收费标准不一致，市三甲医院约（2000 —— 5000元）
睾丸癌,,睾丸,成年男性,无传染性,非医保疾病,肿瘤科 泌尿外科,睾丸自我检查 [详细],睾丸胀痛 睾丸增大和变硬 阴囊下坠 阴囊肿大 [详细],,手术治疗、药物治疗 [详细],甲氨蝶呤片 卡铂注射液 注射用盐酸表柔... [详细],3-6个月,40%(本病属于恶性肿瘤一般手术后5年生存率,
肾错构瘤,"肾血管肌脂肪瘤,肾血管平滑肌脂肪瘤",肾,中年，女性较多,无传染性,医保疾病,泌尿外科 肿瘤科,肾血管造影 腹部平片 肾脏CT [详细],尿频 蛋白尿 腰酸背痛 胃肠道症状 智力减低 [详细],肾盂肾炎 [详细],手术治疗 [详细],应该如何用药？用什么药？ [详细],1-3个月,60%,
淋球菌感染,"淋病奈瑟菌感染,淋病奈瑟球菌感染,淋病奈瑟氏菌感染,淋病双球菌感染",肺,所有人群性活跃人群多见,有传染性,非医保疾病,传染科 性病科,阴道分泌物涂片 涂片 药敏试验 ELISA [详细],尿频 尿痛 尿急 腹股沟淋巴结肿大 白带增多 [详细],前列腺炎 附睾炎 盆腔炎 子宫内膜炎 骨关节炎 [详细],药物治疗 [详细],硬脂酸红霉素颗... 头孢克肟片 螺旋霉素片 [详细],2-4周,60%,
口角炎,"传染性口角炎,口角唇炎,马嚼子疮",口,所有人群,无传染性,医保疾病,口腔科,真菌组织病理学 维生素 [详细],口唇干燥 口唇渗液 口角向外的放射性皱纹 烂嘴角 黏膜损害 [详细],哮喘 过敏 [详细],药物治疗 [详细],维生素B2片 维生素B2片 维生素B2片 [详细],治疗周期14天,治愈率98%,
脊髓型颈椎病,,颈部 脊柱,中老年人,无传染性,非医保疾病,骨科 神经内科,脊椎平片 [详细],颈椎变形 步态异常 共济失调 行走踩棉花感 锥体束病损 [详细],暂无相关资料,药物治疗、手术治疗 [详细],伸筋丹胶囊 颈复康颗粒 骨刺宁胶囊 [详细],,60%,市三甲医院约（2000—— 10000元）
百草枯中毒,,全身,所有人群,无传染性,非医保疾病,急诊科,WBC PaO2 胸部平片 肺部检查 白细胞数 [详细],肚子疼 紫绀 呼吸衰竭 呼吸困难 蛋白尿 [详细],特发性肺纤维化 [详细],手术治疗 [详细],阿魏酸钠片 [详细],治疗周期15天,治愈率65%,
儿童遗尿症,,膀胱,多发生于5～10岁儿童，男孩较多见。,无传染性,非医保疾病,儿科 肾内科,泌尿系统CT 脑电图 [详细],遗尿 尿急 逼尿肌无反射 儿童尿床 尿流变细或中断 [详细],抑郁症 [详细],药物、心理治疗 [详细],醒脾养儿颗粒 夜尿宁丸 盐酸甲氯芬酯胶... [详细],3-6月,85%,
巴来特(Barrett)食管,"BE,食管下段柱状上皮化生",食管,所有人群,无传染性,非医保疾病,消化内科 胃肠外科,内镜检查 食管造影 [详细],便血 烧心 胸骨后疼痛 吞咽困难 恶心与呕吐 [详细],食管肿瘤 [详细],药物治疗 [详细],西咪替丁片 奥美拉唑肠溶胶... 多潘立酮混悬液 [详细],1-2年,外科手术治愈率约为65%,
脚癣,"香港脚,足癣",皮肤 下肢,多发于中、青年人，儿童少见，男性一般多于女性。,有传染性,非医保疾病,皮肤科 传染科,细菌学检验 细菌的鉴定 真菌检查 [详细],肢端易发生不易控制的足癣感染 脚臭 足癣 丘疹 瘙痒 [详细],急性淋巴管炎 急性蜂窝组织炎 丹毒 [详细],外用药物治疗、内服药物治疗 [详细],珊瑚癣净 华佗膏 复方苦参水杨酸... [详细],30天,>30%,市三甲医院约（500 —— 1000元）
念珠菌性龟头炎,念珠菌性包皮龟头炎,阴茎,成年男性,有传染性,非医保疾病,男科 性病科,真菌感染的实验室检查 [详细],龟头瘙痒 红斑鳞屑 [详细],,,皮肤抗菌喷剂 [详细],,暂无相关资料,
真性红细胞增多症,,骨髓 血液血管,所有人群,无传染性,医保疾病,血液科,RBC 红细胞检查 血红蛋白 嗜碱性粒细胞计数 血小板计数 [详细],出血倾向 鼻衄 红细胞增多 复视 白细胞增多 [详细],心肌梗塞 血栓性静脉炎 [详细],病因治疗、对症治疗 [详细],心脑欣片 高三尖杉酯碱氯... 白消安注射液 [详细],1-3个月,85%,
颈动脉硬化,,颈部,老人发病率大过年轻人。,无传染性,非医保疾病,心血管内科 血管外科,颈椎CT 颈部MRI 颈动脉彩超 血流变学检查 血脂 [详细],单眼突然出现一过性黑蒙 一过性脑缺血 一过性意识蒙眬 间歇性头晕 [详细],暂无相关资料,暂无相关资料,>> 应该如何用药？用什么药？ [详细],,暂无相关资料,暂无相关资料
盆腔淤血综合征,慢性盆腔被动性淤血综合症，盆腔淤血，卵巢静脉综合征,盆腔,女性,无传染性,非医保疾病,妇科,盆腔充气造影 盆腔CT 盆腔和阴道B超 妇科B超 体位变换试验 [详细],低位腰痛 肚子疼 下腹痛 产后小腹坠痛 瘀血性痛经 [详细],血尿 [详细],手术治疗、药物治疗 [详细],阿莫西林双氯西... 注射用头孢哌酮... 花红片 [详细],15-30天,80%,
休克,,全身,所有人，老年人比较多,无传染性,医保疾病,急诊科,氨基酸 血压测量 心排血量 心电图 体温 [详细],血压下降 面色苍白 皮肤湿冷 脉搏细弱甚至不能清楚触及 少尿 [详细],,药物治疗 [详细],盐酸纳洛酮舌下... 醋酸可的松片 氢化可的松 [详细],1-3天,80%,
特发性血小板减少性紫癜,免疫性血小板减少性紫癜，自身免疫性血小板减少性紫癜,血液血管 皮肤,所有人群,无传染性,医保疾病,血液科 内科,出血时间 血小板寿命 凝血时间 红细胞检查 巨核细胞计数 [详细],血小板寿命缩短 瘀斑 骨髓巨核细胞成熟障碍 大便黑色 脾大 [详细],缺铁性贫血 月经量多 休克 [详细],,环孢素 环孢素 静注人免疫球蛋... [详细],,暂无相关资料,
糜烂型脚气,脚趾脚气,足部,所有人群,有传染性,非医保疾病,皮肤科,暂无相关资料,脚臭 足底脱皮 真菌感染 剧痒 瘙痒 [详细],暂无相关资料,暂无相关资料,>> 应该如何用药？用什么药？ [详细],,暂无相关资料,暂无相关资料
老年性耳聋,,耳,老年人群,无传染性,非医保疾病,耳鼻喉科,听力检查 前庭功能 电测听 语言检查法 耳鼻咽喉CT [详细],听力减退 耳鸣 嗜睡 音调韵律的异常 耳蜗性耳聋 [详细],耳聋 [详细],药物治疗、助听器、耳蜗植入器、听觉和言语训练 [详细],羧甲司坦口服溶... 活力苏口服液 尼莫地平软胶囊 [详细],1-3年,20-30%(多位神经性耳聋，根治机会较小),不同医院收费标准不一致，市三甲医院约（2000—— 5000元）
急性膀胱炎,,膀胱,女孩和成年女性较多见,无传染性,医保疾病,泌尿外科,尿常规 12小时尿沉渣计数 尿沉渣红细胞 泌尿感染类尿常规 尿液细菌学检查 [详细],尿道烧灼感 尿痛 尿液混浊 高热 膀胱痉挛 [详细],膀胱输尿管反流 [详细],药物治疗 [详细],泌淋清胶囊 三金片 结石通片 [详细],5--7天,80%,
神经性厌食症,精神性厌食症，厌食症,心理,青少年。女性多数,无传染性,医保疾病,精神病科 心理咨询,BMI指数 雌激素 血清低密度脂蛋白胆固醇 [详细],情绪性厌食 夏季厌食症 消瘦 利尿 血压低 [详细],低血压 便秘 [详细],心理治疗 药物治疗 [详细],四磨汤口服液 醒脾养儿颗粒 脾胃健口服液 [详细],1-3个月,90%,
支原体尿路感染,支原体泌尿道感染,肾 尿道,所有人群,有传染性,非医保疾病,泌尿外科,尿液细菌培养 支原体检查 补体结合试验 [详细],尿液氨水味 尿道口有白膜形成 尿频 尿道刺痒 膀胱刺激症 [详细],前列腺炎 附睾炎 [详细],药物治疗 [详细],利福平 氧氟沙星 阿奇霉素注射液 [详细],1-2周,90%,
淋巴管炎,,淋巴,所有人群,无传染性,医保疾病,内分泌科 皮肤科,血液生化六项 [详细],淋巴管淤积 感染性发热 压痛 [详细],浅部急性淋巴结炎和淋巴管炎 急性淋巴管炎 [详细],,头孢地尼分散片 头孢克洛缓释片 头孢氨苄缓释片 [详细],,暂无相关资料,
COPD,"慢性阻塞性肺疾病,慢阻肺",肺,多于中年时起病,无传染性,医保疾病,呼吸内科 内科,99Tcm-DTPA肺上皮细胞通透性测定 支气管镜 肺功能 肺活检 胸部平片 [详细],呼吸困难 喘息 胸闷 呼吸音减弱 食欲减退 [详细],慢性呼吸衰竭 自发性气胸 慢性肺源性心脏病 肺动脉高压 胃溃疡 [详细],生活方式（戒烟）、药物治疗 [详细],咳特灵片 咳特灵片 硫酸沙丁胺醇气... [详细],需要终身治疗,需要终身治疗，目前不能治愈,不同医院收费标准不一致，市三甲医院约（1000 —— 5000元）
阴道壁息肉,,阴道,有子宫手术史的人多发,无传染性,非医保疾病,妇科 肿瘤科,阴道镜 白带常规 阴道活检 阴道肿块 [详细],息肉 阴道黏膜膨胀 阴道持续少量流血 白带增多 阴道出血 [详细],阴道炎 [详细],手术治疗 [详细],桂枝茯苓胶囊 止痛化癥胶囊 聚甲酚磺醛溶液 [详细],2-4周,95%,
急性化脓性中耳炎,中耳炎,耳,儿童,无传染性,医保疾病,耳鼻喉科,外耳检查 内窥镜 [详细],耳痛 高热 鼓膜发红，耳后红肿 发炎 鼓膜充血 [详细],脑膜炎 面瘫 [详细],药物治疗 [详细],盐酸克林霉素棕... 金莲花分散片 托西酸舒他西林... [详细],7-21天,95%,
小儿便秘,,肠,偏食儿童,无传染性,非医保疾病,儿科 消化内科,胃钡餐造影 直肠镜 小肠镜 纤维结肠镜 乙状结肠镜检查 [详细],肛门疼痛 乏力 肠蠕动减慢 新生儿便秘 粪便量少 [详细],肛裂 缺血性肠绞痛 [详细],,枯草杆菌二联活... 四磨汤口服液 王氏保赤丸 [详细],,暂无相关资料,
慢性咳嗽,,肺,所有人群,无传染性,非医保疾病,呼吸内科,肺功能 支气管舒张试验 血清免疫球蛋白E 嗜酸性粒细胞数 气道过敏试验 [详细],咳嗽 干咳 小儿干咳 [详细],暂无相关资料,药物治疗 [详细],羚羊清肺颗粒 祖卡木颗粒 利肺片 [详细],3个月,60%,市三甲医院约（1000 —— 5000元）
视神经萎缩,,眼,所有人群,无传染性,医保疾病,眼科 神经内科,视野检查 血液生化六项 脑脊液一般性状 [详细],视力常呈雾状模糊感 视力障碍 鼻旁窦发育不良 视野缩小 视野向心性缩小 [详细],原发性视网膜脱离 [详细],药物、激光、手术治疗、中医理疗 [详细],肌苷注射液 注射用甲泼尼龙... 肌苷氯化钠注射... [详细],2-4个月,40%,
吸入性肺炎,,肺,所有人群,无传染性,医保疾病,呼吸内科,WBC 纤维支气管镜 胸部平片 肺量计 痰液显微镜检查 [详细],支气管脓性分泌物增多 痉挛性咳嗽 哮鸣音 发绀 低氧血症 [详细],肺不张 肺水肿 癫痫 [详细],药物治疗 [详细],利尿八味散 利尿八味散 利尿八味散 [详细],1-3月,95%,不同医院收费标准不一致，市三甲医院约（3000 —— 8000元）
慢性肺源性心脏病,"肺原性心脏病,慢性肺心病,慢性肺原性心脏病，肺心病",肺 心脏,中老年人,无传染性,医保疾病,心血管内科 呼吸内科,心脏血管超声检查 血液电解质 动脉血气分析 心电图 多普勒超声心动图 [详细],呼吸困难 喘息 意识模糊 咳嗽 咳痰 [详细],心力衰竭 室性期前收缩 肺炎 [详细],药物治疗 [详细],麝香保心丸 滋心阴胶囊 地高辛酏剂 [详细],终身治疗,40-60%，多以控制症状治疗为主,不同医院收费标准不一致，市三甲医院约（3000-10000元）
小儿尿路感染,小儿非特异性细菌的尿路感染,肾 输尿管,儿童人群,无传染性,非医保疾病,儿科 泌尿外科,尿液细菌培养 肾脏B超 膀胱B超 放射性核素肾扫描 [详细],血沉增快 肾区叩击痛 惊厥 高热 寒战 [详细],败血症 肾功能不全 [详细],药物治疗 [详细],呋喃妥因肠溶片 甲氧苄啶片 磺胺林片 [详细],7天,97%,
肾虚耳鸣,,耳,成年男性,无传染性,非医保疾病,中医科,暂无相关资料,脾肾阳虚 [详细],多发性骨髓瘤病肾病 副鼻窦炎 肾嗜酸细胞瘤 新生儿泪囊炎 发作性睡病 [详细],一般可选用药物治疗，饮食疗法和加强体育锻炼 [详细],六味地黄丸 六味地黄丸 六味地黄丸 [详细],10-30天,80%,市三甲医院约（1000-2000元）
小儿缺铁性贫血,"小儿低铁性贫血,小儿营养性低色素性贫血,小儿营养性小细胞低色素性贫血",血液血管,儿童,无传染性,非医保疾病,儿科 血液科,血液生化六项 骨髓象分析 血液分析仪 新生儿溶血症筛查 [详细],持续性发热 持续低烧 头晕 意识朦胧状态 神志淡漠 [详细],小儿缺铁性贫血 特发性肺含铁血黄素沉着症 小儿特发性肺含铁血黄素沉着症 继发性铁粒幼细胞性贫血 遗传性铁粒幼细胞性贫血 [详细],药物治疗 [详细],小儿硫酸亚铁糖... 复方肝浸膏片 复方硫酸亚铁颗... [详细],正规治疗周期为100天,一般正规三甲医院典型病例治愈率达75%,
男性生殖腺机能减退症,,男性生殖,男性所有人群,无传染性,非医保疾病,外科,输精管造影 精液检查 双氢睾酮 血清抗精子抗体 体外异种授精实验 [详细],睾丸发育不全 睾丸微小 第二性征改变 反复生殖器溃疡 雄激素过少 [详细],阳痿 早泄 [详细],,人绒毛膜促性腺... [详细],,暂无相关资料,
髌骨骨折,膝盖损断,膝部,所有人群，一般在20～50岁之间，男性多于女性，约为2∶1。,无传染性,医保疾病,骨科,普通透视检查 一般摄片检查 刮髌试验 拇指指甲滑动试验 [详细],皮下血肿 髌骨疼痛 膝关节肿胀积血 髌下疼痛 膝关节疼痛 [详细],脂肪栓塞综合征 [详细],手术治疗 [详细],骨康胶囊 *正骨水 伤科接骨片 [详细],3-4个月,80%,
血管炎,,血液血管,所有人群,无传染性,医保疾病,血管外科,尿常规 血浆纤维蛋白原 血管造影 血小板计数 血沉方程K值 [详细],乏力 肌痛 关节疼痛 紫癜 皮疹 [详细],霜样树枝状视网膜血管炎 视网膜血管炎 过敏性肉芽肿性血管炎相关巩膜炎 过敏性血管炎 显微型多血管炎 [详细],药物治疗 [详细],甲钴胺片 醋酸泼尼松片 脉管复康片 [详细],7-21天,70%,市三甲医院约（3000 —— 5000元）
脾虚泄泻,,脾,所有人群,无传染性,非医保疾病,中医科,暂无相关资料,脾虚 脘痞腹胀 腹满便溏 尿赤 泛恶欲吐 [详细],副鼻窦炎 颅咽管瘤 新生儿泪囊炎 发作性睡病 寒湿泄泻 [详细],药物治疗 [详细],参倍固肠胶囊 香苏正胃丸 小儿止泻膏 [详细],3个月,80%,市三甲医院约（1000 —— 3000元）
阴茎硬结症,,阴茎,中老年男性多见,无传染性,非医保疾病,泌尿外科 男科,阴茎海绵体造影 阴茎超声检查 阴茎检查 [详细],阴茎异常勃起 阴茎硬结 痛性阴茎勃起 [详细],阴茎异常勃起 性功能异常伴发的精神障碍 [详细],中医药物治疗、西医药物治疗、手术治疗 [详细],维生素E软胶囊 吸收性明胶海绵 可溶性纤维素钠... [详细],10-30天,30%,
皮肌炎,,皮肤 肌肉,发生于任何年龄，女性略占多数,无传染性,医保疾病,神经内科 皮肤科,肌电图 尿肌酸 尿肌红蛋白 胸壁检查 [详细],抗Jo-1抗体阳性 瘙痒 丘疹 光过敏 关节疼痛 [详细],心力衰竭 蛛网膜下腔出血 [详细],药物治疗 [详细],醋酸泼尼松片 醋酸泼尼松片 薄芝片 [详细],4-8周,75%,不同医院收费标准不一致，市三甲医院约（3000 —— 5000元
昏厥,晕厥,颅脑 全身,中老年多见,无传染性,非医保疾病,急诊科 神经内科,心电图 导管吹张法 血常规 [详细],失水 抽搐 舌咬伤 焦虑 面色苍白 [详细],意识障碍 [详细],药物治疗 支持性治疗 [详细],氨酪酸片 盐酸甲氯芬酯胶... 二十五味珍珠丸 [详细],1天,90%,
面肌痉挛,"面肌抽搐,偏侧面肌痉挛症",面部,40岁以上成年人,无传染性,医保疾病,神经内科 内科,脑电图 肌电图 乳突CT 头颅平片 颅骨透照试验 [详细],不能持续睁眼 抽搐 进食流泪 面部叩击征 头痛 [详细],面瘫 脑脊液漏 [详细],中医针灸治疗、西医药物治疗 [详细],甲钴胺胶囊 甲钴胺片 巴氯芬 [详细],3-6个月,70%,
乳房纤维腺瘤,乳癖,乳房,青壮年女性,无传染性,医保疾病,乳腺外科 肿瘤科,乳腺超声 妇科B超 乳腺B超 [详细],乳腺隐痛 乳腺囊性增生 乳腺内无痛单发的硬肿块 乳腺刺痛 乳房肿块 [详细],乳腺癌肉瘤 隐匿型乳腺癌 炎性乳腺癌 [详细],手术治疗、药物治疗、定期随访 [详细],乳块消颗粒 散结乳癖膏 [详细],7-10天,95%,
主动脉夹层,"主动脉夹层分离，壁间血肿,主动脉夹层动脉瘤",胸部 血液血管,所有人群,无传染性,非医保疾病,心胸外科 心血管内科,心电图 胸部平片 多普勒超声心动图 二维超声心动图 冠状动脉CT [详细],周身出汗 四肢血压脉搏不对称 恶心与呕吐 胸痛 剧烈疼痛 [详细],肾衰 血管损伤 [详细],药物治疗 [详细],酒石酸美托洛尔... 酒石酸美托洛尔... 酒石酸美托洛尔... [详细],1-3个月,外科手术治愈率约为50-60%,不同医院收费标准不一致，市三甲医院约（3000 —— 5000元）
肝豆状核变性,"Wilson病,威尔逊变性，颤症",肝 颅脑,无特殊发病群体,无传染性,医保疾病,神经内科,肝功能 肾功能 骨关节及软组织CT 脑电图 脑诱发电位 [详细],注意力不集中 无力 肝功能衰竭 鼻衄 肝昏迷 [详细],褥疮 骨折 [详细],药物治疗 [详细],二巯丁二酸胶囊 硫酸锌口服溶液 氨肽素硫酸锌片 [详细],1-3个月,20%,
小儿癫痫,"小儿癫痫症,小儿羊痫疯",颅脑,儿童人群,无传染性,非医保疾病,儿科 神经内科,脑电图 颅脑MRI 颅脑CT 神经系统免疫学检验 血液生化六项 [详细],四肢抽搐 反复高热 惊厥 昏睡 一过性昏厥 [详细],,药物治疗、手术治疗 [详细],丙戊酰胺片 丙戊酸镁片 加巴喷丁胶囊 [详细],2-3年,70-80%,
紫癜性肾炎,过敏紫癜性肾炎,肾,青少年,无传染性,医保疾病,肾内科,尿常规 尿红细胞 尿沉渣白细胞 尿红细胞位相 [详细],皮肤紫癜 全身持续性水肿 蛋白尿 关节肿痛 慢性肾衰竭 [详细],高血压 [详细],西医治疗、中医中药治疗 [详细],呋塞米注射液 醋酸泼尼松片 注射用盐酸川芎... [详细],2-3月,80%,
口蹄疫,"口疮热,口蹄病",口,长期与有口蹄疫动物接触的人群,有传染性,医保疾病,皮肤科 传染科,白细胞数 中性粒细胞计数 补体结合试验 免疫病理检查 涂片 [详细],疲乏 眩晕欲扑 高热 充血 淋巴结肿大 [详细],柯萨奇病毒感染 腱鞘炎 乳腺炎 [详细],药物治疗 [详细],盐酸伐昔洛韦片 盐酸伐昔洛韦胶... 连翘败毒丸 [详细],2-4个月,经过有效系统治疗一般在95%以上,市三甲医院约（1000 —— 5000元）;
混合痔,里外痔,肛门,所有人群,无传染性,医保疾病,肛肠外科,肛门指检 [详细],便血 痔块脱垂 肛门疼痛 肛门瘙痒 [详细],外痔 内痔 [详细],药物治疗、手术治疗 [详细],金玄痔科熏洗散 马应龙麝香痔疮... 化痔栓 [详细],2周,90%,市三甲医院约（1000-3000元）
二尖瓣关闭不全,,心脏,无特殊发病群体,无传染性,医保疾病,心胸外科,心电图 平衡法放射性核素心血管造影 二维超声心动图 M型超声心动图 经食管超声心动图 [详细],下肢浮肿 端坐呼吸 乏力 心脏结构异常 劳力性呼吸困难 [详细],急性心力衰竭 心力衰竭 感染性心内膜炎 [详细],药物治疗、手术治疗 [详细],卡托普利片 螺内酯片 卡托普利缓释片 [详细],2-4月,60%,不同医院收费标准不一致，市三甲医院约（5000-10000元）
房室传导阻滞,,心脏,所有人群,无传染性,医保疾病,心血管内科 心胸外科,心电图 动态心电图 [详细],心动过缓 头昏 频发房性早搏 疲劳 头晕 [详细],猝死 [详细],药物治疗 [详细],盐酸普萘洛尔片 盐酸妥卡尼片 盐酸贝那普利片 [详细],30天,10%,不同医院收费标准不一致，市三甲医院约（5000-10000元）
慢性湿疹,,皮肤,过敏体质人群,无传染性,医保疾病,皮肤科,暂无相关资料,剧痒 皮肤浸润 皮肤皲裂 皮肤干燥 丘疹 [详细],暂无相关资料,暂无相关资料,复方醋酸地塞米... 氟轻松维B6乳膏 复方醋酸地塞米... [详细],,暂无相关资料,暂无相关资料
洁癖,洁癖症,心理,所有人,无传染性,非医保疾病,精神心理科 心理咨询,颅脑CT [详细],紧张 焦虑 强迫性神经官能症 恐惧 [详细],焦虑症 抑郁症 神经衰弱 口腔溃疡 拉肚子 [详细],药物治疗 [详细],盐酸帕罗西汀片 盐酸帕罗西汀片 盐酸舍曲林分散... [详细],,100%,
白淫,,肾 男性生殖,女性人群,无传染性,非医保疾病,妇科 中医科,,尿液混浊 夜尿增多 小便短赤 尿频 乳白色尿 [详细],发作性睡病 颅咽管瘤 副鼻窦炎 脑囊虫病 垂体性侏儒症 [详细],中医药物治疗、针灸治疗 [详细],应该如何用药？用什么药？ [详细],2-4周,80%,
胆碱能性荨麻疹,小丘疹状荨麻疹，全身性热性荨麻疹,皮肤,所有人群,无传染性,非医保疾病,皮肤科,皮肤划痕试验 皮内试验 [详细],剧痒 风团 红晕 流涎 头痛 [详细],暂无相关资料,暂无相关资料,>> 应该如何用药？用什么药？ [详细],,暂无相关资料,暂无相关资料
热伤风,,全身,所有人群,无传染性,非医保疾病,中医科,,流黄鼻涕 足趾发凉怕冷，呈苍白色或紫红色 头痛 四肢酸痛无力 高热不退 [详细],脑囊虫病 垂体性侏儒症 小儿嗜血性流行性感冒杆菌脑膜炎 破伤风 发作性睡病 [详细],药物治疗 [详细],透表回春丸 透表回春丸 透表回春丸 [详细],1-2周,90%,
淋病合并症前列腺炎,,前列腺,所有人群,有传染性,非医保疾病,性病科 男科,前列腺液培养 淋菌培养 淋病细菌学检测 前列腺检查 前列腺、精囊腺的超声检查 [详细],阴茎疼痛 结节 寒战 前列腺钙化 前列腺分泌物含有许多脓缩细胞 [详细],尿道炎 精囊炎 [详细],药物治疗 [详细],前列舒丸 前列回春胶囊 注射用头孢呋辛... [详细],3-6个月,80%,
肾精亏虚,,肾,中老年患者,无传染性,非医保疾病,中医科,,过早衰老 腰膝酸软 健忘 精子稀少 男子性功能障碍 [详细],新生儿泪囊炎 脑血管瘤 发作性睡病 颅咽管瘤 肾虚耳鸣 [详细],药物治疗 [详细],左归丸 六味地黄丸 枸杞益肾胶囊 [详细],3-6个月,70%,
单纯糠疹,"白色糠疹,虫斑",皮肤,多见于学龄前男，女儿童,无传染性,医保疾病,皮肤科,涂片 皮损 免疫病理检查 细胞组织化学染色 [详细],唇圆或椭圆形红斑 鳞屑 额部白斑 [详细],毛状白斑 [详细],药物 [详细],氟轻松维B6乳膏 氟轻松维B6乳膏 维A酸乳膏 [详细],14--21天,60%,
皮肤念珠菌病,念珠菌病,皮肤,所有人群，多见于肥胖儿童,有传染性,非医保疾病,皮肤科 传染科,真菌检查 真菌组织病理学 白带常规 涂片 [详细],念珠菌感染 结痂 良性反应性改变 免疫缺陷 红晕 [详细],脑膜炎 心内膜炎 [详细],药物治疗 [详细],复方克霉唑乳膏... 环吡酮胺乳膏 盐酸阿莫罗芬乳... [详细],7-14天,治疗后100%治愈,不同医院收费标准不一致，市三甲医院约（2000 —— 5000元）
单纯疱疹病毒性角膜炎,,眼,儿童,有传染性,医保疾病,眼科,泪液分泌型免疫球蛋白A Cochet和Bonnet氏角膜知觉测量计 [详细],结痂 角膜溃疡 睫状充血 水泡 疱疹 [详细],虹膜睫状体炎 青光眼 [详细],药物治疗 支持性治疗 [详细],利巴韦林滴眼液 盐酸伐昔洛韦片 利福定胶囊 [详细],治疗周期21天,治愈率91.2%,市三甲医院约（5000—— 10000元）;
运动神经元病,,颅脑 脊髓,男性人群,无传染性,医保疾病,神经内科 中医科,肌电图 脑脊液检查-化学检查-蛋白质检查 颈部MRI 颅脑MRI 血常规 [详细],肌束震颤 肌肉跳动 运动性兴奋或抑制 呛咳 肌张力过高 [详细],肌萎缩侧索硬化症 痴呆 营养不良 [详细],药物治疗 [详细],痹祺胶囊 七十味珍珠丸 偏瘫复原丸 [详细],1-3个月,60%-70%,不同医院收费标准不一致，市三甲医院约（3000 —— 5000元）
大便失禁,肛门失禁,肛门,老年人、局部外伤患者,无传染性,医保疾病,肛肠外科 神经内科,直肠指检 内镜检查 肌电图 球囊逼出试验 排粪造影 [详细],排便障碍 排便频率异常 括约肌功能障碍 肛门括约肌松弛 肛门反射减弱或消失 [详细],尿床 [详细],西医药物治疗 [详细],葡萄糖 甲硝唑 大便失禁管理套... [详细],4-5个月,30%,
老年人骨质疏松,"老年骨质疏松症,老年人骨质疏松症",骨 全身,老年人,无传染性,非医保疾病,骨科 老年科,尿钙 尿羟脯氨酸 血清骨碱性磷酸酶 骨密度 骨与关节MRI [详细],弥漫性骨质疏松 骨痛 胸闷 维生素C缺乏 背痛 [详细],骨折 [详细],药物治疗 [详细],碳酸钙D3咀嚼片... 骨疏康颗粒 阿法骨化醇软胶... [详细],,30%,1000-2000元
夏季感冒,暑湿感冒,全身,所有人群，小孩多数,无传染性,非医保疾病,中医科 呼吸内科,,怕冷 口淡无味 发烧 头痛 头胀 [详细],,,暑湿感冒颗粒 暑湿感冒颗粒 暑湿感冒颗粒 [详细],,暂无相关资料,
腹股沟斜疝,疝气,腹部,儿童和青中年男性,无传染性,医保疾病,普外科,腹股沟外环冲击试验 肛门视诊 透光试验 [详细],腹股沟疼痛 牵涉痛 腹壁切口处有肿物突出 下腹胀痛 腹胀 [详细],休克 [详细],中医药物治疗、西医药物治疗、手术治疗 [详细],茴香橘核丸 茴香橘核丸 疝气治疗带 [详细],治疗周期一般在2-3周,一般经过手术治疗后，一般95%可以治愈,
性高潮障碍,,女性生殖 男性生殖,女性,无传染性,非医保疾病,心理咨询 精神心理科,不育男性体格检查 男性生殖内分泌检查 内分泌检查 [详细],心理性性功能障碍 性欲减退 器质性精神障碍 [详细],阴道炎 盆腔炎 [详细],中医药物治疗、西医药物治疗 [详细],前列回春胶囊 龟鹿补肾丸 金鸡胶囊 [详细],3-6月,70%,
前庭大腺炎,巴多林腺炎,外阴,成年女性,无传染性,医保疾病,妇科 生殖健康,直接涂片检查 阴道分泌物涂片 外阴部妇科常规检查 阴道妇科常规检查 [详细],外阴损伤 外阴下坠感 外阴肿胀 外阴萎缩 外阴烧灼刺激感 [详细],直肠子宫内膜异位症 直肠阴道瘘 直肠脱垂 [详细],药物治疗 [详细],抗妇炎胶囊 抗宫炎片 妇科千金片 [详细],治疗周期10天,治愈率93%,
阿斯伯格综合症,"Asperger综合症,阿思伯格综合症,艾斯伯格综合症",心理,所有人群,无传染性,非医保疾病,精神心理科 精神病科,尿常规 CT [详细],孤独症 情感淡漠 依赖公式化 反应迟钝 抑郁 [详细],抑郁症 [详细],药物治疗 [详细],维生素B6 舒必利注射液 氟哌啶醇片 [详细],,80%,
急性盆腔炎,,盆腔 女性生殖,妇女,无传染性,医保疾病,妇科,阴道分泌物涂片 盆腔充气造影 盆腔CT 盆腔MRI 盆腔和阴道B超 [详细],下腹痛 发烧 疼痛 食欲减退 月经量多 [详细],不孕症 腹膜炎 [详细],药物治疗、手术治疗、对症治疗 [详细],金鸡胶囊 妇乐颗粒 妇乐胶囊 [详细],3-6个月,30%,
慢性乙肝,慢性乙肝,肝,所有人群,有传染性,非医保疾病,肝炎 消化内科,血清乙型肝炎e抗体 乙肝两对半 腹部B超 血清乙肝表面抗原 血清乙肝核心抗体 血清乙肝e抗原 血清乙肝表面抗体 血清谷丙转氨酶 [详细],食欲缺乏 乏力 肝病容 肝掌 恶心 [详细],,,拉米夫定片 阿德福韦酯胶囊 华蟾素胶囊 [详细],,,
产后抑郁症,"产后精神抑郁,产褥期抑郁症",心理 女性生殖,多于产后2周发病，于产后4～6周症状明显。平时有癔症、抑郁症的产妇多见,无传染性,非医保疾病,精神病科 心理咨询,多普勒超声心动图 [详细],产后极端行为 焦虑 思虑伤脾 产后无乳汁分泌 沮丧 [详细],抑郁症 [详细],心理疏导、药物治疗 [详细],安乐片 安乐片 逍遥丸 [详细],1-3个月,70-80%,
肺水肿,,肺,所有人群,无传染性,医保疾病,呼吸内科,于夏征 血锑 水坑试验 PaO2 二氧化碳分压 [详细],端坐呼吸 呼吸困难 湿啰音 肺通气一血流比例失调 混合型酸碱平衡紊乱 [详细],弥散性血管内凝血 [详细],药物治疗 [详细],氨茶碱缓释片 噻托溴铵粉雾剂 多索茶碱片 [详细],3-6周,98%治愈率,
小儿呕吐,,胃 肠,婴幼儿,无传染性,非医保疾病,消化内科 儿科,尿常规 便常规 MRI [详细],吐酸 食欲不振 急腹症 腹肌紧张 新生儿腹胀 [详细],吸入性肺炎 [详细],中医药物治疗、西医药物治疗 [详细],复方鸡内金片 藿香正气胶囊 维生素B2片 [详细],5-30天,75%,
天花,,皮肤,儿童,有传染性,医保疾病,传染科 皮肤科,直接涂片检查 血凝抑制试验 补体结合试验 [详细],高热寒战 乏力 畏光 头痛 类似荨麻疹的皮肤潮红斑块 [详细],,药物治疗 [详细],消银片 盐酸赛庚啶片 特非那定片 [详细],1-3个月,10%(一般经过治疗后90%以上可以控制病情甚,市三甲医院约（1000—— 5000元）;
猝死,"CHD,心性猝死综合征",心脏 颅脑,所有人群,无传染性,医保疾病,心胸外科 急诊科,心电图 [详细],疲乏 心脏猝死 呼吸困难 心前区隐痛 心悸 [详细],老年人心脏猝死 [详细],药物治疗 支持性治疗 [详细],地高辛片 心肝宝胶囊 卡托普利片 [详细],,暂无相关资料,市三甲医院约（3000 —— 8000元）
血小板减少性紫癜,,皮肤 血液血管,女性多见,无传染性,医保疾病,血液科 皮肤科,血浆血栓烷B2 瑞斯托霉素诱导血小板聚集测定 血小板第3因子功能 血管壁的检测 血小板计数 [详细],伴皮膜粘膜出血 反复鼻出血 尿胆红素阴性 皮肤黏膜出血 皮肤出血点 [详细],肾炎 哮喘 消化道出血 [详细],药物治疗 [详细],肾上腺色腙片 达那唑胶囊 曲安西龙片 [详细],,80%,市三甲医院约（5000-10000元）
恐惧症,"恐怖性焦虑障碍,恐怖障碍,恐怖症",心理,以青年期与老年期发病者居多，女性更多见,无传染性,非医保疾病,心理咨询 精神病科,神经系统检查 [详细],惊恐发作 焦虑 梅毒恐怖 社交恐惧 场所恐惧 [详细],抑郁症 焦虑症 恐惧症 [详细],中医药物治疗、西医药物治疗 [详细],盐酸氯米帕明片 盐酸帕罗西汀片 盐酸硫必利片 [详细],90天,74%,不同医院收费标准不一致，市三甲医院约（5000 —— 10000元）
老年人低血糖症,,血液血管 全身,进食困难、有胰岛素瘤、糖尿病的老年人多见,无传染性,非医保疾病,老年科 内分泌科,血清胰岛素原 葡萄糖耐量试验 胰高血糖素 血清C肽 [详细],糖尿 颤抖 头痛 皮肤苍白 心动过速 [详细],脑梗死 脑萎缩 [详细],补充糖水、原发病治疗 [详细],葡萄糖注射液 [详细],1-3个月,85-95%(合理使用胰岛素即可避免本病发生),市三甲医院约（5000 —— 10000元）
情感障碍,心境障碍，情感性精神障碍,心理,所有人群,无传染性,医保疾病,精神病科 心理咨询,神经系统检查 尿常规 [详细],幻觉 谵妄 幻听 易激惹 分裂型人格障碍 [详细],抑郁症 [详细],病因治疗、对症治疗 [详细],盐酸丙米嗪片 盐酸丙米嗪片 盐酸丙米嗪片 [详细],1-3个月,30%,
麻风病,麻风,皮肤 周围神经系统,少年，青年，儿童,有传染性,非医保疾病,传染科 皮肤科,毛果芸香碱出汗试验 康氏反应 二硝基氯苯试验 PHA淋巴细胞转化试验 FLA-ABS试验 血清循环免疫复合物 血清免疫球蛋白D 血清抗心磷脂抗体 梅毒USR试验 [详细],红斑样皮疹 发烧 斑疹 淋巴结肿大 怕冷 [详细],,药物治疗 [详细],沙利度胺片 利福喷丁胶囊 雷公藤多苷片 [详细],2-4年,40-50%,市三甲医院约（3000-8000元）;
产褥感染,,女性生殖,产妇,无传染性,非医保疾病,产科 妇科,尿常规 宫颈分泌物培养 阴道分泌物涂片 阴道病原体 三合诊 [详细],产后恶露不净有臭味 产褥期恶露 腹部压痛 脓性分泌物 伤口感染 [详细],盆腔腹膜炎 [详细],药物治疗、手术治疗 [详细],阿奇霉素片 氧氟沙星片 肝素钠注射液 [详细],1-2周,85%,
泪囊炎,,眼,所有人群,无传染性,医保疾病,眼科,挤压泪囊试验 眼及眶区CT 泪管显象 [详细],脓性分泌物 泪道阻塞 老年人流泪多 泪溢 淋巴结肿大 [详细],匐行性角膜溃疡 [详细],药物治疗、手术治疗 [详细],氧氟沙星眼膏 盐酸米诺环素胶... 盐酸米诺环素胶... [详细],7天,90%,
性病性淋巴肉芽肿,第四性病,女性生殖 男性生殖,不洁性交史,有传染性,医保疾病,性病科 传染科,衣原体检查法 补体结合试验 性传播疾病免疫检测 血清锰 血清钴 [详细],腹股沟淋巴结肿大 直肠狭窄 红斑结节 肝脾肿大 里急后重 [详细],肺炎 肺脓肿 腹膜炎 结肠炎 [详细],西医药物治疗 [详细],土霉素片 盐酸多西环素胶... 盐酸美他环素胶... [详细],1-3年,35%,
鼠疫,"鼠瘟,黑死病，圣罗克病,圣罗克氏病,圣西巴斯提恩病,圣西巴斯提恩氏病",全身,;机体抵抗力弱的人群,有传染性,医保疾病,传染科,细菌学检验 细菌感染免疫检测 脑脊液细菌培养 骨髓细菌培养 [详细],高热寒战 头痛 肢体疼痛 意识模糊 淋巴结肿大 [详细],,西药治疗 [详细],头孢克洛干混悬... 西黄胶囊 司帕沙星胶囊 [详细],2-4月,感染后经过治疗一般55%可以治愈。,市三甲医院约20000--50000元;
宫颈外翻,子宫颈外翻,子宫,育龄妇女、多是在分娩时造成的。,无传染性,非医保疾病,妇科,子宫颈涂片测试 阴道窥器检查 阴道触诊 宫颈检查 尿常规 [详细],白带增多 脓性分泌物 发炎 宫颈黏液脓性分泌物 阴道出血 [详细],慢性宫颈炎 [详细],电药物治疗、阴道侧穹窿封闭、凝法、冷冻疗法、物理疗法、激光治疗 [详细],洁尔阴泡腾片 [详细],7-10天,60%,
小儿麻痹症,"脊髓灰质炎,流性行脊髓灰质炎,脊灰",脊髓,儿童,有传染性,非医保疾病,儿科 传染科,肌电图 脑电图 肛门拭子检查法 [详细],发烧 咽痛 肢体障碍 麻痹 四肢瘫痪 [详细],,药物治疗、理疗 [详细],注射用乙酰谷酰... 地巴唑片 地巴唑片 [详细],1-6个月,25%,市三甲医院约（10000 —— 30000元）;
白喉,,咽喉 全身,儿童,有传染性,医保疾病,传染科 耳鼻喉科,细菌学检验 心电图 涂片 小白鼠毒力试验 [详细],白喉假膜形成 扁桃体上有灰色膜 扁桃体充血 干咳 颌下淋巴结肿大压痛 [详细],心肌炎 肾炎 [详细],药物治疗 [详细],嘎日迪五味丸 那如三味丸 巴特日七味丸 [详细],3个月,70-80%,不同医院收费标准不一致，市三甲医院约（1000-5000元）;
中气不足,,全身,所有人,无传染性,非医保疾病,中医科,暂无相关资料,乏力 气短 食欲不振 精神萎靡 舌胖有齿痕 [详细],颅咽管瘤 气痢 气虚眩晕 副鼻窦炎 新生儿泪囊炎 [详细],药物治疗 [详细],补中益气丸(水... 归脾丸 参苓白术丸 [详细],,100%,市三甲医院约（3000—— 5000元）
妄想症,妄想性障碍,心理,所有人群,无传染性,非医保疾病,精神病科 心理咨询,颅脑CT 颅脑MRI [详细],单次发作抑郁症 迫害妄想 机械地重复周围人的言语或行为 偏执性妄想 自恋 [详细],精神分裂症 [详细],药物治疗、心理治疗 [详细],盐酸氯丙嗪片 盐酸氯丙嗪片 舒必利片 [详细],1--6个月,30%,
牙龈炎,,口,所有人群,无传染性,非医保疾病,口腔科,口腔内窥镜 咬合关系检查 [详细],牙龈出血 牙龈痛 [详细],胃溃疡 肺炎 心脏病 中风 糖尿病 [详细],药物治疗 [详细],丁硼乳膏 维生素C泡腾片 西瓜霜清咽含片 [详细],7-14天,98%,
小儿流行性感冒,"小儿感冒,小儿流感",咽喉,1岁以内的婴儿,无传染性,非医保疾病,儿科 呼吸内科,痰及下呼吸道分泌物标本的细菌学检验 鼻粘膜及鼻腔分泌物 血清流感病毒抗体 血凝抑制试验 补体结合试验 [详细],怕冷 流鼻涕 咽痛 吞咽痛 咽痛声哑 [详细],心肌炎 小儿急性气管支气管炎 鼻炎 中耳炎 [详细],饮食、运动、药物、中医治疗 [详细],复方小儿退热栓 小儿热速清糖浆 小儿腹泻宁糖浆 [详细],治疗周期7天,治愈率99.9%,
妊娠高血压,"妊娠高血压综合征，妊娠合并原发性高血压,妊高征，妊娠高压",血液血管 子宫,孕妇,无传染性,医保疾病,产科 妇科,眼底检查 血压测量 尿蛋白定量 血液黏度 心电图 [详细],血压高 蛋白尿 踝部凹陷性水肿 小腿水肿 先兆子痫 [详细],弥散性血管内凝血 蛛网膜下腔出血 肾衰 胎盘早剥 [详细],药物治疗 [详细],右旋糖酐40葡萄... 右旋糖酐40氯化... 地塞米松磷酸钠... [详细],3-6月,80%,不同医院收费标准不一致，市三甲医院约（5000-10000元）
病毒性支气管炎,,肺,所有人群,无传染性,非医保疾病,呼吸内科 儿科,胸部平片 血液生化六项 [详细],咳嗽 痰呈粘液脓性 乏力 咳声嘶哑 持续性发热 [详细],,,复方甘草口服溶... [详细],,暂无相关资料,
肛门瘙痒症,,肛门,多发生在20～40岁中年、老年，20岁以下的青年较少，很少发生于儿童，男比女多见。,无传染性,医保疾病,皮肤科,便常规 尿常规 肝功能 肾功能 尿葡萄糖 [详细],肛内分泌物多 肛周皮肤潮红 肛周皮肤有湿疹 肛门会阴区潮湿不洁 脓性分泌物 [详细],肛周湿疹 [详细],药物治疗 [详细],乌蛇止痒丸 湿毒清胶囊 冰黄肤乐软膏 [详细],,99%,
血吸虫病,,腹部 全身,所有人群,有传染性,医保疾病,传染科,血吸虫皮内试验 血吸虫胶乳凝集试验 血吸虫斑点酶联免疫吸附试验 血吸虫酶联免疫吸附试验 血吸虫间接血凝试验 便常规 肠镜 血吸虫环卵沉淀试验 血吸虫抗体 脾脏叩诊 [详细],消瘦 胸痛 痰中带血丝 胃肠道症状 发烧 [详细],急性弥漫性腹膜炎 肠梗阻 结肠癌 [详细],药物治疗 [详细],吡喹酮片 吡喹酮片 吡喹酮片 [详细],30天,90%,不同医院收费标准不一致，市三甲医院约（300-500元）;
大叶性肺炎,肺热症，肺炎球菌肺炎,肺,青壮年,无传染性,医保疾病,呼吸内科 传染科,白细胞数 中性粒细胞计数 痰液细菌涂片 胸部平片 血常规 [详细],发烧 高热 胸痛 咳铁锈色痰 急性面容 [详细],肺脓肿 脓胸 肺炎 败血症 胸膜炎 [详细],药物治疗 [详细],了哥王片 阿莫西林克拉维... 复方蒲芩胶囊 [详细],7天,90%,不同医院收费标准不一致，市三甲医院约（2000-5000元）
心肌桥,"壁冠状动脉,壁内冠状动脉,心肌隧道",心脏 血液血管,所有人群,无传染性,非医保疾病,心血管内科,心肌灌注显像 心脏血管超声检查 心血管造影 冠状动脉造影 多普勒超声心动图 [详细],心肌缺血 心电图异常 动脉粥样硬化 心肌肥厚 胸痛 [详细],猝死 [详细],药物治疗、手术治疗 [详细],果糖二磷酸钠口... 果糖二磷酸钠口... 注射用二丁酰环... [详细],1-3个月,50%,据不同医院，收费标准不一致，市三甲医院约3000-5000元
痢疾,肠澼、赤沃,腹部,儿童,有传染性,医保疾病,消化内科 传染科,乙状结肠镜检查 大便红细胞 大便脓液 粪便吞噬细胞 粪中结晶 血清抗心磷脂抗体 [详细],肚子疼 里急后重 脓血便 高热 便血 [详细],阿米巴痢疾 小儿中毒型痢疾 小儿细菌性痢疾 痢疾后综合症 细菌性痢疾 [详细],,盐酸左氧氟沙星... 穿心莲软胶囊 盐酸米诺环素胶... [详细],,,
萎缩性鼻炎,臭鼻症，鼻槁,鼻,青壮年女性,无传染性,医保疾病,耳鼻喉科,鼻腔内镜 鼻中隔 [详细],鼻黏膜和鼻甲萎缩 鼻粘膜溃疡和萎缩 鼻臭症 鼻孔干疼 头痛 [详细],分泌性中耳炎 新生儿水肿 [详细],药物治疗、手术治疗 [详细],鼻炎康片 鼻炎通喷雾剂 千柏鼻炎片 [详细],1个月,60%,
蛔虫病,,肠 全身,所有人群,有传染性,医保疾病,消化内科 内科,便常规 改良加藤法 血清免疫球蛋白E 血清免疫球蛋白G 食道X线钡餐 直接涂片检查 粪便寄生虫 ERCP [详细],食欲不振 腹胀 蛔虫感染 头昏 脐周疼痛 [详细],胆道蛔虫病 急性胆囊炎 肠梗阻 [详细],药物治疗 [详细],盐酸左旋咪唑糖... 盐酸左旋咪唑栓 伊维菌素片 [详细],1-2个周,80-90%,不同医院收费标准不一致，市三甲医院约（3000 —— 5000元）;
耳膜穿孔,鼓膜穿孔,耳,所有人群,无传染性,医保疾病,耳鼻喉科 儿科,电测听 耳鼻咽喉CT 耳部检查 耳镜检查法 [详细],耳道流血 耳道划伤 鳞状上皮 耳鸣 耳痛 [详细],耳聋 慢性化脓性中耳炎 急性化脓性中耳炎 鼓膜外伤 粘连性中耳炎 [详细],手术治疗、药物治疗 [详细],注射用头孢呋辛... 注射用头孢呋辛... 注射用头孢呋辛... [详细],1-2个月,80%,
SAS,"鼾症,睡眠呼吸紊乱,睡眠呼吸暂停综合症",咽喉,一般为成年人,无传染性,医保疾病,呼吸内科 神经内科,多导睡眠图 睡眠试验 动脉血气分析 胸部平片 胸透 [详细],嗜睡 睡眠呼吸暂停 睡眠节律紊乱 打呼噜 头痛 [详细],肺动脉高压 高血压 [详细],运动、药物治疗 [详细],红草止鼾胶囊 人工晶体推进器 呼吸机 [详细],3-6个月,手术治愈率约60%,
紧张性头痛,紧张型头痛，肌收缩性头痛，精神肌源性头痛,颅脑,成年女性,无传染性,非医保疾病,神经内科 针灸科,脑电图 肌电图 MRI [详细],头沉 考试综合症 紧箍咒一样头紧 重压感、紧箍感或钳夹样头痛 情绪低落 [详细],经行失眠 失眠症 [详细],中医药物治疗、西医药物治疗 [详细],鼻炎灵片 复方天麻片 银翘解毒颗粒 [详细],15天,98%,
畸胎瘤,,全身,女性,无传染性,医保疾病,肿瘤科,MRI β1-妊娠特异蛋白 [详细],疼痛 感觉障碍 腰背部有皮毛窦 咽喉部充血 咽喉干燥充血 [详细],暂无相关资料,手术治疗、西药治疗 [详细],>> 应该如何用药？用什么药？ [详细],一般周期在2-3周,经过手术治疗后98%可以痊愈,市三甲医院约3000-----5000元
视神经炎,"视盘炎,球后视神经炎",眼,所有人群,无传染性,医保疾病,眼科 神经内科,颅脑CT 脑诱发电位 视神经检查 [详细],早晨上下眼睑粘连 眼球压痛 视力障碍 继发性视神经萎缩 视野向心性缩小 [详细],硬化症 视神经萎缩 [详细],药物治疗 [详细],维生素B12注射 维生素B12注射 维生素B12注射 [详细],1~2个月,20~30%,
肾衰,"急性肾功能衰竭,急性肾功能不全",肾,所有人群。男性比女性多,无传染性,医保疾病,肾内科,尿常规 肾功能 肾小球滤过率 血液电解质 肝功能 [详细],男性小腹坠痛 新生儿蛋白尿 局限性肾坏死 头目晕沉 胸闷 [详细],肾衰 心力衰竭 老年人慢性肾功能衰竭 老年人急性肾功能衰竭 新生儿急性肾功能衰竭 [详细],药物、血液透析治疗 [详细],雷公藤多苷片 肾衰宁胶囊 甲泼尼龙片 [详细],2--8周,50%,
色盲,"色弱,道尔顿症,色觉障碍,先天性色觉障碍，视赤如白",眼,所有人群、以21～30岁最多,无传染性,医保疾病,眼科,飞行员体格检查 同色表检查法 色觉 主觉检查 FM-100色彩试验 [详细],红色盲 蓝黄色弱 色觉异常 绿色弱 蓝黄色盲 [详细],,中医药物治疗、西医药物治疗 [详细],电子视力检测仪 [详细],10-30天,10%,
慢性疲劳综合症,雅痞症，慢性伯基特淋巴瘤病毒(EBV)，慢性类单核白血球增多症,其他,所有人群,无传染性,非医保疾病,体检保健科 中医科,疲劳自测测试 [详细],疲劳 食欲减退 精神萎靡 易激惹 情绪起伏大 [详细],神经衰弱 抑郁症 [详细],病因治疗、对症治疗 [详细],逍遥颗粒 寿星补汁 强身健脑片 [详细],1-2年,75%,市三甲医院约（500-1000元）
漏斗胸,胸壁内凹，漏斗状胸,胸部 其他骨,男性较女性多见，男女之比为4∶1，属伴性显性遗传。15岁以下多见，40岁以上少见。,无传染性,医保疾病,心胸外科 外科,胸围、吸气胸围 胸部磁共振 胸部B超 [详细],心悸 胸廓异常 胸廓塌陷畸形 胸痛 胸腹部畸形 [详细],,手术治疗 [详细],参芪五味子糖浆 骨痛灵酊 骨质宁搽剂 [详细],1-3月,50%,
小儿抽动症,"儿童抽动症,小儿抽动综合征,小儿短暂性抽动障碍,小儿习惯性痉挛综合征",其他 颅脑,儿童,无传染性,非医保疾病,神经内科 儿科,脑电图 颅脑超声检查 颅脑CT 颅脑MRI [详细],点头征 阵发性或强直性惊厥 紧张 摇头转颈 局部肢体抽动 [详细],小儿癫痫 [详细],心理治疗、药物治疗 [详细],氟哌啶醇片 氟哌啶醇注射液 氟哌啶醇片 [详细],30天,40%,
疑病症,疑病性神经症,心理,所有人群，女性多于男性,无传染性,医保疾病,精神病科 心理咨询,颅脑CT 神经系统检查 [详细],精神过敏 惊恐发作 身体变形障碍 抑郁 容易发生强迫性症状或疑病观念 [详细],抑郁症 焦虑症 [详细],药物治疗 [详细],盐酸氟西汀分散... 盐酸帕罗西汀片 氢溴酸西酞普兰... [详细],3个月,50%,
死精症,"无子,死精子过多,精子畸形性不育症，精子活力低下症",男性生殖,青年男性,无传染性,非医保疾病,生殖健康 男科,精子爬高试验 精浆的生化检查 精子活动率 前列腺检查 [详细],遗精 精子异常 精子大头畸形 附睾囊肿 精囊缩小 [详细],男性不育 [详细],中医药物治疗 [详细],五子衍宗片 五子衍宗片 五子衍宗片 [详细],5-10年,20-40%,
莱姆病,"莱姆氏病,莱姆疏螺旋体病,赖姆疏螺旋体病",全身,不同年龄的人群对本病普遍易感,有传染性,医保疾病,传染科,体液免疫检测法 [详细],瘙痒 关节酸痛 丘疹 关节肿胀 头痛 [详细],急性心包炎 心肌炎 [详细],药物治疗 [详细],阿奇霉素分散片 阿奇霉素干混悬... 青霉素V钾片 [详细],3个月,50%,不同医院收费标准不一致，市三甲医院约（1000-5000元）;
特应性皮炎,"异位性湿疹,遗传过敏性皮炎,四弯风,异位性皮炎",皮肤,所有人群,无传染性,医保疾病,皮肤科,皮肤试验 血清免疫球蛋白E 被动转移试验 嗜酸性粒细胞数 皮肤划痕试验 [详细],丘疹 皮肤干燥 剧痒 鳞屑 局部淋巴结肿大 [详细],白内障 单纯疱疹 传染性软疣 [详细],药物治疗 [详细],环孢素软胶囊 环孢素软胶囊 醋酸氟轻松乳膏 [详细],3-6个月,60%,
骨肉瘤,"成骨肉瘤,骨源性肉瘤,原发恶性梭形细胞肿瘤",骨,所有人群，常发生于青少年,无传染性,医保疾病,肿瘤科 骨科,血清碱性磷酸酶 血清锌 四肢的骨和关节平片 血清铜 嗜异性凝集试验 [详细],剧烈疼痛 肺部转移 膝关节疼痛 呼吸困难 儿童反复骨折 [详细],心脏病 骨折 [详细],药物治疗 [详细],平消胶囊 转移因子口服溶... 平消片 [详细],1-2年,30%,
布氏杆菌病,波状热,全身,所有人群,有传染性,非医保疾病,传染科,补体结合试验 布氏杆菌凝集试验 [详细],神经痛 肝脾肿大 淋巴结肿大 头痛 不规则热 [详细],神经炎 胆囊炎 [详细],药物治疗、支持疗法 [详细],盐酸美他环素片 硫酸链霉素片 硫酸链霉素片 [详细],3～6个月,99%,不同医院收费标准不一致，市三甲医院约（5000 —— 10000元）;
小儿肥胖症,儿童期单纯肥胖症,全身,肥胖症可见于任何年龄小儿，以l岁以内，5～6岁或青少年为发病高峰,无传染性,非医保疾病,儿科 内分泌科,血清胆固醇 心电图 血清生长激素 淋巴细胞数 BMI指数 [详细],体重增加 重度肥胖 疲劳 腹部皮肤出现白纹、粉红色或紫纹 气短 [详细],黑棘皮病 糖尿病 疖 [详细],饮食疗法、药物治疗 [详细],泻火解毒片 [详细],2-3年,治愈率咋80%,
多毛症,"高雄激素血症,毛发过多",皮肤,所有人群,无传染性,医保疾病,内分泌科 内科,毛发 睾酮 血浆17-羟孕酮 促黄体生成素 血清卵泡刺激素 [详细],汗毛过多 卵巢性多毛 高雄激素血症 皮肤油腻 妊娠时出现的多毛 [详细],库欣综合征 多囊卵巢综合征 [详细],病因治疗、局部物理疗法、.药物治疗 [详细],丙硫氧嘧啶片 对氨基水杨酸钙... 丙硫氧嘧啶片 [详细],10天,70%,
梨状肌综合征,,臀部,所有人群,无传染性,医保疾病,骨科 外科,骨关节及软组织CT 关节检查 四肢的骨和关节平片 神经系统检查 踝反射 [详细],下肢放射痛 保持睡眠障碍性失眠 腹股沟疼痛 神经痛 干性坐骨神经痛 [详细],进行性脊肌萎缩症 [详细],药物治疗、牵引疗法 [详细],应该如何用药？用什么药？ [详细],7-30天,90%,
体温过低,,全身,所有人群,无传染性,非医保疾病,急诊科 内科,体温 [详细],嗜睡 呼吸浅慢 幻觉 双手轮替动作笨拙 易激动 [详细],,药物治疗 [详细],血液升温仪 输血、输液、透... 血液升温仪 [详细],7-10天,60%,
无精症,,男性生殖,成年育龄男性,无传染性,非医保疾病,生殖健康 男科,精液检查 睾丸活检 [详细],精冷不育 睾丸微小 [详细],男性不育 [详细],中医药物治疗 [详细],五子衍宗片 五子衍宗片 五子衍宗片 [详细],1-3年,30%,
急性荨麻疹,,皮肤,所有人群,无传染性,医保疾病,皮肤科,皮肤划痕试验 嗜酸性粒细胞数 血检查 [详细],丘疹 皮肤水疱，后形成黑色干痂 瘙痒 风团 人工荨麻疹 [详细],,,皮敏消胶囊 荨麻疹丸 炉甘石洗剂 [详细],,暂无相关资料,
性早熟,性机能发育过早,女性生殖 男性生殖,8岁以前女童、9岁以前男童,无传染性,医保疾病,内分泌科 儿科,颅骨透照试验 血浆17-羟孕酮 尿17-酮类固醇 唾液睾酮 黄体生成素 [详细],头痛 心理年龄大于生理年龄 甲状旁腺功能亢进 溢乳 阴道出血 [详细],甲亢 巨人症 卵巢囊肿 [详细],药物治疗 [详细],注射用醋酸曲普... 达那唑胶囊 注射用醋酸亮丙... [详细],3-6个月,80%,
汗疱症,出汗不良，出汗障碍，汗疱疹,皮肤,多见于青少年,无传染性,非医保疾病,皮肤科,棘层细胞松解征 真菌组织病理学 细胞组织化学染色 [详细],鳞屑 脓疱 脾胃湿热 汗出如油 绝汗 [详细],脱屑性红皮病 [详细],药物治疗 [详细],除湿止痒洗液 甲硝唑凝胶 肤痒颗粒 [详细],3个月,40%,
窦性心律不齐,"窦性心律失常,迷走神经性心律失常,青年期心律失常",心脏,所有人群,无传染性,医保疾病,心血管内科,心电图 血液电解质 血液检查 [详细],脉搏脱漏 昏迷 心悸 低射血分数 心率增快 [详细],暂无相关资料,药物治疗 [详细],阿替洛尔片 阿替洛尔片 酒石酸美托洛尔... [详细],3-5月,95%,市三甲医院约（500 —— 2000元）
肾病,,肾,肥胖人群、高血压人群、劳累人群、反复感染患者,无传染性,医保疾病,肾内科,肾图 肾功能 尿常规 血压测量 血清甲状腺素结合前白蛋白 [详细],水肿 无尿 多尿 尿蛋白 乏力 [详细],多发性骨髓瘤病肾病 先天性肾病综合征 囊性肾病 农药中毒性肾病 造影剂肾病 [详细],药物治疗、中医治疗、透析治疗、手术治疗 [详细],复方α-酮酸片 吗替麦考酚酯胶... 他克莫司胶囊 [详细],4-6个月,75%-80%,
肝性脑病,"肝脑变性综合征,肝昏迷,门体脑病，肝性昏迷",颅脑 肝,肝病患者,无传染性,医保疾病,肝病 神经内科,心电图 脑电图 脑脊液检查-化学检查-蛋白质检查 颅脑MRI 颅脑CT [详细],肝功能衰竭 无力 感觉障碍 昏迷 嗜睡 [详细],暴发性肝衰竭 消化道出血 肝硬化 [详细],药物治疗、手术治疗 [详细],拉克替醇散 乙酰谷酰胺注射... 乙酰谷酰胺注射... [详细],1-3个月,30%,
骨髓炎,,骨髓,所有人群,无传染性,医保疾病,骨科,血清C反应蛋白 血沉 窦道及瘘管造影 亚健康人群体检 血清酸性磷酸酶 [详细],高热 死骨 疼痛 [详细],暂无相关资料,手术治疗、药物治疗 [详细],替硝唑片 磷霉素钙胶囊 阿莫西林克拉维... [详细],10-15天,30%,市三甲医院约（3000-5000元）
单纯性外阴炎,外阴部的皮肤或粘膜发炎,外阴,女性外阴卫生不洁者,无传染性,非医保疾病,妇科,阴道清洁度 尿葡萄糖 肛门拭子检查法 肛门视诊 白带常规 [详细],白带增多 脓血性白带 排尿时外阴灼热、瘙痒或疼痛 外阴肿胀 外阴烧灼刺激感 [详细],外阴湿疹 外阴炎 单纯性外阴炎 [详细],病因治疗、局部治疗 [详细],复方黄松湿巾 三维制霉素栓 克霉唑栓 [详细],3-6周,98%,
消化道出血,呕血与黑粪,胃 肠,下消化道出血多见于老年患者,无传染性,医保疾病,消化内科,血管造影 内镜检查 上消化道X线钡餐 直肠指检 寄生虫血液检查 [详细],粪便黑色并带有血液 呕血 肚子疼 肠管出血 便血 [详细],贫血 失血性休克 [详细],药物治疗、手术治疗 [详细],肾上腺色腙片 裸花紫珠胶囊 便隐血检测试纸... [详细],一般7-10天治愈。,及时就医进行系统治疗一般在78-95%治愈率,
胆囊切除术后综合征,"胆囊摘除后遗症,再发性胆道综合征",胆,有过胆囊切除病史的患者,无传染性,医保疾病,消化内科 肝胆外科,上消化道造影 内镜检查 口服胆囊造影 胆囊B超 ERCP [详细],对多脂饮食不能耐受 嗳气 腹鸣 恶心 肚子疼 [详细],黄疸 [详细],药物、手术治疗 [详细],消炎利胆片 利胆排石片 利胆片 [详细],3个月,60%,
乳房湿疹,,乳房 皮肤,年青妇女，特别是哺乳期妇女,无传染性,医保疾病,皮肤科 乳腺外科,皮损 [详细],剧烈疼痛 乳汁淤积 皮肤浸润 丘疹 瘙痒 [详细],湿疹样癌 [详细],传统物理、药物治疗 [详细],维生素B6软膏 七参连湿疹膏 除湿止痒洗液 [详细],治疗周期15天,治愈率87%,市三甲医院约（1000 —— 5000元）
嗜铬细胞瘤,"副神经节瘤,肾上腺髓质瘤,嗜铬母细胞瘤",肾上腺,所有人群，年龄多为20～50岁。,无传染性,医保疾病,肿瘤科 内分泌科,肾上腺CT 可乐定试验 泌尿系统CT 尿儿茶酚胺 肾上腺MRI [详细],儿茶酚胺分泌过量 心脏扩大 皮肤苍白 功能性震颤 恶心 [详细],高血压脑病 [详细],药物治疗 [详细],乌拉地尔缓释片 呋塞米片 酒石酸美托洛尔... [详细],>30天,80%,
染色体异常,"染色体病,染色体发育不全,染色体畸变",其他,所有人群,无传染性,医保疾病,生殖健康,染色体 羊水细胞培养 羊膜穿刺术 血清甲胎蛋白 [详细],伸舌样痴呆 小指单一褶纹 皮质性遗忘症 耳朵位置低 学习障碍 [详细],小儿常染色体显性小脑性共济失调 痴呆 [详细],中医药物治疗、西医药物治疗、康复训练、器官畸形矫正 [详细],腾程孕中期母血... [详细],1-2个月,3%,
结节性红斑,,皮肤 免疫系统,中青年女性,无传染性,医保疾病,皮肤科 内科,血清类风湿因子 白细胞分类计数 [详细],皮下结节 舌苔薄白 咽痛 气血凝滞 脾虚 [详细],溃疡性结肠炎 淋巴瘤 白血病 [详细],药物治疗、物理治疗 [详细],麝香活血化瘀膏 [详细],3个月,60%,
短暂性脑缺血发作,,颅脑,中老年人,无传染性,医保疾病,神经内科,尿常规 心电图 血脂 脑脊液检查-化学检查-蛋白质检查 颅脑MRI [详细],偏盲 动脉呈多处伸长扭曲状 麻痹 意识模糊 癫痫和癫痫样发作 [详细],小舞蹈病 高血压 糖尿病 颈椎病 [详细],药物治疗 [详细],己酮可可碱注射... 己酮可可碱氯化... 己酮可可碱氯化... [详细],终身治疗,60%,
头皮屑,"干性糠疹,头皮单纯糠疹,头皮糠疹",头部,所有人群,无传染性,医保疾病,皮肤科,头皮检查 皮肤涂片显微镜检查 [详细],鳞屑 糙皮病样皮疹 头皮屑多 头皮痒 [详细],灰指甲 脓毒症和菌血症 [详细],药物治疗 [详细],养血生发胶囊 硫软膏 二硫化硒洗剂 [详细],1-2个月,60%,市三甲医院约（1000 —— 5000元）
心包积液,慢性特发性心包积液症,心脏,以女性多见，发病年龄以更年期为多。,无传染性,医保疾病,心血管内科,心脏血管超声检查 心电图 M型超声心动图 心包积液检查 胸透 [详细],呼吸急促 心前区隐痛 胸痛 气短 心包积液体征 [详细],脑出血 感染性心内膜炎 [详细],药物治疗、手术治疗 [详细],舒心口服液 丹香冠心注射液 丹香冠心注射液 [详细],3个月,30%,
白发,"白发症,须发早白,少白头",头部,所有人，少年白发发生于儿童及青少年，常有家族史,无传染性,非医保疾病,皮肤科 中医科,毛发 毛发矿物质 [详细],紧张 先天性少白头 脾湿 精虚血弱 焦虑 [详细],白化病 [详细],,养血生发胶囊 人参鹿茸丸 升血调元汤 [详细],,暂无相关资料,
乳头溢液,,乳房,女性朋友，特别是刚产妇,无传染性,医保疾病,妇科 乳腺外科,近红外线乳腺扫描 乳腺导管造影 乳头溢液检查 乳房穿刺针活检 乳腺超声 [详细],继发性闭经 月经稀少 外阴萎缩 盆腔肿块 溢乳 [详细],,,散结乳癖膏 乳癖消片 液基薄层细胞处... [详细],,暂无相关资料,
上消化道出血,,胃 肠,所有人群,无传染性,医保疾病,消化内科 内科,内镜检查 上消化道X线钡餐 大便血液 粪便性状 胃镜 [详细],呕血 大便黑色 面色苍白 冷汗 心悸 [详细],失血性休克 腹膜炎 [详细],药物治疗、手术治疗 [详细],法莫替丁注射液 凝血酶 三七止血片 [详细],2-4月,90%,
右束支传导阻滞,右束支阻滞,心脏,所有人群，老年人,无传染性,医保疾病,心血管内科,心电图 动态心电图 多普勒超声心动图 [详细],传导阻滞 心电图异常 QRS波宽大畸形 [详细],左束支传导阻滞 [详细],药物治疗、手术治疗 [详细],盐酸普鲁卡因胺... 盐酸胺碘酮片 盐酸胺碘酮注射... [详细],1-3个月,70%,市三甲医院约（500-1000元）
胃窦炎,,胃,多发于30岁以上的男性,无传染性,医保疾病,消化内科,胃液IgG IgA [详细],胃部隐痛 嗳气 反酸 纳差 消瘦 [详细],暂无相关资料,药物治疗 [详细],替硝唑片 胃炎宁颗粒 胃舒宁胶囊 [详细],,90%,市三甲医院约（500 —— 800元）
儿童腹痛,,腹部,儿童,无传染性,非医保疾病,儿科 消化内科,便常规 尿红细胞 尿白细胞 大便白细胞 WBC [详细],肠痉挛 放射性疼痛 持续性疼痛 回盲瓣功能不全 肠穿孔 [详细],休克 [详细],药物治疗 [详细],枫蓼肠胃康片 十滴水胶丸 解毒止泻胶囊 [详细],3--7天,80%,
咳嗽变异性哮喘,咳嗽性哮喘,肺 气管,年龄大于50岁，中年女性较多见,无传染性,非医保疾病,呼吸内科 急诊科,支气管激发试验 肺功能 胸透 [详细],咳嗽 干咳 剧烈运动后哮喘 [详细],暂无相关资料,药物治疗、脱敏治疗、雾化治疗 [详细],磷酸苯丙哌林口... 痰咳清片 固本咳喘片 [详细],3-6个月,40-60%，多以控制性治疗为主,市三甲医院约（1000 —— 3000元）
外阴癌,,外阴,女性人群,无传染性,医保疾病,肿瘤科 妇科,阴道镜 妇科B超 癌症普查 [详细],瘙痒 尿痛 外阴皮肤肿胀 外阴肿胀 排尿时外阴灼热、瘙痒或疼痛 [详细],颈部淋巴结转移癌 外阴炎 外阴湿疹 [详细],药物治疗、放射治疗、化学治疗 [详细],消癌平片 消癌平片 注射用盐酸平阳... [详细],2-3个月,70%,
声带息肉,鸭公喉,咽喉,所有人群,无传染性,医保疾病,耳鼻喉科 五官科,内镜检查 [详细],气息异常 嗓音粗 失音 呼吸困难 喉头增大 [详细],感冒 慢性喉炎 [详细],药物治疗、手术治疗 [详细],清咽片 清咽片 玉簪清咽十五味... [详细],1-2个月,75%,
日光性皮炎,晒伤,皮肤,多见于春来夏初，高原居民，雪地勘探或水面作恶者发病较多,无传染性,非医保疾病,皮肤科,皮肤颜色 皮肤病的物理检查 皮疹 [详细],日晒斑 红斑样皮疹 水疱或大疱损害 乏力 皮肤瘙痒 [详细],痱 [详细],中医药物治疗、西医药物治疗 [详细],乌蛇止痒丸 复方吲哚美辛酊 如意金黄散 [详细],3-9天,治疗后99%治愈,
霰粒肿,"睑板腺囊肿,眼胞痰核,胞睑肿核,目疣",眼,所有人群,无传染性,医保疾病,眼科 外科,眼睑检查 眼科检查 [详细],眼睑异物 眼球不能随意动 视力障碍 [详细],皮肤黏液瘤 皮肤淋巴细胞瘤 浅表性皮肤脂肪瘤痣 继发性皮肤CD30阳性大细胞淋巴瘤 皮肤纤维瘤 [详细],药物、手术治疗 [详细],珍珠明目滴眼液 复方磺胺甲噁唑... 盐酸金霉素眼膏 [详细],一般在7天,经过有效治疗后本病很容易100%治愈,
肋软骨炎,泰齐(Tietze)综合征；肋软骨疼痛性非化脓性肿胀；胸软骨痛,肋骨,20~ 30岁患者，40~ 50岁患者,无传染性,医保疾病,骨科 心胸外科,胸部平片 [详细],肋骨痛 骨痛 钝痛 压痛 刺痛 [详细],无菌性肋软骨炎 感染性肋软骨炎 [详细],药物治疗 [详细],应该如何用药？用什么药？ [详细],1-3个月,60%,
滑膜肉瘤,恶性滑膜瘤,全身,以青少年及中年患者多见，男性多于女性,无传染性,医保疾病,肿瘤科 骨科,骨关节及软组织CT 骨与关节MRI 血管造影 [详细],滑膜黑染 膝关节肿胀积血 膝关节肿大 踝膝关节积液 膝关节积液 [详细],肺转移瘤 [详细],药物、放射、化学、手术治疗 [详细],转移因子口服溶... 依托泊苷软胶囊 复方环磷酰胺片 [详细],3-6月,35%,
疖,毛囊炎，疖子，疖病,皮肤,所有人群,无传染性,非医保疾病,皮肤科 普外科,WBC 空腹血葡萄糖 糖化血清蛋白 细菌学检验 [详细],疖肿 脓肿 丘疹 结节 溃疡 [详细],偏头痛 败血症 [详细],药物治疗、手术治疗 [详细],龙珠软膏 消炎片 头孢噻吩钠 [详细],7-30天,99%,
高泌乳素血症,闭经-泌乳综合征,女性生殖 乳房,成年女性,无传染性,医保疾病,妇科 肿瘤科,内分泌检查 蝶鞍侧位片 血清卵泡刺激素 促黄体生成素 卵巢功能检查 [详细],溢乳 月经稀少 男性化 水肿 继发性闭经 [详细],偏头痛 粉刺 [详细],药物治疗 [详细],胞磷胆碱钠葡萄... 舍雷肽酶肠溶片 复方戊酸雌二醇... [详细],1-2个月,60%,
小儿脑瘫,"小儿脑性瘫痪,儿童脑瘫,小儿大脑性瘫痪,小儿脑性麻痹",颅脑,儿童人群,无传染性,非医保疾病,儿科 神经内科,脑电图 肌电图 颅脑MRI 脑诱发电位 颅脑CT [详细],智力发育迟缓 烦躁不安 非对称性紧张性颈反射 癫痫和癫痫样发作 抽搐 [详细],癫痫 [详细],物理治疗、心理治疗、药物治疗 [详细],吡拉西坦片 二维三七桂利嗪... 肌氨肽苷注射液 [详细],1-6个月,10%,
念珠菌病,假丝酵母病,皮肤 全身,所有人群,无传染性,医保疾病,传染科 消化内科,真菌培养 真菌检查 皮肤涂片显微镜检查 血清化学检查 [详细],丘疹 尿急 尿频 尿痛 念珠菌感染 [详细],病毒性肺炎 肺炎 消化道出血 [详细],药物治疗 [详细],氟康唑片 伊曲康唑胶囊 硝呋太尔片 [详细],7-14天,80%,
前列腺结石,,前列腺,中老年男性,无传染性,非医保疾病,泌尿外科,前列腺检查 直肠指检 男性生殖系X线检查 血清PSA 前列腺、精囊腺的超声检查 [详细],男性小腹痛 结节 脓肿 泌尿道狭窄 腰骶疼痛 [详细],早泄 尿毒症 [详细],手术治疗 [详细],尿石通丸 血尿胶囊 荡石胶囊 [详细],4-8周,外科手术治愈率约为60-70%,市三甲医院约（3000-5000元）
肌萎缩侧索硬化症,"ALS,渐冻人症,肌肉萎缩性侧面硬化病",颅脑 脊髓,40岁以上的中老年多发，男女之比约3：2,无传染性,非医保疾病,神经内科,肌电图 MRI 心肌酶 脑脊液检查-化学检查-蛋白质检查 红细胞乙酰胆碱脂酶 [详细],肌肉的失用性萎缩 吞咽困难 构音不清 感觉障碍 舌肌萎缩 [详细],运动神经元病 [详细],对症治疗、药物治疗、物理治疗 [详细],利鲁唑片 痹祺胶囊 偏瘫复原丸 [详细],30天,10%,
幽门梗阻,胃反,胃,胃病患者,无传染性,医保疾病,消化内科 胃肠外科,腹部平片 上消化道X线钡餐 胃游离盐酸 血清电解质 纤维胃镜 [详细],反胃 腹胀 胃肠动力差 食物在胃的通过障碍 十二指肠有切迹或狭窄 [详细],便秘 [详细],手术治疗、药物治疗 [详细],吗丁啉片剂10mg... 枸橼酸莫沙必利... 和胃片 [详细],轻者药物治疗7天，重者有效手术药物治疗30,一般正规三甲医院60%,
激素依赖性皮炎,激素性皮炎,皮肤,长期反复使用外用激素人群,无传染性,非医保疾病,皮肤科,维生素B3 [详细],皮肤发红 皮肤硬化 类戒断反应 糖激素依赖 药物依赖 [详细],暂无相关资料,中药、西药 [详细],注射用重组人生... 透明质酸修护生... 透明质酸修护生... [详细],3-6个月,20%-30%，多以对症治疗为主,市三甲医院约（500 —— 1000元）
内热,内火，火热内生,全身,所有人,无传染性,非医保疾病,中医科,暂无相关资料,低烧 面红升火 心悸 舌苔厚腻 手热 [详细],垂体性侏儒症 脑血管瘤 副鼻窦炎 发作性睡病 噤口痢 [详细],药物治疗 [详细],小儿牛黄清心散 醒脑安神片 黄连上清片 [详细],,100%,市三甲医院约（300 —— 1000元）
1型糖尿病,"I型糖尿病,胰岛素依赖型糖尿病,IDDM,青少年糖尿病",全身,此病好发于儿童或青少年期，除了儿童之外，也可能发生在一生中各个年龄段，特别是更年,无传染性,非医保疾病,内分泌科,葡萄糖胰岛素释放试验 血液检查 尿C肽 血液电解质 血液生化六项 [详细],多尿 乏力 视力障碍 体重减轻 糖尿 [详细],糖尿病肾病 [详细],药物治疗 [详细],格列吡嗪片 格列吡嗪片 重组甘精胰岛素... [详细],需要终身治疗,需要终身治疗，目前不能治愈,不同医院收费标准不一致，市三甲医院约（5000 ——10000元）
幼女性外阴阴道炎,"幼女性外阴炎,幼女性阴道炎",阴道 外阴,婴幼儿、青春期前的少女,无传染性,非医保疾病,妇科 儿科,便常规 白带常规 阴道病原体 [详细],外阴皮肤肿胀 外阴肿胀 婴幼儿外阴疼痛 尿道口有红斑和水肿 烦躁不安 [详细],尿道炎 [详细],中药治疗、西药治疗 [详细],克霉唑栓 黄藤素栓 甲硝维参阴道栓 [详细],治疗周期7天,99%,
食管裂孔疝,裂孔疝,食管,所有人群,无传染性,医保疾病,心胸外科 消化内科,血红蛋白 心电图 上消化道内窥镜 食管压力 食管24小时pH监测 [详细],嗳气 胃嵌顿 食管蠕动功能减弱 腹部不适 钝痛 [详细],反流性食管炎 上消化道出血 胃扭转 胃溃疡 [详细],药物治疗、手术治疗 [详细],西沙必利 西沙必利 西沙必利 [详细],,89%,
急淋,热淋 下尿路急性感染,尿道,儿童期（0～9岁）为发病高峰,无传染性,非医保疾病,中医科,血清卵泡刺激素 血清鳞状上皮细胞癌抗原 产科B超 浆膜腔积液细胞学检查 阴道清洁度 [详细],前列腺肥大 前列腺分泌物含有许多脓缩细胞 [详细],淋病合并症前列腺炎 肉芽肿性前列腺炎 非细菌性前列腺炎 前列腺炎 慢性细菌性前列腺炎 [详细],中医药物治疗、西医药物治疗 [详细],注射用门冬酰胺... 注射用门冬酰胺... 注射用门冬酰胺... [详细],7-30天,90%,
巨细胞病毒感染症,巨细胞包涵体病,全身,婴幼儿，年龄愈小，易感性愈高,无传染性,非医保疾病,传染科 儿科,免疫印迹技术 涂片 补体结合试验 核酸分子杂交 血清卵泡刺激素 [详细],生长缓慢 淋巴结肿大 抽搐 毒血症 小头 [详细],肝炎 视神经萎缩 尿道癌 人流后妇科病 女性尿道癌 [详细],药物治疗 [详细],去痛片 对乙酰氨基酚泡... 新雪片 [详细],治疗周期120天,一般在正规综合三甲医院的典型病例治愈率（,
阿米巴性阴道炎,,阴道,女性,有传染性,非医保疾病,妇科 传染科,阴道活检 白带常规 阿米巴原虫抗原 血清阿米巴原虫抗体 阴道病原体 [详细],阴道分泌物增多 会阴痒 溃疡 阴道脓性分泌物 阴道血性分泌物 [详细],休克 腹膜炎 [详细],饮食疗法、一般疗法、物理疗法、药物疗法 [详细],甲硝唑氯化钠注... 甲硝唑片 甲硝唑氯化钠注... [详细],,98%,
股骨颈骨折,,下肢骨,老年女性,无传染性,医保疾病,骨科,骨与关节MRI [详细],关节肿痛 关节疼痛 屈髋屈膝及外旋畸形 关节肿胀 线状骨折 [详细],股骨头坏死 缺血性坏死 [详细],手术治疗、药物治疗 [详细],独一味胶囊 骨康胶囊 *正骨水 [详细],,89%,
褥疮,压迫性溃疡,皮肤,所有人群,无传染性,医保疾病,皮肤科 中医科,皮肤病的物理检查 [详细],溃疡 水肿 结痂 皮肤水疱，后形成黑色干痂 鳞屑 [详细],,手术治疗 [详细],康复新液 京万红软膏 呋喃西林乳膏 [详细],3-6月,80%,
鼻咽炎,,鼻,青壮年,无传染性,医保疾病,耳鼻喉科,间接鼻咽镜 白细胞数 中性粒细胞计数 胸部平片 胸透 [详细],咳嗽 恶心 咽痛 鼻分泌物增多 低烧 [详细],暂无相关资料,暂无相关资料,鼻咽清毒颗粒 地红霉素肠溶片 鼻咽灵片 [详细],,暂无相关资料,暂无相关资料
老年性黄斑变性,衰老性黄斑变性，AMD,眼,老年人群,无传染性,医保疾病,眼科 五官科,虹膜检查法 检眼镜检查法 裂隙灯 眼底荧光血管造影 眼底检查 [详细],色素脱失 视力障碍 黄斑回避现象 视力视野改变 黄斑盘状变性 [详细],脉络膜新生血管 [详细],药物治疗、手术治疗、激光治疗 [详细],复方牛磺酸滴眼... 左旋多巴片 复方氯化钠滴眼... [详细],3--6周,30%,不同医院收费标准不一致，市三甲医院约（2000—— 5000元）
新生儿败血症,"胎热,胎毒,疮毒走黄",全身,新生儿,无传染性,医保疾病,儿科 血液科,真菌感染的实验室检查 甘油复红试验 马尿酸钠水解试验 凝固酶试验 尿细菌培养 [详细],烦躁不安 腹胀 瘀斑 肝脾肿大 精神萎靡 [详细],新生儿化脓性脑膜炎 肺炎 [详细],药物治疗 [详细],万应胶囊 大蒜素肠溶胶丸 银柴颗粒 [详细],2--8周,80%,不同医院收费标准不一致，市三甲医院约（5000-10000元）
急性淋巴结炎,,淋巴,所有人群,无传染性,医保疾病,耳鼻喉科 普外科,白细胞数 WBC 局部淋巴显象 [详细],淋巴结穿刺有草黄色清亮液体 淋巴结肿大 腋部肿块 皮肤发红 颌下淋巴结肿大压痛 [详细],,药物治疗、支持疗法 [详细],消肿片(36片/盒... 七味新消丸 [详细],7天,95%,
腹膜炎,,腹膜,所有人群,无传染性,医保疾病,消化内科 普外科,呼吸运动检查 腹部叩诊 腹部平片 腹壁反射 [详细],弥漫性系膜硬化 弥漫性脐周疼痛 肚子疼 腹部不适 左腹屈曲 [详细],膈下脓肿 [详细],药物治疗、手术治疗 [详细],磷霉素钙胶囊 奥硝唑胶囊 阿莫西林克拉维... [详细],1-2个月,60-80%,
心脾两虚,,心脏 脾,中老年人,无传染性,非医保疾病,中医科,,恶性贫血 气血不足 气不摄血 脾虚 脾阳虚 [详细],气虚眩晕 老年人颈性眩晕 脑血管瘤 老年眩晕 脑囊虫病 [详细],中医药物治疗 [详细],黄芪颗粒 参苓白术散 生脉片 [详细],2-5月,80%,
淋病合并症精囊炎,,男性生殖,男性,有传染性,非医保疾病,男科 性病科,涂片 尿液细菌培养 淋菌培养 前列腺、精囊腺的超声检查 淋病细菌学检测 [详细],睾丸胀痛 低烧 睾丸触痛 疼痛 精囊增大 [详细],前列腺炎 [详细],药物治疗 [详细],托西酸舒他西林... 甲苯磺酸妥舒沙... 十三味菥蓂丸 [详细],治疗周期14天,治愈率94%,
扁平苔癣,"扁平苔藓，扁平红苔癣,紫癜风",口,所有人群，多见于中年妇女,无传染性,医保疾病,口腔科 皮肤科,皮肤涂片显微镜检查 [详细],粘膜充血 异常鱼鳞癣 丘疹 充血 口腔糜烂 [详细],扁平苔癣 [详细],药物治疗 [详细],维A酸片 复方丙酸氯倍他... 丙酸氯倍他索乳... [详细],1-3个月,40%,
急性宫颈炎,"急性宫颈炎,急性子宫颈炎,宫颈炎",子宫,性活跃期女性尤为多见,无传染性,非医保疾病,妇科,阴道镜 白带常规 宫颈分泌物培养 TCT [详细],反应性细胞改变 尿频 带血性分泌物 腰酸 阴道分泌物增多 [详细],尿路感染 [详细],中医药物治疗 [详细],抗妇炎胶囊 盐酸环丙沙星片 克拉霉素颗粒 [详细],3-9周,99%可以治愈,
抑郁性神经症,心境恶劣障碍,心理,所有人，工作压力大，,无传染性,非医保疾病,精神病科 心理咨询,健康体检 [详细],能力减退感 躁狂与昏睡交替 思考困难感 假笑 抑郁 [详细],抑郁性神经症 [详细],心理治疗 药物治疗 [详细],逍遥丸 安乐片 盐酸氟西汀片 [详细],1-3月,45%,市三甲医院约（3000——5000元）
脑膜瘤,"脑脊膜瘤,硬脑脊膜肉瘤,硬脑膜肉瘤",颅脑,所有人群，多发生于中年女性。,无传染性,医保疾病,肿瘤科 脑外科,颅脑MRI 头颅平片 颅脑CT 眼及眶区CT 颅脑超声检查 [详细],颅内压增高 头痛 继发性视神经萎缩 眼底改变 视野缩小 [详细],神经纤维瘤病 嗅觉障碍 [详细],药物治疗 [详细],甘露聚糖肽注射... 葡萄糖氯化钠注... 葡萄糖氯化钠注... [详细],3-6月,75%,
乳腺纤维腺瘤,"乳腺囊性腺纤维瘤,乳腺黏液纤维腺瘤,乳腺腺瘤",乳房,20-30岁之间女性,无传染性,医保疾病,乳腺外科,乳房检查 乳房视诊 乳房触诊 乳房自检 乳腺B超 [详细],乳腺隐痛 乳腺囊性增生 乳腺刺痛 乳头侵蚀 乳房硬化 [详细],乳溢 [详细],手术治疗、药物治疗 [详细],乳核内消颗粒 乳核散结胶囊 [详细],3-6月,95%,
尿崩症,肾性尿崩症,肾 颅脑,发生于任何年龄，但以青壮年多见。男女的发病率相近。,无传染性,医保疾病,肾内科 内分泌科,血浆渗透压 尿渗透压 MRI 禁水试验 血浆抗利尿激素 [详细],烦渴多饮 多尿 尿比重下降 溺多而频 视野缺损 [详细],,药物治疗 [详细],消渴丸 癃闭通胶囊 糖尿乐胶囊 [详细],3个月,40%,
膀胱肿瘤,,膀胱,无特殊发病群体,无传染性,医保疾病,肿瘤科 泌尿外科,脏器声学造影 尿液细胞学检查 尿路平片 膀胱造影 膀胱触诊 [详细],尿血 水肿 尿频 消耗性体重下降 尿潴留 [详细],,手术治疗 [详细],注射用磷酸氟达... 注射用磷酸氟达... 磷酸氟达拉滨 [详细],2-4周,外科手术治愈率约为75%,
睾丸肿瘤,"睾丸突出,男胚瘤,男性细胞瘤,阴囊疝",睾丸,中老年男性,无传染性,医保疾病,肿瘤科 泌尿外科,男性不育HCG刺激试验 乳酸脱氢酶 阴囊超声检查 血清甲胎蛋白 [详细],关节疼痛 呼吸困难 结节 咳嗽 睾丸胀痛 [详细],睾丸癌 [详细],手术治疗、放射治疗 [详细],注射用环磷酰胺 注射用异环磷酰... 十六味马蔺子丸 [详细],3-6个月,30%-40%,
输精管堵塞,,输精管,成年男性人群,无传染性,非医保疾病,生殖健康 泌尿外科,阴囊检查 睾丸活检 精液检查 输精管造影 [详细],射精疼 输精管变粗 输精管疼痛 [详细],,中医药物治疗 [详细],应该如何用药？用什么药？ [详细],1-2年,65%,
蜘蛛痣,"动脉性蜘蛛痣,动脉性痣,蜘蛛状毛细血管扩张症,蛛状痣",血液血管,急、慢性肝炎或肝硬变,无传染性,非医保疾病,肝病 消化内科,肝功能 肝脏超声检查 [详细],血管痣 毛细血管搏动 特殊面痣 病理性黄疸 出血性丘疹 [详细],溃疡病出血 出血热 心力衰竭 [详细],西医药物治疗 [详细],应该如何用药？用什么药？ [详细],3-6月,60%,
呃逆症,,胃 膈肌,女性,无传染性,非医保疾病,消化内科,电子胃镜 纤维胃镜 无痛胃镜 上消化道造影 上消化道内窥镜 [详细],嗳气 腹部不适 排气障碍 胃部隐痛 腹胀 [详细],胃肠神经官能症 [详细],中医药物治疗、西医药物治疗 [详细],舒肝和胃丸 蛇胆陈皮口服液 沉香舒气丸 [详细],1-7天,90%,
老年期抑郁症,,颅脑 心理,老年人,无传染性,非医保疾病,精神病科 心理咨询,尿常规 胸部平片 心电图 血清T3T4抗体 叶酸 [详细],季节性情绪抑郁 老人性格孤僻 退离休综合症 被害妄想 焦虑 [详细],暂无相关资料,药物治疗 [详细],逍遥丸 [详细],,30%,市三甲医院约（3000 —— 8000元）
烧伤,,全身,所有人群,无传染性,医保疾病,烧伤科 急诊科,皮肤颜色 皮损 血清N-乙酰-β-氨基葡萄糖酶 血清胆碱酯酶 [详细],剧痛 烧伤创面淡黄色粘稠分泌物 烧伤创面甜腥气味的粘稠分泌物 烧伤后恶心与呕吐 烧伤后脉搏增速 [详细],休克 [详细],药物治疗、手术治疗 [详细],除疤膏 复方氨维胶囊 葡萄糖酸氯己定... [详细],1个月,70%,
髌骨软化症,"髌骨软骨软化症,髌骨软骨炎",膝部 下肢骨,多发生于青壮年,无传染性,非医保疾病,骨科,半蹲试验 四肢的骨和关节平片 浮髌试验 [详细],髌骨疼痛 膝关节疼痛 软骨内骨化 髌骨劳损 髌下疼痛 [详细],半月板损伤 [详细],手术治疗、西药治疗 [详细],活血止痛胶囊 活血止痛胶囊 [详细],,85%,
心力衰竭,充血性心力衰竭，心功能不全，心脏衰弱，心收缩不全,心脏,所有人群 ，中老年人多数,无传染性,医保疾病,心血管内科,心电图 全血容量 血浆渗透压 血心钠肽 血清氯 [详细],呼吸困难 端坐呼吸 咳嗽 粉红色泡沫痰 头晕 [详细],难治性心力衰竭 舒张性心力衰竭 急性右侧心力衰竭 急性左心衰 充血性心力衰竭 [详细],西医药物治疗、中医药物治疗、手术治疗 [详细],芪苈强心胶囊 心力丸 心力丸 [详细],需要终身治疗,需要终身治疗，目前不能治愈,市三甲医院约（10000 —— 30000元）
甲肝,"甲型肝炎,甲型病毒性肝炎",肝,所有人群,有传染性,非医保疾病,传染科 肝炎,献血者健康检查 心电图 血清甲型肝炎病毒抗原 血清总蛋白 肝脏B超 血清甲型肝炎抗体 血清谷草转氨酶 血清载脂蛋白A-Ⅰ 血清甲胎蛋白变异体 [详细],大块肝细胞坏死 食欲不振 食欲减退 肝郁气滞 心动过缓 [详细],肝硬化 [详细],药物治疗、支持疗法 [详细],当飞利肝宁胶囊 利巴韦林片 九味獐牙菜丸 [详细],3-6周,100%,不同医院收费标准不一致，市三甲医院约（10000 —— 30000元）;
原发性高血压,"特发性高血压,原发性高血压病",心脏 血液血管,所有人群,无传染性,医保疾病,心血管内科,尿常规 肾功能 血肌酐 多普勒超声心动图 二维超声心动图 [详细],血压高 头痛 头胀 头晕 心悸 [详细],冠心病 高血压脑病 [详细],药物治疗 [详细],苯磺酸氨氯地平... 奥美沙坦酯片 硝酸甘油片 [详细],,这个疾病一般通过药物治疗后不在加重，治疗,市三甲医院约（3000-5000元）
肺大疱,肺大泡,肺,先天性多见于小儿，后天性多见于成人、老年患者,无传染性,医保疾病,呼吸内科 心胸外科,胸部平片 胸部CT 胸透 [详细],胸闷憋气 寒战 气短 胸闷 呼吸困难 [详细],自发性气胸 创伤性窒息 自发性血胸 [详细],药物治疗、手术治疗 [详细],利肺片 养肺丸 通宣理肺丸 [详细],2-4周,外科手术治愈率约为85%,
大肠息肉,,肠,幼年性息肉多见于儿童,无传染性,医保疾病,消化内科 普外科,上消化道X线钡餐 内镜检查 [详细],排便频率异常 肚子疼 皮肤粘膜色素斑 息肉 大便习惯改变 [详细],贫血 [详细],手术治疗 [详细],注射用头孢曲松... 注射用头孢哌酮... [详细],治疗周期120天,治愈率20%,
隐睾,,睾丸,男婴,无传染性,医保疾病,男科 泌尿外科,睾酮 染色体 男科CT 男性生殖系X线检查 男性不育HCG刺激试验 [详细],雄激素过少 血清睾酮浓度低下 胀痛 无睾丸 胃肠道症状 [详细],,药物治疗、手术治疗 [详细],黄体酮胶丸 注射用绒促性素 注射用绒促性素 [详细],2-4周,70%,
滑囊炎,粘液囊炎,关节,所有人群,无传染性,医保疾病,骨科 外科,关节腔液检查 四肢的骨和关节平片 关节检查 [详细],剧烈疼痛 滑膜黑染 肌肉萎缩 脚外侧疼 伸臂握手疼痛 [详细],肿胀 [详细],药物治疗、手术治疗 [详细],双氯芬酸钠缓释... 双氯芬酸钠缓释... 甲泼尼龙片 [详细],10-30天,90%,
秃头,"早秃,男式脱发,家族性秃发,寻常秃发，谢顶，秃头，鬼剃头",头部 皮肤,所有人群，常出现于20～30岁的成人。男性占80%,无传染性,非医保疾病,皮肤科 内分泌科,毛发 头皮检查 内分泌检查 [详细],全秃 永久性秃发 [详细],,药物治疗 [详细],养血生发胶囊 固肾生发丸 生发片 [详细],,80%,
白塞病,丝绸之路病，白赛综合征，白塞氏病，贝赫切特氏病，眼-口-生殖器综合征,血液血管 口,所有人群,无传染性,非医保疾病,风湿科 内科,针刺试验 肠镜 心电图 血管造影 血常规 [详细],关节疼痛 传导阻滞 痤疮样皮疹 肠麻痹 角膜溃疡 [详细],毛囊炎 视网膜静脉阻塞 视网膜血管炎 [详细],药物治疗 [详细],雷公藤多甙片 秋水仙碱片 硫唑嘌呤片 [详细],,90%,
男性更年期综合症,,全身,中年男性,无传染性,非医保疾病,心理咨询,心电图 尿常规 [详细],情绪低落 颧红盗汗 失眠 身体“福态” 反应迟钝 [详细],阳痿 失眠症 [详细],药物治疗 [详细],前列回春胶囊 五子衍宗丸 男宝胶囊 [详细],,75%,
肩袖损伤,回旋肌套损伤,肩部 关节,青壮年、运动员、体力劳动者,无传染性,非医保疾病,骨科,四肢的骨和关节平片 骨关节及软组织CT 关节镜 骨与关节MRI 磁共振波谱成像 [详细],钝痛 关节挛缩 肌肉萎缩 结节 运动损伤 [详细],非冻结性冷伤 [详细],手术治疗、固定制动治疗、物理治疗、中医治疗、药物治疗 [详细],双氯芬酸钠缓释... 田七镇痛膏 少林跌打止痛膏 [详细],15-30天,70%,
肌腱炎和腱鞘炎,"肌腱炎,腱鞘炎",全身,关节活动比较多的人多见,无传染性,非医保疾病,骨科 外科,斯比德试验 关节检查 落臂试验 冈上肌肌腱断裂试验 雅加森试验 [详细],拇指不明原因疼痛 腱鞘变干 肌腱粘连 肌腱端炎 产后手指痛 [详细],化脓性腱鞘炎 [详细],制动、热敷、药物治疗 [详细],双氯芬酸钠缓释... 双氯芬酸钠缓释... [详细],1-3月,98%,
崩漏,,子宫,青春期和更年期妇女,无传染性,非医保疾病,妇科,,阴道出血 子宫出血 阴道持续中量流血 阴道持续少量流血 阴道不规则出血 [详细],副鼻窦炎 发作性睡病 青春期功能失调性子宫出血 围绝经期功能失调性子宫出血 无排卵型功血 [详细],中医药物治疗、西医药物治疗 [详细],致康胶囊 云南白药 坤灵丸 [详细],10天,99.80%,
鲍温样丘疹病,,外阴 阴茎,发病年龄为1～64岁，多好发于21～30岁之间,无传染性,非医保疾病,皮肤科 妇科,细胞免疫检查 HPV检查 皮损 [详细],丘疹 湿疣 烧灼性疼痛 环状肉芽肿 龟头瘙痒 [详细],暂无相关资料,药物治疗 [详细],甲硝唑凝胶 [详细],2个月,60%,市三甲医院约（500-1000元）
骨髓增生异常综合征,MDS,脊髓 血液血管,所有人群,无传染性,医保疾病,血液科,染色体核型分析 骨髓象分析 骨髓细菌培养 骨髓显像 巨核细胞计数 [详细],肝脾肿大 乏力 鼻衄 颅内出血 面色苍白 [详细],骨髓纤维化 染色体异常 [详细],药物治疗 [详细],复方皂矾丸 氟氯西林钠胶囊 乳酸左氧氟沙星... [详细],30天,30%,不同医院收费标准不一致，市三甲医院约（5000-10000元）
SARS,"非典型肺炎,严重急性呼吸综合征,严重急性呼吸道症候群，非典，传染性非典型肺炎",肺 全身,所有人群,有传染性,非医保疾病,传染科 呼吸内科,胸部CT 胸部平片 T淋巴细胞亚群 血清免疫球蛋白G 肺炎支原体寒冷凝集试验 血清免疫球蛋白M 血清免疫球蛋白A 血清免疫球蛋白E 血清免疫球蛋白D 血清免疫球蛋白 [详细],持续性发热 呼吸困难 干咳 怕冷 高热 [详细],弥散性血管内凝血 消化道出血 [详细],,小儿热速清糖浆 盐酸乙胺丁醇片 克拉霉素干混悬... [详细],,,
链球菌感染,,全身,所有人群,有传染性,医保疾病,传染科 呼吸内科,抗链球菌激酶试验 抗“O”试验 血清抗链球菌壁多糖抗体 血清抗链球菌型M蛋白抗体 [详细],牙龈肿胀 细菌性心内膜炎 窒息 呼吸异常 昏迷 [详细],链球菌坏死 溶血性链球菌性坏疽 米氏链球菌肺炎 肺炎链球菌败血症 肺炎链球菌性肺炎 [详细],,盐酸四环素胶囊 头孢丙烯片 四环素片 [详细],,,
脑鸣,头鸣,颅脑,老年人,无传染性,非医保疾病,中医科 耳鼻喉科,,腰膝酸软 [详细],脑血管瘤 发作性睡病 副鼻窦炎 嗜睡症 发作性嗜睡强食综合征 [详细],中医药物治疗、西医药物治疗 [详细],应该如何用药？用什么药？ [详细],1-2年,50-70%,
小儿惊厥,,颅脑 全身,以婴幼儿多见,无传染性,非医保疾病,儿科 急诊科,血液生化六项 尿常规 便常规 脑脊液检查-化学检查-蛋白质检查 心电图 [详细],牙关紧闭 意识丧失 瞳孔大小不等 呼吸衰竭 烦躁不安 [详细],脑瘫 癫痫 [详细],药物治疗、支持治疗 [详细],羚羊角口服液 卡马西平片 安宫牛黄丸 [详细],1-7天,80%,
恶性黑色素瘤,恶性黑素瘤,皮肤,脑力劳动者、低头工作者,无传染性,医保疾病,肿瘤科 皮肤科,巩膜透照 MRI 色觉 尿常规 血清NSE [详细],水肿 色素性皮损 皮肤多痣 皮肤痣 前房色素沉积 [详细],青光眼 [详细],药物治疗 [详细],羟基脲片 司莫司汀胶囊 重组人白介素-2... [详细],,50%,
血栓闭塞性脉管炎,,血液血管 上肢,中老年人,无传染性,医保疾病,血管外科,红外热象图 血液黏度 动脉通畅性试验 紧张度与动脉壁状态 肢体血流图 [详细],皮肤干燥 皮肤湿冷 肌肉萎缩 小腿溃疡 急性下肢缺血 [详细],血症 血管炎 神经炎 [详细],药物治疗、手术治疗 [详细],曲克芦丁片 双嘧达莫片 双嘧达莫缓释胶... [详细],30天,30%,不同医院收费标准不一致，市三甲医院约（5000-10000元）
贲门失弛缓症,"贲门弛缓不能,贲门痉挛",胃,20~50岁的青壮年,无传染性,医保疾病,消化内科 心胸外科,气钡双对比造影 胸部平片 食管压力 食管造影 食管钡餐透视 [详细],气急 干咳 进食困难 疼痛 溃疡 [详细],肺炎 [详细],手术治疗 [详细],硝酸异山梨酯片 硝苯地平片 硝苯地平片 [详细],,70%,
先天性无阴道,阴道畸形,阴道,女性,无传染性,医保疾病,妇科 生殖健康,卵巢功能检查 [详细],性腺发育不良 性交疼痛 性交困难 无月经来潮 子宫小 [详细],闭经溢乳综合征 [详细],手术治疗 [详细],甲硝唑阴道泡腾... 克霉唑阴道片 [详细],10天,10%,
心阴虚,,心脏,脑力工作者、未成年人,无传染性,非医保疾病,中医科,,五心烦热 失眠 心悸 心悸怔忡 多梦 [详细],肝肾综合征 脑血管瘤 慢性肾性贫血 心肾不交 肾疳 [详细],中医药物治疗 [详细],朱砂安神丸 养血安神丸 磁朱丸 [详细],30天,95%,
肠系膜淋巴结炎,,肠系膜 淋巴,7岁以下的小儿,无传染性,非医保疾病,胃肠外科 儿科,周围血白细胞计数及分类 淋巴细胞百分比 淋巴细胞数 [详细],淋巴结充血 颈部淋巴结肿大 咽痛 发烧 肚子疼 [详细],,,异烟肼片 [详细],,暂无相关资料,
脑萎缩,,颅脑,所有人群,无传染性,非医保疾病,神经内科,暂无相关资料,记忆力障碍 智能减退 乏力 易跌倒 头晕 [详细],暂无相关资料,药物治疗 [详细],单唾液酸四己糖... 单唾液酸四己糖... 冠心康胶囊 [详细],1年,40%-60%,市三甲医院约（3000 —— 5000元）
老年眩晕,,颅脑,老年人,无传染性,非医保疾病,神经内科 老年科,心电图 MRI 眼震电图描记法 Frenzel氏眼镜检查法 裸眼检查法 [详细],耳前庭功能受损 紧张性头晕 老年性眩晕 恶心与呕吐 旋转性眩晕 [详细],眩晕 脑出血 [详细],药物治疗、中医治疗、介入治疗 [详细],盐酸地芬尼多片 参鹿补虚胶囊 脂康颗粒 [详细],治疗周期120天,一般在正规综合三甲医院的典型病例治愈率（,
前列腺痛,类前列腺炎综合症,前列腺,中青年男性,无传染性,非医保疾病,男科 泌尿外科,尿流率 前列腺B超 r-精浆蛋白 精液气味 前列腺液卵磷脂小体 [详细],睾丸疼痛 压痛 射精疼 尿流变细或中断 尿后滴沥 [详细],,,二十八味槟榔丸 超声场效应综合... TRM多功能前列... [详细],,暂无相关资料,
慢性膀胱炎,,膀胱,所有人群,无传染性,医保疾病,泌尿外科,尿常规 尿路平片 尿酸度 膀胱输尿管返流显象 尿液细菌学检查 [详细],尿痛 尿急 尿频 尿液混浊 膀胱容量的减少 [详细],慢性膀胱炎 [详细],药物治疗 [详细],头孢克肟片 复方石韦胶囊 甲磺酸帕珠沙星... [详细],治疗周期21天,治愈率79%,市三甲医院约（3000 —— 5000元
肺不张,"肺不张病,肺膨胀不全,肺陷落",肺,所有人群,无传染性,医保疾病,呼吸内科 血管外科,胸部平片 胸部CT 支气管镜 痰液细菌涂片 痰液细菌培养 [详细],呼吸困难 发绀 血压下降 心动过速 咳嗽 [详细],,药物治疗 [详细],一次性使用无菌... 一次性使用无菌... 一次性使用呼吸... [详细],1-3年,60%,
多形红斑,多形渗出性红斑,皮肤,以10～30岁发病率最高，20%为青少年。,无传染性,医保疾病,皮肤科 中医科,皮肤病的物理检查 免疫病理检查 白细胞数 血沉方程K值 尿蛋白定量 [详细],水肿 关节酸痛 瘙痒 急性病容 局部灼热 [详细],肺炎 结节性红斑 [详细],药物治疗 [详细],健民咽喉片 片仔癀胶囊 黄藤素片 [详细],3-6周,50%,
舌下腺囊肿,蛤蟆肿,口,所有人群,无传染性,医保疾病,口腔科,,创伤 继发感染 囊肿 舌乳头增生 舌体肥大 [详细],舌下神经损伤 [详细],药物治疗 [详细],应该如何用药？用什么药？ [详细],2-4周,70%,
老年人糖尿病,,胰腺,中老年人,无传染性,非医保疾病,内分泌科 老年科,尿葡萄糖 心电图 MRI 餐后2小时血糖 葡萄糖胰岛素释放试验 [详细],糖尿 多饮 多尿 乏力 消瘦 [详细],乳酸性酸中毒 糖尿病足 [详细],药物治疗 [详细],甘精胰岛素注射... 肠内营养乳剂(T... 胰激肽原酶肠溶... [详细],,20%,市三甲医院约（5000 —— 20000元）
非性病性梅毒,"贝吉病,地方性梅毒,非性病梅毒",口 皮肤,由螺旋体引起的地方流行性疾病,有传染性,非医保疾病,传染科 性病科,梅毒螺旋体血球凝集试验 梅毒螺旋体血凝试验 血清梅毒螺旋体抗体 [详细],丘疹 咽痛 鼻黏膜溃疡 咽部溃疡 无痛性口腔溃疡 [详细],鼻咽炎 [详细],药物治疗 [详细],大败毒胶囊 琥乙红霉素片 盐酸米诺环素胶... [详细],1-3个月,80%,市三甲医院约（3000 —— 10000元）;
衣原体感染症,,眼 盆腔,所有人群,有传染性,非医保疾病,传染科,衣原体检查法 聚合酶链反应技术 补体结合试验 [详细],尿频 尿急 尿流中断 尿痛 脓性分泌物 [详细],,药物治疗 [详细],注射用阿奇霉素 吉他霉素片 四环素片 [详细],3-6周,95%,不同医院收费标准不一致，市三甲医院约（3000 —— 8000元）;
臂丛神经损伤,臂丛损伤,上臂 周围神经系统,所有人群,无传染性,医保疾病,骨科 中医科,神经系统检查 肌电图 拇收肌肌力试验 肱桡肌肌力试验 旋前圆肌和旋前方肌肌力试验 [详细],感觉障碍 肌肉萎缩 上肢呈迟缓性麻痹 神经根损伤 食指感觉消失 [详细],,药物治疗 [详细],全天麻胶囊 复方小活络丸 舒筋丸 [详细],2--8周,80%,
咯血,,肺,所有人群,无传染性,医保疾病,内科,尿常规 便常规 胸透 胸部CT 支气管镜 [详细],咳痰 咯血伴呛咳 咯血伴发热 气管阻塞 体重减轻 [详细],休克 尿道癌 人流后妇科病 女性尿道癌 宫颈糜烂 [详细],药物、手术治疗 [详细],一清胶囊 牛黄蛇胆川贝液 益肺清化膏 [详细],7-14天,60%,
热射病,重症中暑,全身,所有人群,无传染性,非医保疾病,急诊科,体温 [详细],高热 血压高 呼吸衰竭 热衰竭 出汗异常 [详细],中暑 产褥中暑 中暑衰竭 小儿中暑和暑热症 中暑痉挛 [详细],药物治疗 [详细],复方青蒿安乃近... 紫雪散 金莲清热颗粒 [详细],2-4周,70%,
下肢静脉血栓,下肢静脉血栓形成,下肢 血液血管,经常需要站立的职业工作者,无传染性,医保疾病,血管外科,血浆纤维蛋白原 中心静脉压 [详细],剧痛 静脉血栓 持续性疼痛 迁徙性浅静脉血栓形成 静脉回流障碍 [详细],肺栓塞 [详细],药物、手术治疗 [详细],右旋糖酐40葡萄... 丹王颗粒 抗血栓压力带 [详细],1-2个月,30%,市三甲医院约（5000 —— 10000元）
原发性醛固酮增多症,"原醛症,康恩综合征",肾上腺,无特殊发病群体,无传染性,医保疾病,内分泌科,血浆醛固酮 肾素活性 尿醛固酮 肾上腺CT 肾上腺MRI [详细],代谢性低钾 多尿 多饮 乏力 头痛 [详细],高血压 脑梗死 脑出血 尿毒症 [详细],手术治疗 [详细],螺内酯片 氨苯蝶啶片 氨苯蝶啶片 [详细],2-4个月,60%,
胃穿孔,,胃,50岁以上,无传染性,医保疾病,胃肠外科,上消化道X线钡餐 胃肠道CT [详细],恶心与呕吐 发烧 白细胞增多 肚子疼 [详细],新生儿胃穿孔 胃溃疡性穿孔 胃、十二指肠溃疡急性穿孔 [详细],手术治疗 [详细],应该如何用药？用什么药？ [详细],2-6周,95%,
胆总管结石,,胆,所有人群,无传染性,医保疾病,肝胆外科,T管造影 口服法胆道造影 静脉胆道造影 胆道造影 胆囊胆道B超 [详细],肚子疼 胆绞痛 突发性右上腹绞痛 肝脏肿大 肝质地硬 [详细],急性化脓性胆管炎 胆道出血 胆管癌 [详细],药物治疗、手术治疗 [详细],胆舒胶囊 复方胆通片 茴三硫片 [详细],7天,97%,市三甲医院约（3000 —— 8000元）
慢性溃疡性结肠炎,大瘕泄，慢性非特异性溃疡性结肠炎,肠,所有人群,无传染性,医保疾病,消化内科 内科,血清总蛋白 纤维结肠镜 血清癌胚抗原 乙状结肠镜检查 [详细],肚子疼 腹胀 充血 面色苍白 肠鸣 [详细],腹膜炎 结节性红斑 肿胀 多形红斑 鹅口疮 [详细],药物治疗、手术治疗 [详细],奥沙拉秦钠胶囊 醋酸甲萘氢醌片 醋酸甲萘氢醌片 [详细],3-6周,80%,不同医院收费标准不一致，市三甲医院约8000--15000
颈椎间盘突出症,急性颈椎间盘突出症，颈突症,颈部 脊柱,所有人群,无传染性,医保疾病,骨科,颈椎CT 脊柱运动试验 [详细],四肢瘫痪 腱反射亢进 颈椎间盘突出 颈部疼痛 头颈部活动受限 [详细],,,藤黄健骨丸 骨刺宁胶囊 风湿二十五味丸... [详细],,暂无相关资料,
髋关节脱位,,关节,所有人群,无传染性,医保疾病,骨科 中医科,四肢的骨和关节平片 骨关节及软组织CT 单腿站立试验 望远镜试验 内拉通线检查 [详细],屈髋屈膝及外旋畸形 关节疼痛 髋外侧可见皮下瘀血斑 髋部酸胀不适 大转子叩痛 [详细],缺血性坏死 [详细],手术治疗 [详细],薏辛除湿止痛胶... 散寒活络丸 硫酸氨基葡萄糖... [详细],1-7天,95%,
角化型脚气,皲裂脚气,足部,所有人群,有传染性,非医保疾病,皮肤科,,脚底干裂 干性脚气 手掌及足趾皮肤过度角化 疼痛 [详细],,,>> 应该如何用药？用什么药？ [详细],,,
皮肤囊肿,,皮肤,所有人群,无传染性,非医保疾病,皮肤科 中医科,免疫病理检查 皮肤病理检查 [详细],囊肿 囊性肿块 继发感染 皮肤粘连 [详细],皮样囊肿 表皮囊肿 [详细],药物治疗、手术治疗 [详细],头孢泊肟酯分散... 复方片仔癀软膏 氧氟沙星凝胶 [详细],2-5周,100%治愈率,
淋巴水肿,象皮肿，淋巴管性水肿，无名肿,淋巴,所有人群,无传染性,非医保疾病,外科 血管外科,淋巴显像 局部淋巴显象 血钼 [详细],旅行者水肿 皮肤粗糙 淋巴发育不全 慢性溃疡 寒战 [详细],肺栓塞 [详细],药物治疗、手术治疗 [详细],呋塞米注射液 下肢淋巴水肿治... 自粘弹性绷带(... [详细],10-30天,40%,
斜视,斜眼,眼,用眼姿势不良者,无传染性,医保疾病,眼科,眼球运动检查 视力 屈光检查 遮盖法 双眼平衡检查 [详细],视物模糊 复视 头痛 眼痛 畏光 [详细],婴幼儿型内斜视 微小度数斜视 反向斜视 急性共同性斜视 周期性内斜视 [详细],手术治疗 [详细],左旋多巴片 斜视钩 斜视器 [详细],7--30天,80--90%,
老花眼,老视,眼,大多出现在45岁以后，随年龄增加发病增加,无传染性,医保疾病,眼科,视力 远视力检查法 视力筛查仪 眼外部检查 直接检眼镜检查法 [详细],视近困难 流泪 疲劳 视近不能持久 反应迟钝 [详细],结膜结核病 [详细],凸透镜、手术矫正治疗 [详细],眼氨肽滴眼液 冰珍清目滴眼液 消旋山莨菪碱滴... [详细],终身性疾病,老年病范畴,市三甲医院约（6000-10000元）
急性脊髓炎,急性横贯性脊髓炎,脊髓,可见于任何年龄，但以青壮年居多，在10～19岁和30～39岁有两个发病高峰,无传染性,医保疾病,神经内科 中医科,脑脊液检查-化学检查-蛋白质检查 脑脊液的化学检查 普通透视检查 肌电图 脊柱MRI [详细],脊髓休克 无力 腱反射亢进 腱反射消失 运动功能障碍 [详细],褥疮 [详细],本病无特效治疗，主要包括减轻脊髓损害、防治并发症及促进功能恢复。 [详细],布洛芬乳膏 醋氯芬酸片 双氯芬酸钠凝胶 [详细],1-3个月,30%,
肾结核,肾消耗病，肾痨,肾,青壮年人群,有传染性,医保疾病,肾内科 传染科,肾上腺CT 胸部平片 脊柱MRI 尿常规 直接涂片检查 尿液细菌培养 尿路平片 逆行肾盂造影 泌尿系统CT 膀胱造影 [详细],盗汗 低烧 脓尿 尿痛 膀胱刺激症 [详细],膀胱炎 肾积水 [详细],药物治疗、手术治疗 [详细],消石片 腰痛宁胶囊 肾石通颗粒 [详细],治疗周期9个月,治愈率72%,不同医院收费标准不一致，市三甲医院约（3000-5000元）;
慢性心力衰竭,慢性充血性心力衰竭,心脏,老年人多发,无传染性,医保疾病,心血管内科 心胸外科,多普勒超声心动图 心脏血管超声检查 [详细],呼吸困难 疲乏 嗜睡 劳力性呼吸困难 端坐呼吸 [详细],心力衰竭 肝硬化 休克 [详细],药物治疗 [详细],芪苈强心胶囊 硝酸异山梨酯片 卡托普利片 [详细],30天,10%,不同医院收费标准不一致，市三甲医院约（5000 —— 10000元）
腮腺混合瘤,多形性腺瘤,口,所有人群,无传染性,医保疾病,口腔科 肿瘤科,颌面五官CT [详细],结节 耳下区的韧实肿块 麻痹 腮腺区肿大 腮腺无痛性肿块 [详细],面神经损伤 [详细],手术治疗 [详细],注射用盐酸平阳... 注射用盐酸平阳... [详细],2-4月,95%,
肝脏肿瘤,肝肿瘤,肝,中年男性,无传染性,非医保疾病,肿瘤科 肝胆外科,CT造影增强扫描 CT平扫 体液免疫检测法 亚健康人群体检 红外热象图 [详细],肝区痛 上腹不适 肝肿大 消瘦 肝区血管杂音 [详细],,手术治疗 [详细],注射用磷酸氟达... 注射用磷酸氟达... 磷酸氟达拉滨 [详细],30天,10%,
脂溢性角化病,"基底细胞乳头状瘤,老年疣,皮脂溢性角化病,基底细胞乳头瘤,脂溢性疣",皮肤,好发于中老年人,无传染性,医保疾病,肿瘤科 皮肤科,皮损 皮肤病的物理检查 [详细],鳞屑 角栓 丘疹 油腻性鳞屑 斑丘疹 [详细],脓毒症和菌血症 [详细],病因治疗、对症治疗 [详细],维A酸乳膏 维A酸片 维A酸乳膏 [详细],2-4周,100%治愈,
新生儿惊厥,新生儿抽风,颅脑,新生儿,无传染性,医保疾病,儿科 神经内科,脑电图 肌电图 颅脑CT 维生素B6 新生儿体格检查 [详细],抽搐 新生儿两眼上翻凝视 婴幼儿抽风 颤抖 惊厥 [详细],癫痫 脑瘫 吸入性肺炎 新生儿窒息 [详细],中医药物治疗、西医药物治疗 [详细],万氏牛黄清心丸 羚羊角口服液 复方鲜竹沥液 [详细],3-6月,99%,
恐艾症,"艾滋病恐惧症,阴性艾滋病",心理,大多有过高度危险的婚前或婚外性行为人群,无传染性,非医保疾病,心理咨询,,强迫性重复 性上瘾 强迫性神经官能症 强迫性联想 强迫恐怖症 [详细],,,应该如何用药？用什么药？ [详细],,暂无相关资料,
神经病,"癫痫,羊癫痫,疯狂病,狐大仙",颅脑 心理,所有人群均可发病，但老年人群多见,无传染性,非医保疾病,神经内科,神经系统检查 [详细],意识改变状态 头痛 反复抽搐 昏迷 四肢瘫痪 [详细],暂无相关资料,药物治疗 [详细],甲钴胺片 单唾液酸四己糖... 注射用鼠神经生... [详细],>120天(需要终身治疗),暂无相关资料,市三甲医院约（3000 —— 8000元）
阿米巴性宫颈炎,,子宫,有性生活史的妇女多见,有传染性,非医保疾病,妇科,阿米巴原虫抗原和抗体 宫颈分泌物培养 子宫颈涂片测试 宫颈妇科常规检查 白带常规 [详细],阴道分泌物增多 外阴烧灼刺激感 脓肿 脓血性白带 溃疡外观呈火山口样 [详细],阿米巴性阴道炎 [详细],药物治疗，局部冲洗 [详细],抗宫炎片 妇宁栓 聚甲酚磺醛溶液 [详细],7-14天,80%,
跟骨骨折,,下肢骨,成年人较多见,无传染性,医保疾病,骨科,普通透视检查 一般摄片检查 四肢的骨和关节平片 关节检查 [详细],扭伤 足部肿胀压痛 残株型骨折 脚外侧疼 足跟淤血 [详细],血管损伤 肿胀 [详细],手术治疗 [详细],独一味胶囊 骨康胶囊 *正骨水 [详细],国内最认可的有效治疗手段的该病治疗周期(,暂无相关资料,
扩张型心肌病,充血性心肌病，心肌病,心脏,无特殊发病群体,无传染性,医保疾病,心血管内科 心胸外科,血清抗心肌抗体 心电图 多普勒超声心动图 M型超声心动图 胸部平片 [详细],乏力 腹部不适 呼吸困难 胸痛 心脏增大 [详细],胸腔积液 动脉栓塞 心力衰竭 [详细],药物治疗 [详细],心荣颗粒 盐酸地尔硫片 果糖二磷酸钠口... [详细],终身治疗,40-50%，多以对症治疗为主,不同医院收费标准不一致，市三甲医院约（5000-10000元）
静脉血栓形成,静脉血栓,血液血管,所有人群,无传染性,医保疾病,血管外科,颈静脉压 电阻抗体积描记 血浆组织纤溶酶原活化物抗原 血浆组织纤溶酶原活化物抑制物抗原 血浆组织纤溶酶原活化物抑制物活性 [详细],静脉血栓 静脉曲张 迁徙性浅静脉血栓形成 微血栓形成 局部静脉压痛 [详细],血栓性浅静脉炎 静脉曲张综合征 [详细],药物治疗、手术治疗 [详细],华法林钠片 双嘧达莫片 吲哚布芬片 [详细],,60%,市三甲医院约10000--20000
慢性淋巴细胞性甲状腺炎,桥本病，自身免疫性甲状腺炎，桥本甲状腺炎,甲状腺,女性,无传染性,医保疾病,内分泌科,免疫学检查 血清抗甲状腺球蛋白抗体 血清总三碘甲状腺原氨酸 血清FT4 血清卵泡刺激素 [详细],,甲减 亚临床甲状腺功能减退症 尿道癌 人流后妇科病 女性尿道癌 [详细],,复方八维甲睾酮... 复方八维甲睾酮... 复方八维甲睾酮... [详细],,暂无相关资料,
肺脓肿,,肺,中老年群体,无传染性,医保疾病,呼吸内科,痰液免疫学检查 痰液细菌涂片 胸部平片 胸部CT 纤维支气管镜 [详细],咳嗽伴杵状指 脓痰 胸痛 横膈低平 肺内空洞 [详细],脓胸 [详细],药物治疗、手术治疗 [详细],回生甘露丸 阿莫西林克拉维... 阿莫西林双氯西... [详细],,70%,
缺血性心肌病,"冠心病,冠状动脉粥样硬化性心脏病，胸痹(心痛)",心脏,吸烟、高血脂、高血糖、高血压患者,无传染性,非医保疾病,心血管内科,胸部平片 心电图 心脏血管超声检查 胸部磁共振 胸透 [详细],心脏结构异常 心肌营养障碍 胸痛 劳力性呼吸困难 心肌顿抑 [详细],心力衰竭 休克 [详细],药物治疗、支持疗法 [详细],血塞通分散片 补心气口服液 速效心痛滴丸 [详细],1-3个月,30%,
跟腱炎,,足部,剧烈运动或运动员多发的病,无传染性,非医保疾病,外伤科 骨科,暂无相关资料,跟腱疼痛 [详细],暂无相关资料,暂无相关资料,气压弹道式体外... 气压弹道式体外... 冲击振动治疗仪 [详细],,暂无相关资料,暂无相关资料
热感冒,暑热感冒,全身,所有人群,无传染性,非医保疾病,呼吸内科 儿科,,浮脉 高热寒战 口干 涕唾稠粘 舌苔薄白 [详细],,,暑热感冒颗粒 流感茶 流感茶 [详细],,暂无相关资料,
阴茎折断,阴茎海绵体破裂,阴茎,男性,无传染性,非医保疾病,泌尿外科 男科,阴茎海绵体造影 阴茎超声检查 [详细],剧痛 瘀斑 阴茎损伤 阴茎疼痛 [详细],尿道损伤 [详细],药物治疗、手术治疗 [详细],阿莫西林克拉维... 阿莫西林胶囊 [详细],手术治疗周期7天,治愈率99%,
苯丙酮尿症,"苯丙氨酸羟化酶缺乏症,苯酮尿症",全身,儿童,无传染性,非医保疾病,儿科 内分泌科,血清苯丙氨酸 脑电图 MRI 苯丙酮尿症筛查 尿苯丙酮酸 [详细],毛发色淡而呈棕色 尿中有特殊鼠臭味 智力发育迟缓 皮肤苍白 烦躁不安 [详细],,西药治疗、食疗 [详细],应该如何用药？用什么药？ [详细],1-6个月,10%,
椎间盘突出症,,腰部,老年人,无传染性,非医保疾病,骨科 中医科,脑脊液的化学检查 血清类风湿因子 健肢抬高试验 脊柱运动试验 [详细],椎间盘退行性变 腰脊椎疼痛 惧站立，喜依托 胸腰段及腰椎前凸消失 根性坐骨神经痛 [详细],胸椎间盘突出症 颈椎间盘突出症 极外侧型腰椎间盘突出症 急性颈椎间盘突出症 腰椎间盘突出 [详细],,腰痛宁胶囊 腰痹通胶囊 伸筋丹胶囊 [详细],,暂无相关资料,
老年人肺炎,老年肺炎,肺,老年人,无传染性,非医保疾病,呼吸内科 老年科,白细胞数 胸透 胸部平片 [详细],呼吸急促 呼吸困难 精神萎靡 食欲不振 高热寒战 [详细],暂无相关资料,药物治疗、一般治疗、吸氧 [详细],了哥王片 头孢氨苄甲氧苄... 白头翁止痢片 [详细],治疗周期10天,治愈率83%,市三甲医院约（2000——5000元）
慢性干燥性鼻炎,,鼻,所有人群,无传染性,医保疾病,耳鼻喉科,鼻腔内镜 激发试验 [详细],鼻干 鼻黏膜和鼻甲萎缩 鼻粘膜干燥发痒 鼻屎多 鼻内发痒 [详细],嗅觉障碍 硬脑膜外脓肿 硬脑膜下脓肿 [详细],药物治疗 [详细],鼻炎康片 呋麻滴鼻液 辛芳鼻炎胶囊 [详细],7-10天,70%,
食管压迫型颈椎病,吞咽困难型颈椎病,颈部 脊柱,所有人群,无传染性,非医保疾病,骨科,颈椎CT 食管钡餐透视 MRI [详细],仰颈时吞咽困难 吞咽困难 [详细],暂无相关资料,药物治疗 [详细],骨筋丸胶囊 颈复康颗粒 藤黄健骨丸 [详细],,80%,市三甲医院约（5000 — 10000元）
烟雾病,"Moyamoya病,脑底异常血管网",颅脑,无特殊发病群体,无传染性,医保疾病,神经内科 外科,颅脑MRI 脑血管造影 颅脑CT 脑膜刺激征 脑电图 [详细],恶心 精神萎靡 假性延髓性麻痹 头昏 头痛 [详细],肾动脉狭窄 高血压 颅内动脉瘤 脑梗死 癫痫 [详细],手术治疗 [详细],硝酸甘油气雾剂 硝酸甘油气雾剂 烟酸注射液 [详细],3-5个月,95%,
脊柱炎,,脊柱,多发于青年人,无传染性,医保疾病,骨科 风湿科,MRI SPECT显像 脊柱超伸试验 全身体检 脊柱压痛与叩击痛 [详细],背痛 局部压痛 下蹲困难 四肢瘫痪 [详细],强直性脊柱炎 肥大性脊椎炎 幼年型关节强硬性脊椎炎 [详细],,双氯芬酸钠缓释... 双氯芬酸钠缓释... 甲泼尼龙片 [详细],,暂无相关资料,
高眼压症,"高眼压,眼高压,眼内高压",眼,所有人群,无传染性,非医保疾病,眼科,眼压计测量法 巩膜检查法 动态视野检查 [详细],视网膜出血 高眼压 视力障碍 青光眼斑 近视弧 [详细],失眠症 [详细],药物治疗 [详细],拉坦前列素滴眼... 马来酸噻吗洛尔... 马来酸噻吗洛尔... [详细],2-3周,70%,市三甲医院约（2000 —— 4000元）
颈型颈椎病,局部型颈椎病,颈部 脊柱,中老年人群,无传染性,非医保疾病,骨科,椎间孔挤压试验 颈部活动度 颈椎CT 颈部MRI 颈项强直 [详细],颈部酸痛 头颈分离感 颈项强直 颈椎变形 下肢无力 [详细],暂无相关资料,药物治疗 [详细],颈复康颗粒 藤黄健骨丸 风湿二十五味丸... [详细],,100%,市三甲医院约（3000—— 8000元）
传染性湿疹样皮炎,,皮肤,成年人多常见,有传染性,医保疾病,皮肤科 传染科,皮损 细胞组织化学染色 免疫病理检查 [详细],发炎 丘疹 脓疱 脓肿 鳞屑 [详细],瘙痒症 [详细],药物治疗 [详细],冰黄肤乐软膏 复方参子洗剂 复方珍珠暗疮片 [详细],,95%,市三甲医院约（3000—— 5000元）;
剥脱性角质松解症,"角层板状出汗不良,手掌脱皮症,汗疱症,汗疹症",皮肤,所有人群,无传染性,非医保疾病,皮肤科 皮肤性病,皮损 皮疹 [详细],鳞屑 脱皮 瘙痒 出汗减少 足底脱皮 [详细],多汗症 [详细],药物治疗 [详细],尿素软膏 尿素软膏 尿素软膏 [详细],,100%,
浆细胞性乳腺炎,"乳腺导管扩张症,闭塞性乳腺炎,粉刺性乳腺炎,静脉扩张肿",乳房,中、老年女性居多,无传染性,非医保疾病,乳腺外科,乳腺检查 乳管镜 乳腺导管造影 乳房摄片 近红外线乳腺扫描 [详细],淋巴结肿大 皮肤粘连 乳腺退化不全 脓肿 高热 [详细],,手术治疗、药物治疗 [详细],乳宁片 乳宁片 乳核内消颗粒 [详细],,80%,
子宫破裂,,子宫,产妇,无传染性,医保疾病,产科 急诊科,盆腔和阴道B超 产科B超 腹腔穿刺术 [详细],先兆子宫破裂 下腹疼痛 烦躁不安 子宫压痛 子宫破裂征象 [详细],胎死不下 [详细],手术治疗 [详细],卡络磺钠片 卡络磺钠 卡络磺钠 [详细],1-2周,75%,
布鲁氏菌病,"地中海弛张热,马耳他热,波浪热,波状热",全身,多发生在牧民当中,有传染性,非医保疾病,传染科,细菌学检验 皮肤试验 [详细],关节疼痛 反复发烧 乳房胀痛 神疲乏力 肌痛 [详细],,,>> 应该如何用药？用什么药？ [详细],,,
肠套叠,,肠,急性常见于4~10个月婴儿，慢性常见于成人,无传染性,医保疾病,胃肠外科 消化内科,粪便隐血试验 大便红细胞 肛门指检 腹部平片 上消化道X线钡餐 [详细],肚子疼 进食呕吐 便血 腹部肿块 小儿哭闹不安 [详细],,灌肠治疗、手术治疗、药物治疗 [详细],枸橼酸莫沙必利... 胆汁槟榔维B1胶... 马来酸曲美布汀... [详细],2-4周,外科手术治愈率约为80%,
胎盘早剥,"胎盘的过早分离,胎盘早期剥离,胎盘早期脱离",子宫,孕妇人群,无传染性,医保疾病,产科,产科B超 腹部外形触诊 尿常规 尿酸 二氧化碳结合力 [详细],阴道流血过多 妊娠时伴有腹痛的阴道流血 阴道出血 子宫有局限性轻压痛 妊娠时持续性腹痛或腰酸腰痛 [详细],妊娠期急性肾功能衰竭 [详细],药物治疗、手术治疗 [详细],安胎丸 保胎灵 滋肾育胎丸 [详细],6-12周,70-80%,
不安腿综合征,"不安腿综合症,不宁腿综合征,多动腿综合征,肌性焦热,腿风,腿部神经过敏症,无力性脚感觉异常症",周围神经系统 其他,中老年人，女性多于男性,无传染性,医保疾病,神经内科,血清促甲状腺激素 血清铁 血清铁蛋白 维生素B12 血清肌酐 [详细],疼痛 不自主运动 烦躁不安 骨痒 不宁腿综合征 [详细],失眠症 [详细],药物治疗 [详细],卡马西平片 卡马西平片 可乐定贴片 [详细],1-2年(国内最认可的有效治疗手段的该病治疗,70-90%(一般在正规综合三甲医院的典型病例,
咽鼓管阻塞,,咽喉,所有人群,无传染性,非医保疾病,耳鼻喉科,咽鼓管检查法 耳镜检查法 咽鼓管荧光素试验 脉冲震荡肺功能 [详细],增殖腺肥大 听力下降 咽鼓管堵塞 传导性耳聋 [详细],耳聋 [详细],药物治疗、手术治疗 [详细],黄氏响声含片 鼻咽灵片 桂林西瓜霜 [详细],10天,80%,
泌尿生殖系支原体感染,泌尿生殖系统支原体感染,女性生殖 男性生殖,性活跃的人多见,有传染性,非医保疾病,传染科 性病科,白带常规 尿道分泌物检查 内镜检查 生殖道分泌物培养 子宫颈黏液检查 [详细],尿急 尿频 尿痛 尿道烧灼感 排尿障碍 [详细],子宫内膜炎 早产 [详细],药物治疗 [详细],妇科千金片 抗宫炎片 抗妇炎胶囊 [详细],2-4周,80%,市三甲医院约（2000 —— 5000元）;
阴道前壁膨出,膀胱疝,阴道,顺产的妇女多见,无传染性,非医保疾病,妇科,尿常规 内镜检查 阴道细胞学检查 子宫及附件检查 [详细],盆腔坠痛 括约肌功能障碍 排尿不畅 性交困难 性交疼痛 [详细],膀胱炎 肾积水 [详细],子宫托治疗、手术治疗 [详细],尿感宁颗粒 四季草颗粒 八正合剂 [详细],5天,92%,
乳糜尿,乳糜尿症,淋巴 肾,成年人,无传染性,医保疾病,肾内科 泌尿外科,尿中寄生虫检查 尿常规 微丝蚴 尿透明度 [详细],水肿 尿潴留 消瘦 乏力 乳白色尿 [详细],,中医药物治疗、西医药物治疗 [详细],伊维菌素片 伊维菌素胶囊 五淋化石丸 [详细],10-30天,60%,
结核性腹膜炎,,腹膜,20～40岁，女性多于男性,有传染性,医保疾病,消化内科 普外科,结核菌素皮内试验 十二指肠钡餐造影 血沉方程K值 腹水检查 腹部平片 腹部血管超声检查 腹部CT MRI 结核杆菌血清学检查 结核杆菌基因检测 [详细],腹部“柔韧感”体征 急性腹痛 肠子粘连 强迫仰卧位 腹水 [详细],肠梗阻 [详细],药物治疗 [详细],磷霉素钙胶囊 氟康唑片 奥硝唑胶囊 [详细],2年,70-80%,不同医院收费标准不一致，市三甲医院约（3000 —— 5000元）;
尿床,遗尿症,全身 心理,所有人群,无传染性,非医保疾病,儿科,尿常规 泌尿系统CT 脑电图 血清肿瘤基因P53抗体 肾脏CT [详细],儿童尿床 尿急 遗尿 习惯性尿裤 尿流变细或中断 [详细],便秘 糖尿病 尿失禁 尿崩症 急性脊髓炎 [详细],药物治疗 [详细],醒脾养儿颗粒 夜尿宁丸 溴丙胺太林片 [详细],3-6月,80%,
皮肤划痕症,人工性荨麻疹,皮肤,多发于女性或过敏体质的年轻人,无传染性,非医保疾病,皮肤科,皮肤划痕试验 [详细],皮肤有瘙痒抓痕 瘙痒 红斑样皮疹 [详细],,,盐酸异丙嗪片 盐酸异丙嗪注射... 盐酸异丙嗪片 [详细],,暂无相关资料,
毛囊角化病,达里埃病,皮肤,一般在8～16岁发病,无传染性,非医保疾病,皮肤科,皮损 胸部平片 [详细],毛孔粗大 瘙痒 鳞屑 剧痒 足底脱皮 [详细],灰指甲 [详细],中医药物治疗、西医药物治疗 [详细],维A酸乳膏 维胺酯胶囊 [详细],6-12个月,40%-70%，多以对症治疗为主,
露阴癖,阴部暴露症,心理,所有人群,无传染性,非医保疾病,精神病科 心理咨询,颅脑MRI 脑电图 [详细],窥淫癖 心理性性功能障碍 灌肠癖 精神变态 [详细],神经质 神经病 [详细],药物治疗、心理治疗 [详细],五氟利多片 盐酸氯丙嗪片 [详细],1-3年,70-80%,
婴幼儿阴道炎,,阴道,多发生在2～9岁的幼女,无传染性,非医保疾病,儿科,阴道镜 阴道分泌物涂片 外阴部妇科常规检查 线索细胞 [详细],外阴烧灼刺激感 外阴肿胀 婴幼儿外阴疼痛 阴道分泌物增多 尿急 [详细],拉肚子 [详细],药物治疗 [详细],甲硝唑氯己定洗... 甲硝唑氯己定洗... [详细],7天,100%,
寒冷性荨麻疹,,皮肤,所有人群,无传染性,医保疾病,皮肤科,,风团 寒战 瘙痒 头痛 心动过速 [详细],,,阿伐斯汀胶囊 阿伐斯汀胶囊 [详细],,暂无相关资料,
丛集性头痛,"偏头痛性神经痛，组胺性头痛,蝶腭神经痛等",颅脑,多见于中年男性,无传染性,非医保疾病,神经内科 内科,颅脑MRI 颅脑CT 组胺试验 [详细],头胀 头痛 中度或轻度头痛 眼部胀痛 流泪 [详细],丛集性头痛 [详细],药物治疗、针灸治疗 [详细],布洛芬颗粒 对乙酰氨基酚片 大川芎片 [详细],终身间歇性对症治疗,80%,
口吃,,颅脑,所有人群,无传染性,医保疾病,儿科 心理咨询,语调与语态 [详细],言语中断 发音障碍 [详细],,,同仁牛黄清心丸 十香返生丸 扎冲十三味丸 [详细],,暂无相关资料,
输卵管积水,,输卵管,性生活频繁、做过输卵管手术、有输卵管炎症的人,无传染性,医保疾病,妇科 中医科,输卵管通畅检查 X线碘油造影 妇科B超 输卵管镜 腹腔镜 [详细],阴道分泌物增多 女性不孕 继发性不孕 输卵管粘连 下腹痛 [详细],输卵管癌三联症 输卵管结核 副鼻窦炎 原发性输卵管癌 持续性输卵管妊娠 [详细],通液治疗、手术治疗、物理治疗 [详细],囊肿助吸器 [详细],2-4月,85%,
小儿肠套叠,儿童肠套叠,胃 肠,婴幼儿,无传染性,非医保疾病,儿科 消化内科,粪便隐血试验 胃钡餐造影 十二指肠钡餐造影 腹部透视 [详细],小儿哭闹不安 嗜睡 肚子疼 排气障碍 便血 [详细],脱水 休克 腹膜炎 [详细],灌肠治疗、手术治疗 [详细],注射用甲磺酸培... 甲磺酸培氟沙星 甲磺酸培氟沙星 [详细],1-3周,90%,
下肢动脉硬化闭塞症,"下肢动脉硬化栓塞,下肢动脉硬化高血压",下肢 血液血管,高血压、高胆固醇、长期吸烟、糖尿病人群,无传染性,非医保疾病,血管外科,腹部听诊 脉搏 冠状动脉CT 动脉听诊 冠状动脉造影 [详细],动脉呈多处伸长扭曲状 额区感觉减退 老年人腿抽筋 血液粘度增高 下肢发凉 [详细],动脉栓塞 [详细],手术治疗、药物治疗、介入治疗 [详细],通脉颗粒 [详细],10-30天,10%,市三甲医院约（5000—— 20000元）
天疱疮,,皮肤 口,所有人群,无传染性,医保疾病,皮肤科 中医科,血清抗桥粒自身抗体 血清胆碱酯酶 [详细],鳞屑 结痂 红晕 瘙痒 黏膜损害 [详细],败血症 肺炎 [详细],药物治疗 [详细],氨苯砜片 甲泼尼龙片 醋酸泼尼松片 [详细],3-6周,90%,不同医院收费标准不一致，市三甲医院约（1000-5000元）
儿童睡眠障碍,,心理,2-12岁的儿童,无传染性,非医保疾病,儿科 神经内科,颅脑CT 必需微量元素 脑电图 耳鼻咽喉CT [详细],婴儿睡觉不踏实 婴儿睡眠少 保持睡眠障碍性失眠 梦游 紧张性疲劳 [详细],失眠症 [详细],药物治疗、精神治疗 [详细],景志安神口服液 复方枣仁胶囊 豆腐果苷片 [详细],7-10天,90%,
老年人前列腺增生症,"老年前列腺增生症,老年人良性前列腺肥大,老年人良性前列腺增生,老年人良性前列腺增生症,老年人前列腺增生",前列腺,50岁以上,无传染性,非医保疾病,老年科 男科,肾功能 前列腺B超 MRI 尿常规 膀胱逼尿肌功能 [详细],膀胱排空不全 夜尿增多 尿急 逼尿肌不稳定 剧烈疼痛 [详细],尿失禁 [详细],药物治疗 [详细],普乐安片 非那雄胺片 谷丙甘氨酸胶囊 [详细],3个月,60%,市三甲医院约1000--5000
手湿疹,,皮肤,所有人群,无传染性,医保疾病,皮肤科,皮肤真菌镜检 [详细],手脱皮 瘙痒 鳞屑 皮肤干燥 脓疱 [详细],暂无相关资料,药物治疗、生活习惯调整 [详细],咪康唑氯倍他索... 复方醋酸地塞米... 硫软膏 [详细],7-30天,80%,市三甲医院约（500—— 1000元）
心虚,"心气虚,心悸,怔仲,心肌病,贫血",心脏,所有人群,无传染性,非医保疾病,中医科,,心悸 胸闷 气短 虚烦 失眠 [详细],心阴虚 心阳虚 心血虚 脑血管瘤 脑囊虫病 [详细],药物治疗 [详细],十全大补酒 通心络胶囊 脑心通胶囊 [详细],15-30天,98%,
小儿结核病,,肺 全身,原发性结核好发于青少年,有传染性,非医保疾病,儿科 呼吸内科,胸部平片 结核杆菌检查 结核杆菌基因检测 结核杆菌血清学检查 血清免疫球蛋白D [详细],呼吸困难 白细胞增多 鼻部结核 低烧 疱疹 [详细],咯血 自发性气胸 慢性肺源性心脏病 [详细],药物治疗、手术治疗、支持治疗 [详细],注射用重组人白... 氢溴酸右美沙芬... [详细],>30天,>40%,不同医院收费标准不一致，市三甲医院约（5000 —— 10000元）;
嗜睡症,,颅脑,年轻人,无传染性,非医保疾病,精神病科 神经内科,肝功能 肾功能 颅脑MRI 颅脑超声检查 颅脑CT [详细],嗜睡 头昏想睡觉 昏睡 昏睡病 猝倒 [详细],,药物治疗 [详细],噻奈普汀钠片 盐酸氟西汀分散... 豆腐果苷片 [详细],1-3个月,98%,
主动脉瓣关闭不全,,心脏,男性人群多见,无传染性,医保疾病,心血管内科 心胸外科,颈动脉搏动检查 脉搏强弱 毛细血管搏动征 蓝多耳菲征 周围血管征 [详细],端坐呼吸 劳力性呼吸困难 呼吸困难 心音异常 心悸 [详细],主动脉瓣关闭不全 感染性心内膜炎 心力衰竭 [详细],药物治疗 [详细],洋地黄毒苷片 单硝酸异山梨酯... 黄芪颗粒 [详细],1-2个月,70%,不同医院收费标准不一致，市三甲医院约（10000 —— 30000元
肠道菌群失调症,,肠,所有人群,无传染性,非医保疾病,消化内科 中医科,粪便菌群失调 粪便寄生虫 纤维结肠镜 乙状结肠镜检查 [详细],腹痛伴恶心、呕吐 肚子疼 稀便 腹胀 腹鸣 [详细],糖尿病 营养不良 [详细],饮食、药物治疗 [详细],双歧杆菌三联活... 枯草杆菌二联活... 双歧杆菌三联活... [详细],1-3周,90%,
心肌病,,心脏,中老年人多见,无传染性,医保疾病,心血管内科 心胸外科,心电图 多普勒超声心动图 二维超声心动图 心血管造影 [详细],呼吸困难 心脏肥大 新生儿心力衰竭 活动后气促 流感样症状 [详细],感染性心内膜炎 [详细],药物治疗 [详细],心荣颗粒 果糖二磷酸钠口... 酒石酸美托洛尔... [详细],1-2年,40%,不同医院收费标准不一致，市三甲医院约（5000-10000元）
恙虫病,"丛林斑疹伤寒,沙虱热,红河热,洪水热,沙螨皮炎",全身,无特殊发病群体,有传染性,医保疾病,传染科,外-斐二氏反应 涂片 立克次体补体结合试验 冷凝集试验 ELISA [详细],剧烈头痛 出血倾向 细菌感染 斑丘疹 不规则热 [详细],支气管肺炎 胸膜炎 中耳炎 流产 脉管炎 [详细],药物治疗 [详细],盐酸多西环素片 四环素片 罗红霉素胶囊 [详细],6-8周,75%-85%,不同医院收费标准不一致，市三甲医院约（1000-5000元）;
急性浅表性包皮龟头炎,急性浅表性龟头炎,阴茎,多出现于成年男子,无传染性,非医保疾病,男科 性病科,,阴茎疼痛 脓性分泌物 充血 乏力 低烧 [详细],,,应该如何用药？用什么药？ [详细],,暂无相关资料,
肾血管性高血压,肾性高血压,肾,多见于30岁以下的女性、大于50岁的男性,无传染性,非医保疾病,肾内科 心血管内科,高钠试验 检眼镜检查法 血清高敏CRP 尿lgG 尿微量转铁蛋白 [详细],收缩期杂音 抽搐 腹部血管杂音 蛋白尿 头晕 [详细],出血性疾病 心肌梗塞 血友病 心力衰竭 [详细],药物治疗、手术治疗（自体肾移植术、经皮腔内血管成形术） [详细],盐酸拉贝洛尔片 盐酸拉贝洛尔片 马来酸依那普利... [详细],3-6个月,20%，多以控制血压为主,不同医院收费标准不一致，市三甲医院约（50000 —— 80000元）
女性慢性淋病,,盆腔 女性生殖,女性所有人群,有传染性,非医保疾病,性病科,淋菌培养 淋球菌免疫学检测 涂片 药敏试验 [详细],下腹坠胀 白带增多 月经量多 腰酸背痛 湿疣 [详细],,,>> 应该如何用药？用什么药？ [详细],,,
痰饮,,胸部,青壮年,无传染性,非医保疾病,中医科 呼吸内科,,胸闷 心悸 气喘 胸闷憋气 头重足轻 [详细],脑囊虫病 垂体性侏儒症 痰热咳嗽 脑血管瘤 流痰 [详细],中医药物治疗、西医药物治疗 [详细],痰饮丸 桂附地黄丸 桂附地黄丸 [详细],10天,80%,
盘状红斑狼疮,,免疫系统 皮肤,40岁以上的女性,无传染性,医保疾病,风湿科 皮肤科,血流变学检查 狼疮细胞试验 皮肤颜色 红斑狼疮细胞 WBC [详细],面部蝶形红斑 盘状红斑 溃疡 鳞屑 丘疹 [详细],鳞状细胞癌 [详细],药物治疗 [详细],雷公藤多苷片 昆明山海棠片 哈西奈德乳膏 [详细],1-2个月,10%,市三甲医院约（3000 —— 10000元）
晕动病,"晕车,晕船,晕机,晕动症",颅脑 耳,所有人群,无传染性,医保疾病,神经内科,心电图 [详细],晕动症 上腹不适 恶心 晕轮效应 出冷汗 [详细],眩晕 眼球震颤 [详细],药物、物理治疗 [详细],茶苯海明片 清凉油 盐酸苯海拉明片 [详细],10-30天,80%,
卵巢破裂,"卵泡破裂,黄体破裂,黄体囊肿破裂",卵巢,妇女,无传染性,医保疾病,妇科 妇产科,双合诊 白细胞数 血红蛋白 中性粒细胞计数 妇科B超 [详细],剧痛 内出血 囊肿 宫颈举痛 卵巢功能障碍 [详细],休克 [详细],中医药物治疗、西医药物治疗 [详细],桂枝茯苓胶囊 安康欣胶囊 少腹逐瘀颗粒 [详细],7-10天,90%,
结节病,肉样瘤病，Boeck肉样瘤，Schaumann良性淋巴肉芽肿病，Besnier冻疮样狼疮,全身,40岁以下多见，发病高峰在20～29岁,无传染性,医保疾病,风湿科 呼吸内科,普通透视检查 皮内试验 支气管肺泡灌洗术 肺活检 胸部CT [详细],腮腺肿大 关节肿胀 心动过速 肉芽肿 呼吸困难 [详细],白内障 青光眼 [详细],药物治疗 [详细],注射用头孢曲松... 血管紧张素转换... 血管紧张素转换... [详细],3-6个月,60%,
乳腺囊性增生病,"慢性囊性乳腺病,囊肿性脱皮性乳腺增生病,纤维囊性乳腺病",乳房,多见于25-45岁女性,无传染性,医保疾病,乳腺外科 妇科,乳房活检 乳房触诊 乳房检查 乳腺检查 乳头溢液检查 [详细],背痛 结节 囊肿 乳腺内无痛单发的硬肿块 乳腺外上象限腺体增厚 [详细],乳腺癌 [详细],暂无相关资料,散结乳癖膏 乳康片 乳块消胶囊 [详细],,暂无相关资料,暂无相关资料
夜盲症,维生素A缺乏病，蟾皮病，蟾皮症，维生素A缺乏症,眼,多见于儿童,无传染性,非医保疾病,营养科,血清维生素A 尿常规 血清视黄醇结合蛋白 [详细],夜盲 干性皮肤 结膜干燥斑 畏光 眼干 [详细],小儿营养不良性消瘦 角膜软化症 [详细],饮食、药物治疗 [详细],维生素AD滴剂 维生素AD软胶囊 维生素A胶丸 [详细],3个月,70%,
痈,,皮肤,多见于成人,无传染性,医保疾病,皮肤科,皮肤病的物理检查 白细胞分类计数 WBC 空腹血葡萄糖 糖化血清蛋白 [详细],头晕 高热 寒战 淋巴结肿大 剧烈疼痛 [详细],黄疸 肺炎 [详细],药物、手术治疗 [详细],氨苄西林胶囊 麦迪霉素片 维生素C片 [详细],1周,95%,市三甲医院约（1000-5000元）
产后风,月子病,全身,产后妇女,无传染性,非医保疾病,,,关节疼痛 肝气郁结 腰酸 抽搐 胀痛 [详细],产后甲状腺炎 产后虚脱 产后抑郁症 产后伤食 产后泌尿道感染 [详细],中医药物治疗、西医药物治疗 [详细],新生化颗粒 驱风苏合丸 照山白浸膏片 [详细],1-3个月,80%,
多发性肌炎,,肌肉,任何年龄均可发病，多见于20-40岁妇女,无传染性,医保疾病,风湿科 神经内科,血清肌红蛋白 尿肌酸 尿谷草转氨酶 血清免疫球蛋白G 肌电图 [详细],三角肌疼痛 抗Jo-1抗体阳性 心动过速 肌肉假肥大 肌肉压痛 [详细],心力衰竭 胸膜炎 [详细],药物治疗 [详细],甲泼尼龙片 关节镇痛膏 正清风痛宁片 [详细],1-2个月,60%,
克兰费尔特综合征,"先天性曲精管发育不全综合征,小睾丸症,先天性睾丸发育不全综合征,克氏征,XXY综合征",男性生殖,男性遗传,无传染性,非医保疾病,内分泌科 中医科,染色体 涂片 黄体生成素 睾酮 HCG [详细],智力减低 男子性功能障碍 无胡须 男性乳房大 睾丸微小 [详细],,药物治疗 [详细],卡铂注射液 六味地黄丸 六味地黄丸 [详细],3-6周,80%,
非霍奇金淋巴瘤,非何杰金淋巴瘤，非霍奇金恶性淋巴肿瘤,淋巴,所有人群,无传染性,医保疾病,肿瘤科 内科,血清乳酸脱氢酶 大生化检查 骨髓象分析 本周蛋白 血沉方程K值 [详细],肚子疼 骨痛 颅内压增高 消瘦 淋巴结肿大 [详细],白血病 肠梗阻 尿毒症 [详细],药物治疗 [详细],重组人粒细胞刺... 阿糖胞苷注射液 阿糖胞苷注射液 [详细],3-6月,70%,
骨关节病,,关节,所有人群,无传染性,医保疾病,骨科,四肢的骨和关节平片 骨与关节MRI 骨关节及软组织CT 腰背痛体格检查 血液生化六项 [详细],关节肿痛 髋关节痛 肩关节痛 踝关节疼痛 颌骨关节痛 [详细],血色病性骨关节病 增生性骨关节病 松毛虫病骨关节病 肥大性骨关节病 透析性骨关节病 [详细],药物、手术治疗 [详细],美洛昔康胶囊 鹿瓜多肽注射液 双虎肿痛宁喷雾... [详细],1-2个月,60%,
多发性硬化,"多发性硬化症,轴周性硬化性脑炎",颅脑 脊髓,所有人群,无传染性,医保疾病,神经内科 风湿科,脑脊液一般性状 脑脊液检查-化学检查-蛋白质检查 颅脑MRI 脑脊液纤维连接蛋白 脑脊液游离型髓鞘碱性蛋白 [详细],脑白质变性 病理性发笑和哭喊 反应迟钝 抽搐 四肢无力 [详细],褥疮 尿路感染 [详细],药物治疗 [详细],甲泼尼龙片 盐酸替扎尼定片 卡马西平片 [详细],2-3年,45%,不同医院收费标准不一致，市三甲医院约（5000-10000元）
水疱型脚气,足缘部脚气,足部,特定的人群或职业,有传染性,非医保疾病,皮肤科,,手、足部厚壁水疱 [详细],,,>> 应该如何用药？用什么药？ [详细],,,
踝关节扭伤,,关节,儿童及成年人均可发生,无传染性,医保疾病,骨科,四肢的骨和关节平片 踝关节背伸试验 关节检查 骨与关节MRI 健康体检 [详细],关节扭伤 踝部及足背水肿 踝关节疼痛 外踝前下方肿胀和疼痛 踝关节屈曲挛缩畸形 [详细],创伤性关节炎 [详细],药物治疗 [详细],*正骨水 消肿止痛酊 跌打万花油 [详细],7-14天,98%,
筋膜炎,纤维织炎,全身,老年人,无传染性,医保疾病,骨科 中医科,血液生化六项 免疫病理检查 血小板计数 RBC 嗜酸性粒细胞数 [详细],臀部酸痛 腰骶部酸痛 腰背酸痛 肌肉酸痛 肌肉痉挛 [详细],腹壁坏死性筋膜炎 坏死性筋膜炎 结节性筋膜炎 弥漫性筋膜炎 嗜酸性筋膜炎 [详细],物理治疗、手术治疗 [详细],复方氯唑沙宗片 复方氯唑沙宗片 氯唑沙宗片 [详细],,60%,
高血压肾病,高血压肾损害,肾,高血压患者,无传染性,医保疾病,肾内科,尿常规 血尿酸 尿浓缩与稀释功能试验 尿β2微球蛋白 放射性核素肾扫描 [详细],尿常规异常 蛋白尿 夜尿增多 左心室肥厚 血压高 [详细],心脏病 [详细],药物治疗 [详细],金匮肾气丸 山楂精降脂片 降压避风片 [详细],30天,10%,不同医院收费标准不一致，市三甲医院约（5000 —— 8000元
枕大神经痛,,颅脑 周围神经系统,中老年人,无传染性,医保疾病,神经内科,肌电图 MRI 脑脊液一般性状 脑脊液的化学检查 [详细],不能转颈 颅外头痛 面下部头痛 枕部和颈后疼痛 头颈部剧痛 [详细],胸锁关节脱位 视神经病变 [详细],药物治疗、中医治疗 [详细],汉桃叶片 萘普生胶囊 萘普生片 [详细],1-2个月,70%,
慢性肾盂肾炎,肾盂肾炎，肾著，肾着,肾,反复尿路感染患者,无传染性,医保疾病,肾内科,尿常规 尿液细胞学检查 肾功能 放射性核素肾扫描 尿路平片 [详细],尿中磷酸盐排出增多 尿隐血 尿酸代谢亢进 尿渗透压下降 尿钙增多 [详细],糖尿病 尿路梗阻 菌血症 高血压 肾结石 [详细],药物治疗、支持疗法 [详细],阿莫西林双氯西... 盐酸左氧氟沙星... 三金片 [详细],2-4周,70%,不同医院收费标准不一致，市三甲医院约（3000 —— 5000元）
肠结核,肠痨,肠,无特殊发病群体,有传染性,医保疾病,传染科 消化内科,结核菌素皮内试验 粪便性状 大便颜色 十二指肠钡餐造影 乙状结肠镜检查 纤维结肠镜 X线钡影跳跃征 结核杆菌检查 粪便隐血试验 结核杆菌基因检测 [详细],肠外结核 肚子疼 粪便黑色并带有血液 肠鸣 回盲部结核 [详细],肠梗阻 腹膜炎 肠套叠 [详细],药物治疗 [详细],异烟肼片 利福平胶囊(Ⅱ) 异烟肼氯化钠注... [详细],治疗周期9个月,治愈率91.3%,不同医院收费标准不一致，市三甲医院约（10000-50000元）;
老年人高血压,,血液血管 全身,老年人,无传染性,非医保疾病,心血管内科 老年科,肾脏B超 动态血压监测(ABPM) 血压测量 心血管疾病的超声诊断 [详细],血压高 头痛 头胀 恶心与呕吐 健忘 [详细],暂无相关资料,药物治疗 [详细],牛黄降压丸 马来酸依那普利... 珍菊降压片 [详细],,血压控制率90%,市三甲医院约（500 —— 1000元）
预激综合征,"预激,WPW综合征",心脏,无特殊发病群体,无传染性,医保疾病,心血管内科 心胸外科,心电图 动态心电图 心血管疾病的超声诊断 心音图 [详细],胸闷 急性呼吸困难 心悸 心动过速 室上性心律失常 [详细],预激综合征 房颤 [详细],药物治疗、手术治疗 [详细],硫酸奎尼丁片 盐酸胺碘酮胶囊 盐酸胺碘酮片 [详细],30天,80%,
库欣综合征,"皮质醇增多症,柯兴氏综合征",肾上腺,无特殊发病群体,无传染性,非医保疾病,内分泌科,地塞米松抑制试验 促皮质素释放激素兴奋试验 血清促肾上腺皮质激素 尿17-羟-皮质类固醇 尿17-酮皮质类固醇 [详细],疲乏 满月脸 忧郁 重度肥胖 男性化 [详细],肾结石 高血压 多囊卵巢综合征 [详细],药物治疗、手术治疗 [详细],抗饥消渴片 盐酸二甲双胍缓... 盐酸苯乙双胍片 [详细],3-6个月,60%,不同医院收费标准不一致，市三甲医院约（5000-10000元）
脱水,,全身,青少年,无传染性,医保疾病,急诊科 内科,皮肤弹性 尿比重 血红蛋白浓度 全血黏度 血浆抗利尿激素 [详细],疲劳 头晕 眼花 脱水热 失钠多于失水且血清钠浓度低 [详细],尿道癌 人流后妇科病 女性尿道癌 宫颈糜烂 盆腔炎 [详细],补液治疗、西药治疗 [详细],口服补液盐Ⅰ 大黄通便颗粒 甘油氯化钠注射... [详细],2-4周,98%,
恋物癖,,心理,成年,无传染性,非医保疾病,心理咨询 精神心理科,头颅大小 性别观察 [详细],恋足癖 对女性物品的非正常爱好 恋毛巾被癖 [详细],露阴癖 窥阴癖 性厌恶 阳痿 早泄 [详细],中医药物治疗、西医药物治疗 [详细],五氟利多片 盐酸氯丙嗪片 [详细],3-6月,70%,
霍乱,,胃 肠,婴幼儿，儿童,有传染性,医保疾病,传染科,粪细菌培养 霍乱弧菌检测 粪便性状 [详细],水样便 皮肤弹性差 乏力 分泌性腹泻 头晕 [详细],,西药治疗 [详细],周氏回生丸 复方磺胺甲噁唑... 诺氟沙星胶囊 [详细],1-7天,10%,市三甲医院约20000--50000元;
肺部良性肿瘤,肺良性肿瘤,肺,所有人群,无传染性,非医保疾病,肿瘤科 心胸外科,胸部CT 胸部平片 肿瘤标志物 [详细],淋巴结肿大 乏力 低烧 肺部感染 呼吸困难 [详细],肺脓肿 [详细],手术治疗 [详细],呋塞米注射液 螺内酯片 [详细],治疗周期7天,治愈率96%,
痒疹,"小儿痒疹,寻常痒疹,结节性痒疹,妊娠痒疹,夏季痒疹，马疥",皮肤,皮肤敏感人群,无传染性,医保疾病,皮肤科 皮肤性病,嗜酸性粒细胞数 皮损 [详细],小儿痒疹 瘙痒 丘疹 痘疮 结节 [详细],皮肤病 瘙痒症 [详细],药物治疗 [详细],丙酸氟替卡松乳... 乌蛇止痒丸 炉甘石洗剂 [详细],3-6周,98%,
位置性眩晕,壶腹嵴顶耳石症,耳,所有人群,无传染性,医保疾病,神经内科 内科,前庭功能 裸眼检查法 眼震电图描记法 耳鼻咽喉CT Frenzel氏眼镜检查法 [详细],恶心 体位性眩晕 旋转性眩晕 剧烈眩晕，站立不稳 出冷汗 [详细],眩晕 [详细],药物治疗、手术治疗 [详细],良性阵发性位置... 前庭功能检查系... 良性阵发性位置... [详细],1-2年,40-60%，以药物控制症状为主,
偏执性精神障碍,,心理,成年人,无传染性,非医保疾病,精神心理科 心理咨询,颅脑CT [详细],偏执型人格障碍 诉讼狂 暴力冲动行为 病理性赌博 焦虑性适应障碍 [详细],妄想症 [详细],中医药物治疗、西医药物治疗 [详细],舒必利 奋乃静 奋乃静 [详细],3个月,40%,不同医院收费标准不一致，市三甲医院约（5000 —— 10000元）
睡眠障碍,,全身 心理,所有人群,无传染性,非医保疾病,神经内科,多导睡眠图 [详细],睡觉流口水 保持睡眠障碍性失眠 梦游 紧张性疲劳 失眠 [详细],失眠症 [详细],心理、行为、物理、药物治疗 [详细],五味子糖浆 安神宝颗粒 安神补脑分散片 [详细],10天,80%,市三甲医院约（3000 —— 5000元）
细菌性前列腺炎,,前列腺,成年男性多发,无传染性,非医保疾病,男科 泌尿外科,前列腺指检 前列腺B超 直肠指检 WBC 中性粒细胞计数 [详细],寒战 高热 尿频 尿急 尿痛 [详细],,,三金片 前列舒乐胶囊 前列通瘀胶囊 [详细],,暂无相关资料,
病毒性肺炎,肺热症,肺,所有人群,无传染性,医保疾病,呼吸内科,便常规 尿常规 体液免疫检测法 肝功能 肾功能 [详细],两肺毛玻璃样粟粒样或结节样改变 干咳 乏力 肺纹理增粗 肺门增宽 [详细],心肌炎 [详细],药物治疗 [详细],利巴韦林注射液 利巴韦林片 利巴韦林片 [详细],治疗周期7天,治愈率96%,不同医院收费标准不一致，市三甲医院约（1000-5000元）
脾功能亢进,,脾,所有人群,无传染性,医保疾病,消化内科 血液科,脾脏触诊 脾显象 骨髓象分析 MRI 脾脏B超 [详细],肝脾肿大 脾肾阳虚 出血倾向 鼻子黄色或棕色 全血细胞减少 [详细],贫血 [详细],药物、手术治疗 [详细],驴胶补血颗粒 浓缩当归丸 当归补血口服液 [详细],治疗周期咋2-4个月。,治愈率在70%以上。,不同医院收费标准不一致，市三甲医院约（5000 —— 10000元）
白细胞减少症和粒细胞缺乏症,,血液血管,所有人群,无传染性,非医保疾病,血液科,肾上腺素试验 骨髓象分析 骨髓粒细胞系统 抗核抗体 血清类风湿因子 [详细],乏力 头晕 衰弱 食欲减退 剥脱性皮炎 [详细],败血症肾损害 [详细],,田参氨基酸胶囊 胱氨酸片 腺苷钴胺片 [详细],,暂无相关资料,
眶上神经痛,,面部 周围神经系统,所有人群,无传染性,医保疾病,眼科 神经内科,颅脑MRI 颅脑CT 脑诱发电位 [详细],眼眶疼痛 神经痛 前额头痛 额区感觉减退 额部疼痛 [详细],细菌感染性肺炎 肌肉肌腱单位的急性损伤 [详细],病因治疗、对症治疗 暂无 [详细],止痛水 萘普生胶囊 酮洛芬胶囊 [详细],1个月,70%,
单纯性甲状腺肿,非毒性甲状腺肿，地方性甲状腺肿，散发性甲状腺肿,甲状腺,流行于离海较远，海拔较高的山区,无传染性,医保疾病,内分泌科,胸透 尿常规 心电图 ECT 甲状腺B超 [详细],甲状腺扪及光滑坚实的椭圆形结节 甲状腺肿 声音嘶哑 恶心 甲状腺肿大 [详细],地方性甲状腺肿 [详细],药物、手术治疗 [详细],酒石酸美托洛尔... 醋酸泼尼松龙片 阿替洛尔片 [详细],治疗周期120天,一般在正规综合三甲医院的典型病例治愈率（,不同医院收费标准不一致，市三甲医院约（3000 —— 5000元）
肝硬化男性性功能减弱综合征,"内分泌缺乏-肝硬变综合征,Silvestrini-corda综合征，西-科二氏综合征",肝 男性生殖,所有人群,无传染性,非医保疾病,消化内科 男科,雌二醇 睾酮 LHRH试验 孕尿雌三醇 肝功能 [详细],食欲减退 疲乏 睾丸萎缩 性欲减退 腹胀 [详细],肝性脑病 原发性肝癌 [详细],暂无相关资料,肝喜乐胶囊 心肝宝胶囊 和络舒肝胶囊 [详细],,暂无相关资料,暂无相关资料
巩膜炎,,眼,无特殊发病群体,无传染性,医保疾病,眼科 五官科,裂隙灯 眼底荧光血管造影 视力 [详细],眼痛 周期性发作的巩膜充血 眼充血 巩膜水肿 早晨上下眼睑粘连 [详细],角膜病 [详细],药物治疗 [详细],重组人干扰素α... 氟康唑滴眼液 利巴韦林滴眼液 [详细],1-2周,90%,
卵巢肿瘤,,卵巢,女性,无传染性,医保疾病,肿瘤科 妇科,卵巢检查 CT平扫 脏器声学造影 阴道妇科常规检查 CT造影增强扫描 [详细],月经失调 消瘦 下腹胀痛 下腹部包块 绝经后出血 [详细],,手术治疗 [详细],盐酸伊立替康 六甲蜜胺片 六甲蜜胺胶囊 [详细],1个月,50%,
会阴裂伤,"会阴Ⅲ度裂伤,会阴完全裂伤，会阴撕裂",会阴部,女性（车祸、性生活过度激烈等尤为多见）,无传染性,医保疾病,妇科 妇产科,肛门视诊 肛门指检 阴道镜 电子阴道镜 外阴部妇科常规检查 [详细],会阴部牵引痛 会阴部撕裂感 阴道裂伤 阴道入口粘膜撕裂 产后大便失禁 [详细],产后泌尿道感染 [详细],中医药物治疗、西医药物治疗 [详细],新生化颗粒 益母草胶囊 断血流片 [详细],2-4周治疗周期,99%,
前列腺囊肿,,前列腺,成年男性,无传染性,医保疾病,男科 生殖健康,膀胱镜 前列腺液培养 血清PSA 前列腺、精囊腺的超声检查 前列腺液卵磷脂小体 [详细],男性小腹痛 尿急 脓尿 尿频 囊肿 [详细],肾发育不全 [详细],手术治疗、药物治疗 [详细],前列腺保护素 [详细],7天,95%,
亚硝酸盐中毒,肠原性紫绀症，乌嘴病,全身,所有人群,无传染性,医保疾病,急诊科 消化内科,血清铁 血清铁蛋白 [详细],恶心 肚子疼 乏力 腹胀 惊厥 [详细],厥脱 休克 [详细],药物治疗 [详细],布美他尼片 亚甲蓝注射液 呋塞米片 [详细],1-7天,30%,
喉炎,,咽喉,小儿,无传染性,医保疾病,耳鼻喉科 呼吸内科,耳鼻咽喉CT [详细],声音嘶哑 声音变低 粘膜充血 水肿 粘膜萎缩 [详细],急性喉炎 小儿急性喉炎 慢性喉炎 [详细],药物治疗 [详细],喉炎丸 牛黄解毒片 清开灵颗粒 [详细],1-2个月,60%,
毒蛇咬伤,,全身,与毒蛇接触的人,无传染性,医保疾病,急诊科 传染科,尿常规 心电图 肝功能 血液电解质 血清尿素氮 [详细],毛细血管渗漏综合征 腹腔出血 恶心 乏力 鼻衄 [详细],瘫痪 休克 [详细],手术治疗、中药、西药治疗 [详细],季德胜蛇药片 穿心莲软胶囊 金钱草胶囊 [详细],1-2周,40%,
神经炎,,周围神经系统,所有人群,无传染性,医保疾病,神经内科,肌电图 花托试验 维生素 [详细],疼痛 刺痛 植物神经功能障碍 感觉障碍 感觉过敏 [详细],进行性肥厚性间质性神经炎 遗传性运动失调性多发性神经炎 股外侧皮神经炎 球后视神经炎 前庭神经炎 [详细],药物治疗 [详细],维生素B1片 氨咖甘片 硝酸硫胺片 [详细],1-3个月,40%,市三甲医院约（3000 —— 5000元）
主动脉硬化,,血液血管,所有人群,无传染性,医保疾病,心血管内科 心胸外科,心肺功能运动试验 心脏血管超声检查 心血管造影 血流变学检查 [详细],胸骨后异物阻塞感及隐痛 胸骨后烧灼样痛 胸骨压痛 收缩期杂音 脉压增宽 [详细],,药物治疗 [详细],应该如何用药？用什么药？ [详细],,70%-80%,
肝脓肿,,肝,肝病患者,无传染性,医保疾病,消化内科 肝胆外科,肝脏B超 肝脏超声检查 肝、胆、脾CT 肝、胆、胰、脾MRI 血清总蛋白 [详细],肚子疼 右上腹痛 持续性疼痛 肝区痛 发烧 [详细],暂无相关资料,药物治疗、手术治疗 [详细],奥硝唑片 奥硝唑胶囊 甲硝唑氯化钠注... [详细],1-3月,90%,不同医院收费标准不一致，市三甲医院约（3000-8000元）
先天性巨结肠,希尔施普龙病,肠,婴幼儿人群,无传染性,医保疾病,外科 消化内科,肛门指检 [详细],充血 肠鸣 不排胎便 新生儿便秘 新生儿腹胀 [详细],肠梗阻 [详细],药物治疗、手术治疗 [详细],葡萄糖氯化钠注... 氯化钠注射液 葡萄糖氯化钠注... [详细],1-3个月,70%,
汗管瘤,"汗管囊瘤,汗管囊肿腺瘤",皮肤,所有人群,无传染性,医保疾病,皮肤科 肿瘤科,,丘疹 出冷汗 出汗异常 [详细],,中医药物治疗、西医药物治疗、手术治疗 [详细],平消胶囊 香茯益血口服液 参一胶囊 [详细],7-14天,70%,
颈动脉狭窄,,颈部 血液血管,无特殊发病群体，中1老年人,无传染性,医保疾病,心血管内科 血管外科,动脉听诊 颈动脉彩超 颈部MRI 放射性核素脑血管显像 [详细],昏迷 失眠 脑缺血 感觉障碍 嗜睡 [详细],短暂性脑缺血发作 [详细],药物治疗、手术治疗 [详细],盐酸氯丙嗪注射... 颈动脉支架系统 颈动脉支架系统 [详细],3个月,60%,市三甲医院约（10000-30000元）
多囊肾,"囊胞肾,肾脏良性多房性囊瘤，Potter(Ⅰ)综合征，Perlmann综合征，先天性肾囊肿瘤病",肾,所有人群,无传染性,医保疾病,肾内科 泌尿外科,肾血管造影 尿常规 腹部平片 肾脏B超 肾脏MRI [详细],双侧肾内痛 血压高 慢性肾功能不全 肾区压痛 肾区钝痛 [详细],,药物治疗、手术治疗 [详细],复方α-酮酸片 吗替麦考酚酯胶... 他克莫司胶囊 [详细],治疗周期15-45天,治愈率20%,
基底细胞癌,"基底细胞上皮瘤,基癌,基底上皮细胞癌,基底样细胞瘤,侵蚀性溃疡,基底细胞瘤,头面部基底细胞癌",皮肤,所有人群,无传染性,医保疾病,肿瘤科 皮肤科,一般摄片检查 MRI 细胞组织化学染色 癌症普查 [详细],红斑鳞屑 毛发稀少 结痂 生长缓慢 硬斑 [详细],湿疹 小儿基底细胞痣综合征 [详细],药物治疗、手术治疗 [详细],注射用重组人干... 重组人干扰素α... 复方斑蝥胶囊 [详细],1-3个月,外科手术治愈率约为85%,
儿童自闭症,"小儿孤独症,儿童非典型发育,儿童孤独症,小儿孤独性情感交往紊乱,小儿广泛性发育障碍,幼年孤独癖,早期婴儿孤独症,童年孤独症",颅脑 心理,婴幼儿,无传染性,非医保疾病,精神病科 心理咨询,脑电图 颅脑MRI 颅脑CT 染色体 SPECT显像 [详细],孤独症 感觉迟钝 认知功能障碍 语言发育迟缓 感觉障碍 [详细],癫痫 结节性硬化症 [详细],中医药物治疗 [详细],通心络胶囊 五氟利多片 十香返生丸 [详细],4-6个月,60%,市三甲医院约（5000-10000元）
病毒性咽炎,,咽喉,所有人群,无传染性,医保疾病,耳鼻喉科 呼吸内科,纤维鼻咽镜 耳、鼻、咽拭子细菌培养 耳鼻咽喉CT [详细],咽部灼热疼痛 咽部粘膜弥漫充血 疱疹 喉咙痒 咽喉干燥充血 [详细],恶寒发热 [详细],药物治疗 [详细],一清颗粒 蓝芩口服液 一清软胶囊 [详细],,80-90%,
高钾血症,"血钾过多,血钾过多症,血内钾过多症",血液血管 全身,无特殊发病群体,无传染性,医保疾病,内分泌科,血清钾 血清钠 尿钾 肾功能 尿钠 [详细],肚子疼 烦躁不安 恶心 神志不清 窒息 [详细],低钾血症 [详细],药物治疗 [详细],稳心颗粒 心可舒胶囊 宁心宝胶囊 [详细],3-7天,80%,
乳头皲裂,乳癣，乳头风,乳房 皮肤,哺乳期女性,无传染性,非医保疾病,妇科,乳房触诊 乳腺B超 [详细],婴儿含吮时乳头刀割样疼痛并渗血 结痂 剧痛 肝炎导致的化脓结痂 乳房红肿热痛 [详细],急性乳腺炎 [详细],中药治疗、西药治疗 [详细],复方薄荷脑软膏 肝素钠乳膏 紫归治裂膏 [详细],7天,95%,
风湿性多肌痛,"风湿性多发性肌痛,风湿性多肌病",肌肉,无特殊发病群体,无传染性,医保疾病,风湿科 中医科,关节镜 血清C反应蛋白 血清类风湿因子 抗核抗体 肌电图 [详细],流行性肌痛 乏力 晨僵 无力 肌肉酸痛 [详细],心肌炎 [详细],药物治疗 [详细],托美丁钠胶囊 酮洛芬缓释片 酮洛芬缓释胶囊 [详细],14天,70%,不同医院收费标准不一致，市三甲医院约（5000-10000元）
疱疹样湿疹,"湿疹,Kaposi水痘样疹，种痘性湿疹,柯萨奇湿疹",皮肤,多发生于5岁以内的儿童、亦可见于成人,无传染性,非医保疾病,皮肤科,白细胞数 单纯疱疹病毒 [详细],脓疱 白细胞减少 婴儿头皮结血痂 恶心 水痘样皮疹 [详细],咽炎 结膜炎 肺炎 [详细],全身和局部用药治疗、中医药治疗 [详细],消风止痒颗粒 复方醋酸地塞米... [详细],3-6个月,对症治疗为主，根治率约为30%,不同医院收费标准不一致，市三甲医院约（500——1000元）
老年人慢性支气管炎,老年慢性支气管炎,肺,吸烟史老年患者,无传染性,非医保疾病,呼吸内科 老年科,胸部疾病体征检查 呼气试验 胸透 白细胞分类计数 支气管镜 [详细],呼吸音粗糙 呼吸音低 喘息 哮鸣音 水肿 [详细],支气管肺炎 支气管扩张 [详细],药物治疗、支持疗法 [详细],金贝痰咳清颗粒 支气管炎片 消咳喘胶囊 [详细],治疗周期14天,治愈率81%,市三甲医院约（5000 —— 8000元）
厌氧菌感染,,全身,所有人群,有传染性,非医保疾病,传染科,厌氧菌的分离与鉴定 厌氧菌检测 半饱和氧分压 动脉血氧含量 [详细],继发感染 白细胞增多 阑尾感染 脓肿 细菌性心内膜炎 [详细],肺炎 脉管炎 败血症 休克 [详细],药物治疗、手术治疗 [详细],甲硝唑氯化钠注... 甲硝唑 甲硝唑片 [详细],7-14天,90%,不同医院收费标准不一致，市三甲医院约（6000—— 10000元）;
格林－巴利综合征,急性炎症性脱髓鞘性多发性神经根炎，Guillain－Barre综合征,脊髓,各年龄组均可发病，以儿童和青壮年多见,无传染性,医保疾病,神经内科,脑脊液检查-化学检查-蛋白质检查 白细胞分类计数 心电图 WBC [详细],呼吸困难 吞咽障碍 感觉障碍 尿潴留 水肿 [详细],抑郁症 焦虑症 [详细],药物治疗 [详细],汉桃叶片 七十味珍珠丸 偏瘫复原丸 [详细],3-6个月,50-70%，有自限性,
羊水过少,,子宫,孕晚期女性,无传染性,医保疾病,产科,产科B超 尿常规 便常规 肝功能 羊水一般检查 [详细],子宫收缩不良 阵发性子宫收缩 宫缩乏力 皮肤干燥 纸样胎儿 [详细],难产 产力异常性难产 [详细],终止妊娠、保守期待 [详细],孕妇金花片 [详细],2-4周,60%,
脚气病,"维生素B1缺乏病,硫胺素缺乏病",足部 皮肤,所有人群,无传染性,医保疾病,皮肤科,尿常规 血液丙酮酸 血乳酸 心电图 维生素B1 [详细],脚臭 趾垂症 食欲减退 心脏扩大 干性脚气 [详细],心力衰竭 [详细],药物治疗 [详细],三维B片 复合维生素B片 干酵母片 [详细],2-4月,95%,
扁平足,,足部,儿童,无传染性,医保疾病,骨科 体检保健科,足轴线偏移 足畸形检查 四肢的骨和关节平片 足长轴与两踝连线的测量 跟轴线测量 [详细],关节疼痛 疲劳 足部肿胀压痛 足掌痛 八字脚步态 [详细],松弛性跖痛症 [详细],手术治疗 [详细],布洛芬乳膏 复方氯唑沙宗片 双氯芬酸二乙胺... [详细],,75%,
慢性糜烂性胃炎,疣状胃炎，痘疹状胃炎,胃,所有人群,无传染性,非医保疾病,消化内科,血红蛋白 [详细],,,药物治疗 [详细],三九胃泰胶囊 [详细],,90%,
睡眠呼吸暂停综合征,"睡眠呼吸暂停综合症,睡眠无呼吸综合征",口 鼻,肥胖人群，老年人,无传染性,医保疾病,呼吸内科 耳鼻喉科,肺功能 动脉血气分析 脑电图 肌电图 呼气高峰流量 [详细],白天嗜睡夜间失眠 打呼噜 头痛 智力减低 男子性功能障碍 [详细],,手术治疗 [详细],睡眠诊断仪 呼吸机 呼吸机 [详细],4-6月,75%,
慢性喉炎,,咽喉,所有人群,无传染性,医保疾病,耳鼻喉科,暂无相关资料,喉部堵塞感 喉头水肿 咽喉部充血 喉部有痰 声音嘶哑 [详细],咳嗽晕厥综合征 慢性咳嗽 虚寒咳嗽 [详细],药物、手术治疗 [详细],喉舒宁片 橘红痰咳煎膏 黄氏响声含片 [详细],1-3年,30%-50%,不同医院收费标准不一致，市三甲医院约（4000 —— 8000元）
锁骨骨折,锁子骨伤,其他骨,多发生在儿童及青壮年,无传染性,医保疾病,骨科,普通透视检查 [详细],上肢外展上举困难 青枝骨折 瘀血 胁部肿胀 压痛 [详细],肺损伤 臂丛神经损伤 血管损伤 [详细],药物、复位、手术治疗 [详细],骨康胶囊 独一味片 骨折挫伤胶囊 [详细],1-3个月,手术治愈率95%,不同医院收费标准不一致，市三甲医院约（10000 —— 50000元）
空调病,,全身,老人、儿童和妇女,无传染性,非医保疾病,体检保健科,,头痛 [详细],,药物治疗 [详细],应该如何用药？用什么药？ [详细],5-10天,90%,
骨盆骨折,,盆骨,所有人群,无传染性,医保疾病,骨科,骶髂关节检查法 骨盆分离试验 骨盆挤压试验 普通透视检查 一般摄片检查 [详细],肚子疼 剧痛 骨盆损伤 漏斗骨盆 膀胱功能障碍 [详细],失血性休克 [详细],手术治疗 [详细],骨康胶囊 麝香接骨胶囊 独一味软胶囊 [详细],180天,88%,
低钠血症,"低钠血,血钠过少",血液血管,较为常见，特别在老年人中,无传染性,医保疾病,肾内科 内科,心电图 血浆蛋白S 颅脑CT 颅脑超声检查 [详细],抽搐 多饮 乏力 昏迷 利尿 [详细],,药物治疗 [详细],呋塞米注射液 注射用依他尼酸... 依他尼酸片 [详细],3-7天,99%,
尿道狭窄,,阴茎 尿道,多见于男性,无传染性,医保疾病,泌尿外科,肾动态显像 阴茎超声检查 精液量 [详细],尿道变粗变硬 排尿障碍 排尿不畅 泌尿道破裂 排尿时外阴灼热、瘙痒或疼痛 [详细],尿路感染 急性附睾炎 尿瘘 腹股沟疝 [详细],药物治疗 [详细],注射用头孢哌酮... 盐酸黄酮哌酯片 盐酸黄酮哌酯片 [详细],国内最认可的有效治疗手段的该病治疗周期（,一般在正规综合三甲医院的典型病例治愈率（,
流行性出血热,出血性肾病肾炎，朝鲜出血热，肾综合征出血热,全身,所有人群,有传染性,医保疾病,传染科 肾内科,尿常规 血清循环免疫复合物 溶解酶 血清抗流行性出血热病毒抗体 血清汉坦病毒抗体 尿液N-乙酰-β-D-氨基葡萄糖苷酶 [详细],眼眶疼痛 食欲减退 面颊及上胸部充血 头昏 血压低 [详细],休克 脑膜炎 出血性疾病 上消化道出血 登革出血热 [详细],药物治疗 [详细],藻酸双酯钠片 肾上腺色腙片 转移因子胶囊 [详细],1-3个月,60%,不同医院收费标准不一致，市三甲医院约（5000-10000元）;
色素斑,,皮肤,青中年多见,无传染性,非医保疾病,皮肤科,,妊娠斑 日晒斑 黑斑 [详细],黄斑裂孔性视网膜脱离 恶性雀斑样痣 特发性黄斑部前膜 脑囊虫病 垂体性侏儒症 [详细],,强脉冲光治疗仪 超声波洁牙机 超声波洁牙机 [详细],,暂无相关资料,
毛状白斑,,口,HIV患者，20至50岁之间高发,无传染性,非医保疾病,皮肤科 传染科,皮肤病的物理检查 [详细],烧灼性疼痛 舌两侧边缘毛状白斑 [详细],人乳头瘤病毒 [详细],中医药物治疗、西医药物治疗 [详细],阿巴卡韦双夫定... [详细],1-2年,40%,市三甲医院约(1000--2000元)
急性气管－支气管炎,,肺,婴幼儿多见,无传染性,非医保疾病,呼吸内科 心胸外科,胸部平片 痰液细菌涂片 痰液的一般性状 痰液免疫学检查 痰液细胞学检查 [详细],小支气管粘膜水肿 干性咳嗽 纤毛上皮细胞损伤脱落 鼻塞 打喷嚏 [详细],肺炎 营养不良 支气管炎 [详细],西药治疗、中药治疗 [详细],清开灵软胶囊 盐酸头孢他美酯... 盐酸头孢他美酯... [详细],治疗周期7天,治愈率97.4%,
子宫内膜结核,,子宫,既往有结核病史的妇女多见,有传染性,医保疾病,妇科,结核菌素皮内试验 结核杆菌检查 妇科常规检查 血清免疫抑制酸性蛋白 浆膜腔积液葡萄糖 解脲脲原体 盆腔和阴道B超 [详细],消瘦 低烧 盗汗 阴道分泌物增多 月经量多 [详细],不孕症 [详细],抗结核治疗 [详细],吡嗪酰胺片 盐酸乙胺丁醇胶... 异烟腙片 [详细],治疗周期9个月,治愈率82.4%,市三甲医院约（5000 —— 10000元）;
铜绿假单胞菌感染,绿脓杆菌感染,全身 肺,在婴儿的脐周、烧伤的表面，在浸渍的趾蹼、外耳道及耳郭亦常发生,无传染性,非医保疾病,传染科 呼吸内科,直接涂片检查 肺和胸膜听诊 WBC 颅脑CT 血液及骨髓细菌培养 [详细],发烧 脓肿 弛张热 稽留热 软组织感染 [详细],ARDS 弥散性血管内凝血 [详细],药物治疗 [详细],氟罗沙星胶囊 盐酸米诺环素胶... 盐酸环丙沙星片 [详细],7-14天,30%,
颈淋巴结结核,瘰疠,颈部 淋巴,所有人群,无传染性,医保疾病,传染科,直接涂片检查 胸透 结核菌素皮内试验 浆膜腔积液蛋白 浆细胞 [详细],淋巴结肿大 急性非化脓性一过性颈淋巴结肿胀 脓肿 皮窦道 溃疡 [详细],颈淋巴结炎 [详细],药物治疗、手术治疗 [详细],异烟肼片 利福平片 [详细],30天,30%,市三甲医院约（3000 —— 5000元）
中心性浆液性脉络膜视网膜病变,"中浆病,复发性中心性视网膜炎,特发性中心性浆液性脉络膜炎",眼,男性比女性更容易患病，约占全部患者的80%，发病年龄多在30-50之间，20%-40%的患者发,无传染性,医保疾病,眼科,视野检查 DR 裂隙灯 眼底镜检查法 [详细],视物变形 视力障碍 视网膜脱离 视物模糊 中心暗点扩大 [详细],视网膜血管炎 视网膜后膜 [详细],手术治疗 药物治疗 支持性治疗 [详细],注射用曲克芦丁 曲克芦丁注射液 注射用曲克芦丁 [详细],1-3个月,55%,
甲状腺功能正常的甲状腺肿大,,甲状腺,青中年多见,无传染性,非医保疾病,内分泌科 内科,血清抗甲状腺抗体 血清促甲状腺激素 甲状腺B超 T3抑制试验 血清甲状腺素 [详细],甲状腺肿大 甲状腺肿 囊性肿块 结节 [详细],甲状腺功能正常的甲状腺肿大 [详细],暂无相关资料,左甲状腺素钠片 夏枯草膏 碘酸钾颗粒 [详细],,暂无相关资料,暂无相关资料
肠道息肉病,肠息肉病,肠 肠,40岁以上的中老年男性,无传染性,非医保疾病,普外科,电子肠镜 纤维肠镜 无痛肠镜 肠镜 结肠造影 [详细],消瘦 腹部不适 便血 肠出血 大便习惯改变 [详细],贫血 [详细],药物治疗、手术治疗 [详细],酚磺乙胺 [详细],1-2周,手术切掉，95%，但易复发,市三甲医院约（3000 —— 8000元）
甲状腺乳头状癌,,甲状腺,儿童或年轻（40岁前）女性,无传染性,非医保疾病,肿瘤科,肿瘤VIP受体显像 [详细],甲状腺肿大 [详细],,,应该如何用药？用什么药？ [详细],,暂无相关资料,
腰部慢性劳损,功能性腰痛，慢性下腰损伤，腰臀肌筋膜炎，腰骶部劳损,腰部 肌肉,30--50岁人,无传染性,非医保疾病,骨科,腰背部检查 腰背痛体格检查 脊椎平片 [详细],剧烈运动后腰痛 弯腰时腰痛 腰软不能直起 肌肉硬结 臀部酸痛 [详细],老年挛缩 髌股关节疼痛 [详细],中药治疗、西药治疗、针灸治疗 [详细],云南白药气雾剂 活血止痛胶囊 泼尼松龙 [详细],8-12周,65%,不同医院收费标准不一致，市三甲医院约（1000 —— 5000元）
睾丸损伤,,睾丸,青壮年多发,无传染性,非医保疾病,男科 泌尿外科,阴囊超声检查 提睾反射 [详细],阴囊肿胀 睾丸萎缩 恶心 瘀斑 血肿形成 [详细],睾丸炎 [详细],手术治疗 [详细],头孢地尼分散片 头孢呋辛酯胶囊 [详细],7--14天,50-70%,
色素痣,"痣细胞痣,黑素细胞痣,痣细胞痣,痣黑素细胞痣",皮肤,几乎每人都有，从婴儿期到年老者都可以发生，青春发育期明显增多,无传染性,医保疾病,皮肤科,物理检查 [详细],斑丘疹 皮肤含铁血黄素沉着 斑疹 胎痣 血管痣 [详细],皮肤癌 [详细],药物治疗 [详细],司莫司汀胶囊 羟基脲片 丹归胶囊 [详细],15-30天,80%,不同医院收费标准不一致，市三甲医院约（3000 —— 5000元）
乳腺腺病,"乳腺小叶硬化病,乳腺硬化性腺病",乳房,妇女，尤其中年妇女多见,无传染性,医保疾病,乳腺外科,外科检查 乳房检查 乳房活检 乳房触诊 钼靶X线检查 [详细],乳腺隐痛 结节 囊肿 经期前乳房痛 腋窝痛 [详细],乳腺癌 [详细],手术治疗、药物治疗 [详细],乳块消胶囊 门冬酰胺片 乳宁片 [详细],2-4月,90%,
阴茎扭转,,阴茎,男性,无传染性,医保疾病,男科 生殖健康,阴茎检查 包皮包茎检查 [详细],阴茎异常勃起 痛性阴茎勃起 [详细],尿道下裂 [详细],手术治疗 [详细],应该如何用药？用什么药？ [详细],1-2周,80%,
二尖瓣狭窄,,心脏,中青年女性多见,无传染性,医保疾病,心血管内科 心胸外科,心电图 胸部平片 二维超声心动图 M型超声心动图 选择性心血管造影 [详细],卵圆孔闭合不全 端坐呼吸 心尖部第1心音亢进 心脏排血受阻 呼吸困难 [详细],充血性心力衰竭 亚急性感染性心内膜炎 [详细],药物治疗、手术治疗 [详细],水杨酸钠片 乙酰水杨酸孕烯... 滋心阴胶囊 [详细],3个月,60%,不同医院收费标准不一致，市三甲医院约（50000-100000元）
大肠湿热,,肠,所有人群,无传染性,非医保疾病,中医科 消化内科,直接涂片检查 [详细],腹痛腹泻 里急后重 脓血便 小便短赤 苔黄腻 [详细],阿米巴结肠炎 溃疡性结肠炎 弯曲菌性肠炎 慢性溃疡性结肠炎 副鼻窦炎 [详细],药物治疗 [详细],解毒止泻胶囊 苋菜黄连素胶囊 盐酸小檗碱片 [详细],4-6周,60-80%,市三甲医院约（1000 —— 3000元）
滴虫病,"毛滴虫病,膣炎,膣炎症",女性生殖 尿道,成年妇女，性活跃人群多见,有传染性,医保疾病,妇科 传染科,白带常规 寄生虫检查的浓聚法 虫卵计数法 粪细菌培养 粪便寄生虫 [详细],阴道脓性分泌物 急性阴道感染 瘙痒 外阴烧灼刺激感 排尿时外阴灼热、瘙痒或疼痛 [详细],膀胱炎 不孕症 [详细],中医药物治疗、西医药物治疗 [详细],抗宫炎片 妇科千金片 抗妇炎胶囊 [详细],6-8周,85%,
先天性胆道闭锁,胆道闭锁,胆,女多于男，约1．5：1,无传染性,医保疾病,儿科 消化内科,血清总胆红素 十二指肠引流液一般性状 肝脏超声检查 血清胆汁酸 胆囊B超 [详细],静脉曲张 肝内淤胆 肝脾肿大 门脉高压 维生素D缺乏 [详细],门静脉高压症 黄疸 [详细],手术治疗 [详细],胆石通胶囊 复方胆通片 健康补脾丸 [详细],1个月,50%,不同医院收费标准不一致，市三甲医院约（5000-10000元）
糖尿病性视网膜病变,糖尿病性视网膜病,胰腺 眼,糖尿病患者,无传染性,医保疾病,内分泌科 眼科,眼底荧光血管造影 肾功能 血清胆固醇酯 DR [详细],视网膜出血 多尿 视网膜水肿 视物变形 眼底改变 [详细],高血压 视网膜脱落 [详细],一般治疗、药物治疗、中药治疗、物理治疗、手术治疗 [详细],羟苯磺酸钙胶囊 格列喹酮片 木糖醇注射液 [详细],终身治疗,终身治疗,市三甲医院约（10000——50000元）
胁痛,,胸部,急慢性肝炎、胆囊炎、胆结石、胆道蛔虫、肋间神经痛的患者多见,无传染性,非医保疾病,中医科 肝胆外科,肝功能 [详细],疼痛 刺痛 隐痛 胀痛 窜痛 [详细],肝胆湿热 发作性睡病 肝炎 血吸虫病与肝胆疾病 脑囊虫病 [详细],中药治疗、西药治疗、手术治疗 [详细],元胡止痛胶囊 龙胆泻肝丸 消炎利胆片 [详细],2-5周,99%,
破水,胎膜早破,子宫,妊娠,无传染性,医保疾病,产科,白带常规 阴道分泌物涂片 [详细],阴道出血 肚子疼 胎盘前置 胎膜破裂 阴道分泌物增多 [详细],早产 [详细],引产、剖宫产 [详细],妇康丸 盐酸利托君注射... [详细],3-7天。,经过分泌治疗后，100%可以痊愈,
乳管内乳头状瘤,,乳房,多见于经产妇，40～50岁为多,无传染性,医保疾病,乳腺外科 肿瘤科,乳房视诊 乳腺导管造影 乳房触诊 乳房摄片 乳腺B超 [详细],泌乳障碍 乳房肿块 乳腺刺痛 乳头发炎 乳头溢出血性或棕色浆液性液体 [详细],乳管内乳头状瘤 乳头状小汗腺腺瘤 乳房导管内乳头状瘤 [详细],手术治疗 [详细],平消片 平消胶囊 消肿片 [详细],10-30天,70%,
高血压脑出血,,颅脑 血液血管,常发生于50～70岁，男性略多，冬春季易发,无传染性,非医保疾病,脑外科,颅脑CT 颅脑MRI 脑脊液生长抑素 [详细],昏迷 深感觉障碍 脑叶出血 高热 中枢性发热 [详细],肺水肿 休克 [详细],药物、手术治疗 [详细],复方三嗪芦丁片 芦丁片 芦丁片 [详细],手术治疗周期14天,治愈率79%,市三甲医院约（50000 —— 80000元）
下背部痛,,腰部,发病率有随年龄上升的趋势，在大于60岁的人群中高达半数。,无传染性,非医保疾病,神经内科 内科,肌电图 四肢的骨和关节平片 X线碘油造影 腰背部检查 脊柱MRI [详细],肌痛 肌肉压痛 焦虑 紧张 剧烈疼痛 [详细],腰椎间盘突出 坐骨神经痛 [详细],,麝香壮骨膏 [详细],,暂无相关资料,
急性黄疸型肝炎,,肝,所有人群,有传染性,医保疾病,肝炎 消化内科,肝功能 白细胞分类计数 白细胞数 心电图 α2-HS-糖蛋白 血清甲状腺素结合前白蛋白 血清Ⅳ型胶原蛋白 血清α2-热稳定性糖蛋白 尿酚红排泄试验 尿三胆 [详细],厌食 恶心与呕吐 苔黄腻 肝脾肿大 关节酸痛 [详细],,,当飞利肝宁胶囊 当飞利肝宁片 金酸萍片 [详细],,,
高血压性脑出血,,颅脑 血液血管,多发生于50～70岁，男性略多，冬春季易发,无传染性,医保疾病,脑外科,脑血流测定 颅脑MRI 颅脑CT 脑脊液神经肽 脑电图 [详细],情绪性高血压 伴高血压 小脑出血 丘脑出血 剧烈头痛 [详细],偏瘫型偏头痛 瘫痪 脑出血 [详细],药物治疗、手术治疗 [详细],复方三嗪芦丁片 芦丁片 脑血康滴丸 [详细],7-10天,30%,不同医院收费标准不一致，市三甲医院约（20000 —— 50000元）
尺神经损伤,,上肢骨,青少年、老年群体,无传染性,医保疾病,骨科 手外科,神经系统检查 肌电图 拇收肌肌力试验 花托试验 小指屈指试验 [详细],拇指和食指不能对掌成完好的“O”形 不能向尺侧屈腕及屈环小指远侧指关节 病理性神经损伤 无力 小指感觉消失 [详细],,手术治疗、药物治疗 [详细],贝诺酯胶囊 珊瑚七十味丸 腺苷钴胺片 [详细],1个月,85%,
低钙血症,低血钙,血液血管,甲状旁腺功能异常及老年人多见,无传染性,医保疾病,内分泌科 内科,肝功能 肾功能 心电图 眼科检查 血清钙 [详细],睡觉时小腿抽筋 手酸 骨软化 抽搐 面部叩击征 [详细],窦性心动过速 房室传导阻滞 充血性心力衰竭 [详细],药物治疗 支持性治疗 [详细],牡蛎碳酸钙颗粒 维D2磷酸氢钙片 小儿四维葡钙颗... [详细],7-30天,80%,
宫颈腺癌,,子宫,更年期女性,无传染性,非医保疾病,肿瘤科 妇科,子宫颈涂片测试 阴道镜 [详细],阴道分泌物增多 白带增多 肛门坠胀 绝经 绝经后出血 [详细],乳腺癌 直肠癌 [详细],手术治疗 [详细],宫颈癌片 宫颈癌片 [详细],,60%,
小儿幽门螺杆菌感染,儿童幽门螺杆菌感染,胃,儿童人群,有传染性,非医保疾病,消化内科 儿科,幽门螺杆菌检测 胃液尿素 免疫印迹技术 幽门螺旋杆菌血清学测试 幽门螺旋杆菌的免疫学检测 [详细],烦躁不安 嗳气 恶心 消化不良 腹胀 [详细],贫血 萎缩性胃炎 胃癌 胃溃疡 十二指肠溃疡 [详细],药物治疗 [详细],阿莫西林 呋喃唑酮 甲硝唑 [详细],2-6周,95%,
男性乳腺癌,男性乳癌,乳房,家族中都有亲人患有类似的疾病着多见。男性乳腺癌在60以上者最为常见，但近亲有乳腺癌,无传染性,非医保疾病,肿瘤科 乳腺外科,钼靶X线检查 血清抗普肯耶细胞抗体 p53基因 [详细],瘙痒 溃疡 皮肤发红 乳头湿疹 [详细],乳头溢液 [详细],药物治疗、手术治疗、支持治疗 [详细],应该如何用药？用什么药？ [详细],1-2个月,50%,
老年男性性功能障碍,,男性生殖 心理,中老年男性,无传染性,非医保疾病,男科 老年科,性别观察 阴茎检查 阴茎海绵体血管活性物质注射 阴茎海绵体造影 阴茎夜间勃起试验 [详细],性欲减退 心理性性功能障碍 男子性功能障碍 [详细],性功能异常伴发的精神障碍 [详细],中西医药物治疗 [详细],肾宝糖浆 知柏地黄丸 壮阳春胶囊 [详细],3-6个月,60-80%,市三甲医院约（2000 —— 3000元）
口周皮炎,"鼻唇沟皮炎,光感性皮脂溢出疹,酒渣鼻样皮炎,口周酒渣鼻,口周脂溢性皮炎,口周综合征",皮肤,20～35岁之间的女性,无传染性,医保疾病,皮肤科 口腔科,真菌组织病理学 皮肤涂片显微镜检查 免疫病理检查 [详细],疱疹 脓疱 斑丘疹 斑疹 口唇周围有炎性鳞状皮肤 [详细],剥脱性唇炎 唇病 唇裂 浆细胞性唇炎 小儿双唇综合征 [详细],中医药物治疗、西医药物治疗 [详细],氯霉素搽剂 克林霉素甲硝唑... 发用洗剂 [详细],2-5月,95%,
孕吐,妊娠呕吐,女性生殖 胃,孕妇,无传染性,医保疾病,产科 妇产科,血液检查 心电图 血清游离蛋白S 肝功能 血红蛋白 [详细],停经 混合型酸碱平衡紊乱 妊娠期的生理变化 疲乏 唇干裂 [详细],休克 眼球震颤 肺水肿 胎儿生长受限 [详细],中药、西药 [详细],产妇康洗液 复方乌鳢口服液 维生素B6 [详细],10天,98%(经过系统调整，98%都能安全度过。),
荨麻疹和血管性水肿,"风疹块,血管神经性水肿",皮肤,有过敏性体质者多见,无传染性,非医保疾病,皮肤科,血清补体C1q 血清循环免疫复合物 激发试验 光敏感试验 过敏原检测 [详细],旅行者水肿 手掌硬性水肿 风团 头痛 剧痒 [详细],瘙痒症 [详细],药物治疗、急救措施 [详细],依巴斯汀片 依巴斯汀片 盐酸左西替利嗪... [详细],1-2年,对症治疗为主，完全治愈率约为30%,
慢性鼻窦炎,慢性化脓性鼻窦炎,鼻,所有人群均易发生、低龄、年老体弱者更多见,无传染性,医保疾病,耳鼻喉科,鼻腔检查 副鼻窦造影 体位引流 血清EB病毒壳抗原IgA抗体 [详细],阵发性鼻塞 脓鼻涕增多且不易擤尽 增殖腺肥大 鼻塞 头痛 [详细],骨膜炎 脑脓肿 脉管炎 [详细],药物治疗 [详细],荔花鼻窦炎片 鼻窦炎口服液 香菊片 [详细],10天,90%,不同医院收费标准不一致，市三甲医院约（300 —— 500元）
女性急性淋病,,盆腔 女性生殖,青壮年多见,有传染性,非医保疾病,性病科,产检 [详细],排尿时外阴灼热、瘙痒或疼痛 尿频 尿急 尿痛 尿道烧灼感 [详细],前庭大腺炎 肛周炎 盆腔炎 [详细],,>> 应该如何用药？用什么药？ [详细],,,
手足皲裂,"手足破裂,皲裂伤口",皮肤,所有人群,无传染性,医保疾病,皮肤科,皮损 [详细],皮肤干燥 皮肤皴裂 手脱皮 脚底干裂 皮肤皲裂 [详细],皲裂疮 [详细],药物治疗 [详细],复方愈创蓝油烃... 肝素钠乳膏 肝素钠乳膏 [详细],3-6月,95%,
糖尿病乳酸性酸中毒,,全身,糖尿病患者血糖控制不稳定着多发,无传染性,非医保疾病,内分泌科 内科,血乳酸 阴离子间隙 [详细],恶心 血压下降 糖尿 恶心与呕吐 血压低 [详细],糖尿病性神经病 糖尿病性视网膜病变 [详细],药物治疗、预防治疗、透析治疗 [详细],肠内营养混悬液... 碳酸氢钠片 碳酸氢钠 [详细],3个月,40%,不同医院收费标准不一致，市三甲医院约10000--30000
慢性附件炎,,女性生殖,大多发生在产后、剖宫产后、流产后、各种妇科手术后，多为育龄期妇女,无传染性,医保疾病,妇科,子宫及附件检查 盆腔和阴道B超 盆腔CT [详细],肚子疼 下腹坠胀 白带增多 月经失调 腰骶部酸痛 [详细],暂无相关资料,暂无相关资料,妇炎康丸 妇炎康软胶囊 黄藤素阴道凝胶 [详细],,暂无相关资料,暂无相关资料
小儿急性阑尾炎,"小儿盲肠炎,儿童急性阑尾炎",阑尾,5岁以上的儿童多见,无传染性,非医保疾病,儿科 外科,肛门指检 腹部平片 胃肠道疾病的超声检查 尿常规 [详细],肠鸣 腹胀 肚子疼 下腹疼痛 小儿发热 [详细],盆腔脓肿 粘连性肠梗阻 粪瘘 [详细],,阑尾消炎片 [详细],,暂无相关资料,
新生儿窒息,"草迷,初生不啼,闷气生,梦生,新生儿呼吸暂停症,婴儿假死症",肺,新生儿,无传染性,医保疾病,儿科 呼吸内科,动脉血气分析 血液电解质 羊膜镜 胸部平片 胸透 [详细],皮肤苍白 呼吸浅慢 呼吸抑制 新生儿心力衰竭 面色青紫 [详细],新生儿惊厥 脑干损伤 [详细],药物治疗、手术治疗 [详细],细胞色素C注射 盐酸洛贝林注射... 盐酸洛贝林注射... [详细],1-2周,80%,
苯中毒,,全身,所有人群,无传染性,医保疾病,急诊科 呼吸内科,职业病检查项目 骨髓象分析 先令氏指数 [详细],步态不稳 恶心 白细胞减少 抽搐 感觉障碍 [详细],贫血 [详细],药物治疗、支持疗法 [详细],维生素B4片 维生素B4片 茜草双酯片 [详细],国内最认可的有效治疗手段的该病治疗周期（,一般在正规综合三甲医院的典型病例治愈率（,
死胎,胎死宫内,子宫,孕妇人群,无传染性,非医保疾病,产科 急诊科,产科B超 胎心胎动 胎心音 血清类固醇结合β-球蛋白 β1-妊娠特异蛋白 [详细],胎儿宫内窒息 体重减轻 胎心音消失（无胎心音） 胎动减少 疲乏 [详细],子宫收缩乏力 [详细],手术治疗 [详细],胎宝胶囊 嗣育保胎丸 鹿胎颗粒 [详细],1周,明确原因后，通常有激素的分泌异常，治愈率,
常年性鼻炎,,鼻,可发生于任何年龄，男女均有，易见于年轻人。,无传染性,非医保疾病,耳鼻喉科 五官科,耳鼻咽喉CT 纤维鼻咽镜 鼻部功能检查 前鼻镜 [详细],侧卧时位于下侧鼻腔出现鼻塞 鼻分泌物增多 回吸性涕血 鼻塞 息肉 [详细],鼻窦炎 鼻息肉 [详细],中医药物治疗、西医药物治疗 [详细],鼻炎康片 滴通鼻炎水 滴通鼻炎水 [详细],3个月,40%,不同医院收费标准不一致，市三甲医院约（500 —— 1000元）
神经鞘瘤,神经膜纤维瘤，许旺氏细胞瘤，雪旺瘤，外周神经胶质瘤,周围神经系统,患者多为30～40岁的中年人,无传染性,非医保疾病,肿瘤科 神经内科,ECT 神经系统检查 神经系统细胞学检查 神经系统免疫学检验 神经系统核医学检查 [详细],单发性坚实性结节 运动功能障碍 感觉障碍 声音嘶哑 结节 [详细],脑脊液漏 面神经损伤 [详细],病因治疗、对症治疗 [详细],苦参碱氯化钠注... 红霉素肠溶片 红霉素肠溶胶囊 [详细],2-3周,100%能够治愈,
妊娠期内胆汁淤积症,妊娠性肝内胆汁郁积,肝 女性生殖,妊娠中、晚期多见,无传染性,非医保疾病,产科 肝胆外科,血清胆汁酸 血清总胆红素 胆囊B超 孕产期检查 [详细],瘙痒 失眠 恶心 食欲减退 皮肤瘙痒 [详细],妊娠高血压 [详细],,熊去氧胆酸 [详细],,暂无相关资料,
结核性脑膜炎,结脑,颅脑,肺结核群体多见,有传染性,医保疾病,神经内科 传染科,WBC 聚合酶链反应技术 胸部平片 MRI 颈项强直 [详细],消瘦 颈部强硬 脉搏细速 食欲减退 惊厥 [详细],癫痫 意识障碍 [详细],药物治疗 [详细],异烟肼 利福平 地塞米松 [详细],1-3个月,10%,市三甲医院约（500-1000元）
宫颈上皮内瘤变,宫颈上皮内瘤,子宫,生育期妇女,无传染性,非医保疾病,妇科 肿瘤科,宫颈检查 涂片 阴道镜 [详细],白带增多 宫颈肥大 息肉 脓血性白带 [详细],宫颈复发癌 [详细],物理治疗，手术治疗。 [详细],复方环磷酰胺片 复方斑蝥胶囊 消癌平糖浆 [详细],10天,70%,
慢性单纯性鼻炎,慢性鼻炎,鼻,反复急性鼻炎发作史者多见,无传染性,医保疾病,耳鼻喉科,鼻腔检查 组胺吸入试验 鼻腔内镜 激发试验 [详细],鼻塞 呼吸气为腐臭味 脓鼻涕增多且不易擤尽 流鼻涕 咳嗽 [详细],硬脑膜外脓肿 硬脑膜下脓肿 脑脓肿 [详细],中药治疗、西药治疗、手术治疗 [详细],鼻窦炎口服液 防芷鼻炎片 滴通鼻炎水 [详细],10天,80%,不同医院收费标准不一致，市三甲医院约（2000 —— 5000元
老年人前列腺癌,老年前列腺癌,前列腺,有前列腺疾病史的老年男性多见,无传染性,非医保疾病,肿瘤科 泌尿外科,前列腺液细胞 血清前列腺酸性磷酸酶 前列腺B超 血清前列腺特异性抗原 前列腺检查 [详细],尿流缓慢 尿频 尿急 尿流中断 下肢浮肿 [详细],血尿 贫血 [详细],手术治疗、西医药物治疗 [详细],前列通瘀胶囊 前列回春丸 [详细],1-2年,40-50%，发现后通常都伴有骨转移,
海绵状血管瘤,"单纯性血管瘤,先天血管瘤,草莓样血管瘤,草莓状血管瘤,先天性血管瘤,毛细血管扩张痣,毛细血管瘤",血液血管,海绵状血管瘤好发于30～40岁，亦有部分为先天性,无传染性,医保疾病,血管外科 皮肤科,肿瘤标志物 细胞组织化学染色 皮损 免疫病理检查 [详细],静脉曲张 蓝色橡皮大疱痣 鲜红斑痣 血管畸形 脑室出血 [详细],血管瘤 癫痫 贫血 [详细],手术治疗、药物治疗 [详细],注射用盐酸平阳... 肝复乐片 [详细],3-6周,75%,
腓骨肌萎缩症,"遗传性运动感觉神经病,Charcot-Marie-Tooth综合征",小腿,所有人群,无传染性,非医保疾病,神经内科 骨科,肌电图 脑脊液检查-化学检查-蛋白质检查 呼吸肌张力 趾长伸肌肌力试验 [详细],跨阈步态 肌肉的失用性萎缩 腓骨肌对称萎缩逐渐向上发展 营养障碍 腱反射消失 [详细],视神经萎缩 [详细],药物治疗、对症支持治疗 [详细],痹祺胶囊 硫唑嘌呤片 复方氯唑沙宗片 [详细],2-4月,85%,
坏血病,"维生素C缺乏病,抗坏血酸缺乏,抗坏血酸缺乏病,维生素C营养缺陷病，青腿牙疳",全身,维生素C缺乏者易发生,无传染性,医保疾病,儿科 营养科,毛细血管脆性试验 尿维生素C 血清酪氨酸 血清碱性磷酸酶 四肢透视 [详细],皮肤皴裂 皮肤干而发红 维生素C缺乏 细菌感染 衰弱 [详细],骨质疏松 营养不良 中耳炎 疖 肺炎 [详细],药物治疗 [详细],口服五维葡萄糖 维生素B2片 维生素C片 [详细],,90%,
压力性尿失禁,,尿道 心理,高发年龄为45～55岁,无传染性,医保疾病,泌尿外科,膀胱造影 [详细],暂无相关资料,暂无相关资料,药物治疗 [详细],可调节单切口吊... 耻骨后经阴道前... 尿道悬吊带 [详细],2-4周,70%,市三甲医院约（3000 —— 5000元
IgA肾病,IgA肾炎,肾 免疫系统,多发于儿童和青年，10岁以前50岁以后不常见。,无传染性,非医保疾病,肾内科 风湿科,尿常规 血清免疫球蛋白A 血清循环免疫复合物 尿蛋白质 血清肌酐 [详细],小血管纤维性坏死 水肿 低烧 肚子疼 蛋白尿 [详细],血尿 高血压 [详细],药物治疗 [详细],肾炎康复片 肾炎康复片 肾炎舒片 [详细],大部分需要终身治疗,控制症状为主，根治率约为30%,
肺性脑病,肺心脑综合征，肺厥,颅脑 肺,慢性支气管炎并发肺气肿、肺源性心脏病及肺功能衰竭者多见,无传染性,医保疾病,呼吸内科 神经内科,动脉血气分析 脑电图 二氧化碳结合力 二氧化碳分压 红细胞检查 [详细],肺性肥大 肺积水 心肺栓塞 肺部肿块 头痛 [详细],老年人慢性肾功能衰竭 [详细],药物治疗 [详细],甘油果糖氯化钠... 克拉霉素片 甘油果糖氯化钠... [详细],10-30天,30%,不同医院收费标准不一致，市三甲医院约（3000 —— 8000元）
腹股沟疝,腹股沟疝气,腹部,斜疝多见于儿童及青壮年。直疝多见于老年人,无传染性,医保疾病,肛肠外科 胃肠外科,液波震颤 [详细],腹股沟疼痛 腹股沟区可复性肿块 疝区的疼痛或坠胀感 恶心与呕吐 消化不良 [详细],嵌顿性腹股沟斜疝 复发性腹股沟疝 腹股沟滑动疝 老人腹股沟斜疝 成人腹股沟斜疝 [详细],手术治疗 [详细],腹股沟疝修补网 疝补片 疝气补片 [详细],7--21天,80%,
胃潴留,胃排空延迟,胃,长期不规律饮食者,无传染性,医保疾病,消化内科,胃钡餐造影 胃肠道疾病的超声检查 胃总酸度 纤维胃镜 [详细],肚子疼 钝痛 空腹时腹部有振水声者 体重减轻 脘痞腹胀 [详细],贫血 [详细],手术、胃肠减压、补液 [详细],奥美拉唑钠肠溶... 虚寒胃痛胶囊 胃友新片 [详细],2-5周,99%可以治愈,
潮热,,皮肤,更年期女性,无传染性,非医保疾病,中医科 妇科,雌激素 [详细],午后潮热 焦虑 心跳加快 颧红盗汗 干咳 [详细],慢性咳嗽 发作性睡病 颅咽管瘤 恶寒发热 小儿风湿热 [详细],中医治疗、药物治疗 [详细],脑力宝丸 六味地黄丸 六味地黄丸 [详细],3-6个月,60-70%,市三甲医院约（500 —— 1000元）
原发性早泄,,男性生殖,成年男性多发,无传染性,非医保疾病,男科 泌尿外科,SW阴茎超声血流检测 性激素六项 [详细],男子性功能障碍 心理性性功能障碍 心理伤害 [详细],,,应该如何用药？用什么药？ [详细],,暂无相关资料,
老年人心力衰竭,"老年人心肌衰竭,老年人心衰竭,老年人心脏衰弱,老年心力衰竭",心脏 全身,老年人有心脏疾病者多见,无传染性,非医保疾病,心血管内科 老年科,心电图 动态心电图 多普勒超声心动图 平衡法放射性核素心血管造影 心血管MRI [详细],消瘦 恶病质 食欲不振 焦虑 烦躁不安 [详细],心原性肝硬化 [详细],药物治疗 [详细],>> 应该如何用药？用什么药？ [详细],,30%,市三甲医院约（3000 ——10000元）
咽部异物,,咽喉,儿童多见,无传染性,医保疾病,耳鼻喉科,耳鼻咽喉CT [详细],舌口及咽部烧灼感 呛咳 鼻咽异物 发烧 充血 [详细],肺炎 急性纵隔炎 [详细],药物、手术治疗 [详细],利咽灵片 黄氏响声含片 鼻咽灵片 [详细],2-4周,90%,
急性糜烂性胃炎,急性糜烂出血性胃炎，急性胃黏膜病变，出血糜烂性胃炎，出血性胃炎，急性胃溃疡，应激性溃疡,胃,服用非甾体类消炎镇痛药，酗酒，烧伤，重要脏器功能衰竭者多见,无传染性,医保疾病,消化内科,胃钡餐造影 食道X线钡餐 纤维胃镜 [详细],剧痛 恶心 胃肠道症状 反复呕血 上腹部疼痛 [详细],失血性休克 溃疡病大出血 腹膜炎 休克 [详细],药物治疗 [详细],替普瑞酮 奥美拉唑肠溶胶... 庆大霉素普鲁卡... [详细],3-10天,90%,
代谢性酸中毒,,全身,酮症酸中毒多见于糖尿病患者,无传染性,医保疾病,血液科 内分泌科,动脉血气分析 血液电解质 尿常规 肝功能 肾功能 [详细],恶心 酮症酸中毒 正弦胎心率 肚子疼 心动过缓 [详细],高钾血症 [详细],病因治疗、对症治疗 [详细],枸橼酸钾缓释片 枸橼酸钾口服溶... 乳酸钠林格注射... [详细],2-5周,98%,
小儿毛细支气管炎,,肺 心脏,仅见于2岁以下婴幼儿，多数是1～6个月的小婴儿,无传染性,非医保疾病,儿科 呼吸内科,胸部平片 鼻咽部活组织检查 动脉血气分析 [详细],三凹征 干啰音 干咳 发绀 咳嗽 [详细],代谢性酸中毒 心力衰竭 脱水 [详细],,异丙嗪胆汁片 异丙嗪胆汁片 异丙嗪胆汁片 [详细],,暂无相关资料,
结节性痒疹,海德病,皮肤,成年女性,无传染性,医保疾病,皮肤科 中西医结合科,皮损 [详细],结节 紧张 脓疱 鳞屑 夏季痒疹 [详细],湿疹 [详细],中医药物治疗、西医药物治疗、物理治疗 [详细],复方水杨酸樟碘... 乌蛇止痒丸 泼尼松龙 [详细],1-3年,对症治疗为主，根治患者占30-40%,市三甲医院约（100——1000元）
糖尿病性神经病,,颅脑 胰腺,中老年,无传染性,非医保疾病,神经内科 内分泌科,尿酮体 肌电图 尿葡萄糖 [详细],低血糖性昏迷 感觉障碍 消瘦 高渗性昏迷 周围神经损害 [详细],脑梗死 [详细],西药 [详细],普瑞巴林胶囊 甲钴胺片 参芪降糖胶囊 [详细],1-3个月,20%,不同医院收费标准不一致，市三甲医院约（10000 —— 50000元）
尿路梗阻,尿道梗阻,尿道,60岁以上的男性多见,无传染性,医保疾病,泌尿外科,神经系统检查 磁共振水成像 血清氯 膀胱造影 膀胱逼尿肌功能 [详细],尿流呈波动状 排尿障碍 胱氨酸储积症 腹胀 复杂性尿路感染 [详细],尿路感染 [详细],手术治疗 [详细],翁沥通胶囊 复方雪参胶囊 盐酸坦洛新缓释... [详细],2-4周,70%,
干燥性鼻炎,,鼻,是一种常见的职业性慢性鼻炎，长期受环境刺激者多发,无传染性,非医保疾病,耳鼻喉科,鼻腔检查 前鼻镜 [详细],鼻孔干疼 鼻痒 鼻咽腔狭窄 挖鼻孔 鼻内似有擤不出的鼻涕 [详细],,,鼻血止颗粒 鼻腔冲洗器 [详细],,暂无相关资料,
卵巢巧克力囊肿破裂,卵巢子宫内膜异位囊肿破裂,卵巢,中青年女性，卵巢巧克力囊肿月经期前后易破裂,无传染性,非医保疾病,妇科,血清抗子宫内膜抗体 MRI [详细],阴道不规则出血 盆腔坠痛 恶心 反复出血 肚子疼 [详细],出血性疾病 [详细],手术治疗、西药治疗 [详细],新生化颗粒 胞磷胆碱钠葡萄... 醋酸甲羟孕酮片 [详细],伴有贫血者需2-3个月,手术治愈率约80%,
湿热下注,,膀胱,中青年多见,无传染性,非医保疾病,中医科,暂无相关资料,小便短赤 疲乏 尿频 尿急 尿痛 [详细],暂无相关资料,暂无相关资料,金鸡胶囊 抗宫炎片 消糜阴道泡腾片 [详细],,暂无相关资料,暂无相关资料
